1309116826.6,12.6,3
1309117967.52,12.6,3
1309118687.86,12.05,1
1309120668.72,12.01,1
1309121989.58,11.9,7.99
1309122409.92,12,10
1309124571.13,12.02,0.4
1309127572.58,12.0,2.25
1309130155.05,12.11,1.7
1309153663.39,12.12,1
1309158166.74,12.6,3.3
1309161889.27,12.03,1
1309163990.86,12.7,1.5
1309164471.25,12.7,1.5
1309171916.24,12.7,1.5
1309183203.44,12.2,3
1309186986.1,12.5,1
1309188427.18,12.5,1.04
1309189207.78,12.5,6.96
1309189928.35,12.5,2
1309192029.95,12.2,2
1309195152.36,12.5,2
1309195992.99,12,3
1309198754.3,11.95,3
1309201635.67,12.5,1
1309221543.08,12.37,6
1309233998.31,12.2,3
1309240662.79,12.3,1.6
1309243784.81,12.3,2.4
1309279874.14,12.15,1.7
1309283537.15,12.0,8.5
1309289661.93,12.2691085271,25.8
1309295126.3,12.25,2.08
1309298669.33,12.3,7
1309322184.93,12.3,7
1309334673.22,12.0,0.4
1309336955.5,12,1
1309338396.94,12.0,1.11
1309341159.7,12,4
1309343261.8,12.22,2.5
1309343742.28,12.22,2
1309388632.83,12.1,6
1309389893.57,12.2,5.3
1309430176.18,12,1
1309430956.73,12.1,1.26
1309432037.57,12.1,1.26
1309436300.23,11.97,1.67
1309443685.49,12,3
1309443925.63,12,2
1309446807.65,11.97,1
1309449209.16,12.0,1.71
1309458815.45,12,2
1309475741.3,11.9,1
1309496274.06,11.25,1
1309502518.53,11.25,1
1309508102.57,11.1,10
1309512786.3,11.3,1
1309519931.64,11.3,5
1309521192.8,11.5,3.7
1309532481.65,10.7,4
1309532902.02,10.7,0.24
1309537225.37,11.49,4
1309539987.66,11.5,2.65
1309545692.29,11.2,5
1309547493.68,11,2
1309557581.72,11.36,2.06
1309562926.3,11.5,6.4
1309583400.75,11.5,6.4
1309596729.27,11.01,13.58
1309599311.15,11,1
1309660619.52,10.75,1.4
1309683854.61,10.75,1
1309686795.89,10.75,5
1309690757.73,10.76,1.5
1309695980.53,10.99,5
1309696761.17,10.76,2.5
1309700243.46,10.76,2.5
1309701263.76,10.76,0.5
1309703184.34,10.99,4
1309707926.91,11.0,3.08
1309709908.28,10.95,3
1309712369.45,10.95,3
1309713210.17,11,5
1309714110.85,11.0,2.57
1309715972.17,11.0,2.1
1309718674.32,11,4
1309720476.02,11,4
1309723237.73,11,1
1309730503.51,10.9,4
1309730923.73,10.99,1.25
1309731344.03,11.0,1.75
1309734586.85,10.9,1
1309738310.25,11.0,5.22
1309763596.51,11.0,5.22
1309764677.73,11,1
1309766119.15,11.0,0.24
1309771404.9,11,1
1309771765.26,11.4,1.5
1309773086.8,11.15,1
1309774828.54,11,1
1309780834.68,10.8,1
1309781735.58,10.9,1.31
1309783417.53,10.7,1.09
1309785640.07,11,1
1309785820.47,11,1
1309786661.3,11.0,0.51
1309787562.3,11,1
1309788042.78,10.99,1.05
1309788162.9,11.0,0.99
1309788343.15,10.75,4
1309788463.27,11,3
1309788883.69,11,1
1309789063.87,11,2
1309790445.38,10.95,5
1309790685.62,10.8,2.1
1309792007.09,11.5,3
1309793388.49,10.7,8.91
1309793508.61,11.3,1
1309793809.17,11.5,6
1309794650.03,11.8,1.1
1309794770.15,10.5477464789,14.91
1309795310.69,10.5,1
1309795370.76,10.5,4
1309795911.3,10.75,2
1309795971.36,10.45,1
1309796451.84,10.63,5
1309796511.9,10.52,1
1309797472.93,10.75,3
1309798253.95,10.5,1
1309799094.79,10.5,3
1309799154.85,10.5,1.66
1309801257.72,11.01,5
1309801317.78,11.01,5
1309802038.68,11,1
1309803480.57,10.3,5
1309803600.69,11.98,20
1309806484.46,11,1
1309806724.7,10.95,6
1309807685.73,10.85,2.52
1309807745.79,10.1,4
1309807986.03,10.7080291971,5.48
1309808286.33,10.11,2.1
1309809187.22,10.1,6
1309812070.11,11,1
1309812430.45,10.99,1.05
1309813932.07,10.75,0.87
1309814592.76,11,1
1309816514.81,10.75,2
1309817295.82,12.75,1
1309817355.88,12.75,2
1309819518.74,10.49,1.5
1309821381.33,10.01,6.07
1309821982.16,10.59,2.09
1309823303.44,10.5,10
1309843422.53,11.21,2
1309844143.42,10.767106599,3.94
1309844984.34,10.5,1
1309846005.35,10.6,3.12
1309847687.04,10,1
1309848107.45,11,3
1309848167.51,11.15,10
1309848527.81,10.1,2.37
1309849909.07,10.95,6
1309850089.25,10.95,3
1309852131.76,11,4
1309852492.12,11.0,61.22
1309852552.18,11.0284974093,19.3
1309852612.24,10.99,25
1309853032.66,10.49,1
1309853092.72,10.197323601,4.11
1309853332.96,10.11,1
1309853633.26,10.6875,4
1309854113.74,10.7,2.1
1309855254.88,11.0,2.48
1309855435.06,11.8,5
1309855555.18,11.5580069324,57.7
1309855855.48,10.9904002134,37.48
1309855915.54,10,10
1309856095.72,10.4,4
1309856335.91,12.0,69.38
1309856395.96,10.99,1.02
1309856816.19,10.5,1
1309856876.25,10,4
1309859278.36,10.97,3
1309859578.65,10.97,8.5
1309859818.87,11,5
1309860359.37,10.11,1.78
1309860419.43,10.8,1
1309861380.25,10.3,19.42
1309863001.58,10,1
1309864442.82,10.9,4
1309865043.32,10.95,3
1309865223.43,10.01,2
1309865643.74,11.01,4
1309865703.79,10.0,6.78
1309865883.95,10.11,1.22
1309867145.06,10.5,5.88
1309867445.28,11.1,5
1309867805.58,10.8,0.9
1309868826.47,10.0,3.22
1309869006.58,10,1
1309873329.86,10.95,6
1309873750.17,10.0,22.0
1309873810.23,10.0158957107,11.89
1309873870.27,10,5
1309874410.75,10.0,6.78
1309875311.55,10.1,9
1309875551.78,11.006,10.0
1309876812.78,10.1,0.59
1309877293.27,11.99,6.62
1309878013.96,10.2,5
1309879335.04,11,5
1309880536.08,11.0,3.8
1309881136.56,10.01,2
1309884499.47,10.0,3.22
1309885640.47,11.1074918567,30.7
1309886541.1,10.98,5
1309886721.22,11.97,10
1309887381.79,9.5,3
1309887441.85,10.0,3.08
1309896750.4,11.8384615385,5.2
1309897531.13,13.75,18
1309906358.24,9.5,1
1309908279.62,9.95,2.2
1309909540.65,10.0,10.0
1309910381.38,10.7,10
1309910501.51,10.75,2
1309910561.57,9.99,5
1309910621.63,9.99,5
1309916686.59,9.99,8
1309919148.64,11.94,16.5
1309928215.52,10.5,2.76
1309929836.51,10.8,3
1309930016.69,10.5,5.58
1309930677.25,10.6,4.88
1309931758.11,10.75,2
1309932478.46,9.99,2.21
1309933138.72,9.99236641221,2.62
1309933919.11,10,5
1309938497.08,10.3,2
1309938917.31,9.9,22
1309938977.33,10,9
1309939217.47,10.1666666667,3
1309940117.85,10.5,1
1309940478.12,10.5,3.24
1309940958.51,10,2
1309941618.96,12.88,8
1309941679.0,11.41,2.03
1309942339.55,9.95,1.13
1309942639.78,9.6,2
1309943360.21,10.5,1
1309943480.28,10.2,9
1309944080.78,10.8,1
1309944200.9,10.0,1.01
1309944981.54,9.62,10
1309945881.89,9.5,1.27
1309946962.48,10.03,1
1309947742.99,10.9607692308,6.5
1309951705.67,10.2262295082,15.25
1309954287.53,10.0,3.99
1309956329.04,10,1
1309957229.48,10.2,18
1309957709.8,10.32,1.25
1309958069.98,10.2,1
1309958130.04,10.3,4
1309958550.36,10.11,2
1309958790.6,10.2,2.75
1309959991.45,10,1
1309961672.63,11.9,2.29
1309964494.55,10.3,5
1309964914.63,10.45,1
1309965034.65,10,9
1309965214.68,10.49,1.24
1309966354.92,10.4,4
1309967375.21,10,10
1309967555.29,10.01,1.29
1309967915.35,10.5,0.76
1309968095.39,10.01,2.71
1309968815.51,10.4,5
1309969415.68,10,2
1309971096.69,10.5,4
1309971396.92,10.2,7
1309971877.39,12.5,1.07
1309973138.43,10.35,2
1309973318.57,10,6
1309973378.63,10,1
1309973798.96,10.1,2.63
1309974939.96,10.5,6
1309978362.96,9.89,1.75
1309979383.96,10.4,1
1309979744.26,9.55,3
1309981725.68,10.5,1
1309982146.07,11,5
1309983467.06,10.5,2
1309984187.7,10.5,0.58
1309984247.76,10.5,1
1309985028.86,10.9,10
1309986770.6,10.2,72
1309986830.67,10.11,7.9
1309986890.73,10.04,15
1309986950.8,10,3
1309988332.17,11,1
1309989233.07,11.0,1.12
1309991335.11,10,23
1309991695.45,10.49,9
1309992355.87,10.8,1
1309993556.82,11.0,0.88
1310013134.34,10.96,10
1310017037.65,10,2
1310017698.02,11,15
1310018058.34,10.27,11
1310018658.6,11.3,1
1310018898.77,9.98,7
1310019919.56,10.5,4.41
1310021180.8,9.92,33
1310021961.6,9.0,5.37
1310022502.15,10.7,1
1310023703.32,10.75,3
1310025445.02,9.5,8
1310025505.08,9.5,10
1310025625.2,10.2,2.25
1310026285.86,9,5
1310026886.45,10.7,2
1310027487.04,10.0,5.29
1310028568.09,9.85,10
1310029168.68,11.1030818278,18.82
1310029649.16,10.0,17.22
1310030249.75,10.0,1.13
1310031150.63,9.9,5
1310031871.33,10.5,1.01
1310032892.35,11.46,1
1310033192.65,10.6,4
1310033372.83,10.0,7.25
1310033553.01,11,1
1310034273.76,10,11
1310034694.13,10.7231416838,4.87
1310034754.19,9.9274,2.0
1310035234.69,9,2
1310036435.87,9.5,1
1310039018.41,10.9,2
1310040339.73,10.9,12
1310041480.85,10.32,4
1310041540.91,10.6,1
1310041841.21,9.99,10
1310042201.57,10,15
1310042261.63,10.8920652898,30.02
1310043943.23,9.89,37.25
1310044784.07,10.5950413223,12.1
1310044844.09,10.9,1.9
1310045264.52,10.5,2
1310045925.17,10.3,3
1310047006.19,10.9,3
1310047967.13,9.95,3
1310048868.02,10.5,2
1310050970.06,9.5,1.75
1310051270.36,10,26
1310051570.66,10.0,2.78
1310051931.02,10.5,6
1310053852.9,10.99,4
1310054573.61,10.22,4
1310054813.85,11,1
1310054873.91,10,4
1310054933.97,11.0,10.0
1310055654.62,10.9,1
1310055774.74,10.9,1
1310059197.82,10,1
1310063761.7,10.51,7.66
1310063941.86,10.5,5
1310069226.35,10.9,1.33
1310071868.59,10.97,3.05
1310072709.25,10.5,2.84
1310073129.6,11.0,32.29
1310073189.6,11.0,17.71
1310073790.12,12.1,2
1310076754.57,10.9,1
1310077054.85,10.9,10
1310077114.91,9.1,26
1310077295.09,9.86666666667,4.5
1310082879.98,11.7,1
1310083780.84,10.0,6.88
1310092429.38,10.95,5
1310104321.02,10.2,7
1310106603.28,10,4
1310108044.72,11,2
1310108224.89,11.0217391304,2.3
1310108645.31,11,2
1310108705.37,12,1
1310108765.43,9.82,17.5
1310110627.28,10,15
1310110687.34,10.98,2.45
1310111227.88,10.5,1
1310111828.47,11,5
1310112369.09,9.11,4.64
1310112669.37,10.98,3.84
1310112729.43,11,1
1310113149.85,10.39,12.5
1310116212.93,10,2
1310116453.46,11,2
1310116693.71,10.0,5.87
1310116753.76,10.0366636114,10.91
1310117294.32,10.5,4
1310117834.86,10.49,1
1310118555.59,10.5717781403,12.26
1310118615.65,9.98555555556,135
1310118675.8,11,13
1310118916.04,10.4,2
1310119096.22,11,2
1310119396.52,10.99,29.91
1310119696.98,10.6,1
1310119938.38,10.5,10
1310119998.44,10.5,6.25
1310120899.33,10.4,10
1310121800.38,10.99,4.87
1310122040.62,10.4,3.2
1310123722.47,10.9,3.84
1310124383.13,10.5,2
1310124443.19,10.99,8.41
1310125404.14,10,3
1310125584.32,10.5,8.7
1310126244.97,9.11,5
1310126725.41,10.9,1
1310126785.47,10.7,1
1310127386.26,11.0,3.2
1310129489.0,10.0327586207,6.38
1310129609.12,10,10
1310130149.65,10.21,5
1310131530.95,10.2,5
1310131951.36,10,3
1310132011.42,10.3,5
1310133633.03,10.0,1.99
1310135134.7,10.9,10
1310135435.08,10.9,1.5
1310136636.2,10.0,12.0
1310137236.75,10.55,1
1310137657.31,10.6,1
1310138137.73,10.99,2
1310138437.99,10,32
1310141020.55,10.2,1
1310141741.2,11,1
1310141981.42,10.5,2
1310142461.89,10,2
1310143542.96,12.1,1.5
1310146485.92,10.85,1
1310152011.15,10.5,6.59
1310152491.63,10.5,1.02
1310152611.75,10.55,1.54
1310153632.76,10.0,2.33
1310154593.84,10.0043041607,6.97
1310154954.2,11.0,6.69
1310155494.74,10.5,5
1310155674.92,12,17
1310155855.09,10.9,14
1310158138.08,10.98,2.16
1310158979.04,11.0,1.3
1310159940.01,10.248241206,1.99
1310162763.14,10.5,5
1310162883.26,10.0,6.92
1310164805.56,10.4958677686,6.05
1310165406.16,9.3,20
1310167508.28,10.3,1
1310167688.46,9.99,5
1310167928.7,10.8,1.12
1310179340.88,10.35,14.5
1310196219.25,9.98,6.15
1310196579.61,11.0,5.5
1310197240.27,10.9,4
1310201444.42,10.6,8.32
1310201504.48,10.99,0.32
1310201624.6,10.9,1
1310203606.47,10.0207606973,69.41
1310204146.95,10.0,5.13
1310204567.37,10.0,2.4
1310205288.13,10.6,6
1310207450.73,12.1,14
1310208531.89,10.3,1
1310210874.24,10.6,4
1310219462.81,10.7,1
1310221985.09,10.6,1
1310222525.63,10.39,2.05
1310222885.95,9.99,4
1310226489.2,10.5,0.28
1310226609.26,10,5
1310230933.22,10.7,14.73
1310235437.14,10.14,20
1310236638.14,10.99,5.32
1310237659.11,10.0,1.04
1310244144.89,11,6
1310252251.41,10.9266666667,4.5
1310281440.36,10.35,1
1310288167.84,10,2
1310289369.11,10.7322580645,3.1
1310289969.7,10.3,1
1310290450.18,10.49,1.23
1310290690.42,10.49,1.22
1310291231.25,10.5,2
1310291951.96,10.7,4.85
1310292672.68,10.7,0.77
1310293033.04,10.2,4
1310293273.28,10.0,6.42
1310295255.23,10.7542857143,7
1310296696.66,10.0,3.58
1310300480.75,10.1913043478,1.15
1310301922.15,10.0,3.95
1310304504.56,10.7,4.15
1310306966.81,10.3,1.1
1310307387.17,10,1
1310310570.1,10.5,5
1310310750.26,10.3428571429,1.75
1310312071.51,10.5,3
1310312191.63,10.5,1
1310313032.3,10.5,1
1310313092.35,10.25,3
1310314113.31,10.7,6
1310314293.48,9.7,8.97
1310315915.02,10.8,1
1310316035.14,10.72,3.84
1310316395.49,10.49,1
1310316635.71,10,10
1310316755.83,10.3,1
1310324502.46,10.25,7
1310329905.5,10.5,1
1310329965.51,10.2,1.8
1310332726.66,10.8,1.1
1310333266.89,10.3,13
1310333807.24,10.3816326531,4.9
1310333867.3,9.7,4.03
1310334708.12,10.75,4.4
1310336089.17,10,5
1310336149.23,10.25,1
1310338131.15,10.95,2
1310339272.05,10.5,3
1310339512.26,10.3,2
1310358552.47,10.89,1.1
1310361494.49,10.85,1
1310363115.6,10.2583246073,7.64
1310365036.51,10.5821052632,9.5
1310366598.08,10.2,0.34
1310366658.14,10.2,2.66
1310367378.84,10.37,5
1310367979.65,10.84,2
1310368880.55,10.4,5.5
1310369481.15,10.8,3.98
1310369601.27,10.8,0.12
1310370982.69,10.25,2
1310371162.87,10.69,4.12
1310371523.25,10.5,2
1310372184.07,10.7,45.88
1310372724.61,10.06,6
1310373265.57,10.99,0.68
1310374767.31,10.99,0.78
1310375007.55,10.7,5
1310375187.74,10.2,4
1310376388.93,10.1,0.09
1310376569.11,10.0,8.12
1310376989.53,9.86,5
1310377169.71,10.25,1
1310379572.37,10,4
1310379632.43,10.0,28.87
1310380172.97,10.21,1
1310380233.03,10.6,10
1310381074.01,10,5
1310381194.13,10.85,11.7
1310382155.14,10.95,2
1310382936.1,10.0,7.0
1310382996.16,10.21,2
1310383356.52,10.0,6.5
1310385519.25,10.79,1.02
1310386360.09,10.2,2.34
1310386960.68,10.5,1
1310388763.04,10.95,2.78
1310389904.29,10.5,2
1310390204.59,10.5,10
1310391405.8,10.0,2.64
1310392907.36,10.3865207373,8.68
1310395189.71,10.7941176471,17
1310395790.31,10.3,1.12
1310396210.73,10.0,9.36
1310396571.29,10.4,1
1310397472.39,10.2452830189,10.6
1310398193.14,10.75,10
1310398493.44,10,10
1310400115.05,9.98,1
1310401916.97,12,1
1310404439.62,10.5,1
1310409605.27,10,18
1310413149.45,9.3,20
1310414530.83,10.4,5
1310414771.07,10.5,4.11
1310415011.31,11.0,2.43
1310415371.67,10.7,10
1310418495.27,10.55,1
1310419936.7,10.6,6
1310422879.98,10.3,10.88
1310423000.1,9.89,1
1310428225.11,10.5,1
1310429426.22,10.1,1
1310433689.68,10.691459854,6.85
1310447861.35,10.98,5
1310448161.64,10.37,10
1310451704.55,10,2
1310453325.89,10,5
1310453385.89,10,10
1310454166.47,10,2
1310454286.58,10.2913793103,5.8
1310455547.62,10.6,2
1310456208.13,10.5591715976,8.45
1310456508.42,10.45,3
1310456868.71,10.75,10
1310456928.76,10.5,60
1310457649.43,10.4,2
1310458490.14,10.2,5
1310458850.46,10.0424909747,2.77
1310459030.61,10.79,1
1310459210.74,10.79,1.95
1310460892.2,10.5,2
1310461192.45,10.5,4
1310461372.59,10.4045454545,11
1310461672.73,10.5,1
1310461972.97,10.15,10
1310462093.08,10.5,5.85
1310462273.26,10.0,1.02
1310462333.29,9.95,2.07
1310462513.47,10.79,3.07
1310462993.8,10.84,1.05
1310463173.95,10.5,1
1310463474.13,10.4,9
1310464374.71,10.7,2
1310465875.9,10.5675862069,2.9
1310467557.23,10.2,3
1310468157.67,10.5,7.91
1310469899.07,10.0,10.0
1310471100.27,10.0055555556,9.0
1310471220.39,10.65,9
1310471580.75,10.5,2
1310472301.47,10.01,10
1310472361.53,10,5
1310472481.65,10,3
1310472601.77,10.01,2.23
1310472962.13,10.5,3
1310473562.73,10.7,21
1310475004.27,10.5,0.5
1310475064.33,10.0,3.01
1310475424.69,10.5333333333,6
1310475664.93,10.85,6.48
1310475905.17,10.1,5.4
1310477346.8,10,3
1310477707.16,10.1,1
1310478968.42,10.84,7.25
1310479569.02,10.49,2.55
1310479749.2,10,1
1310483172.82,10.5,1
1310483232.88,10,6
1310484013.66,10.0,8.37
1310484253.9,10.5,1
1310485214.86,10.79,1.05
1310488037.96,10.55,1.5
1310489239.29,10,20
1310489299.35,10.01,20
1310492542.95,10,5
1310495185.82,10.2,2.23
1310496447.09,10.3,1
1310496987.64,12,8
1310497708.73,10,1
1310497828.85,10,5
1310499150.17,10.2,2
1310501372.39,10,1
1310507919.26,10,1
1310514045.58,10.1,5
1310537857.89,10.89,5
1310538038.04,10.1,1
1310540079.7,10.55,5
1310541761.06,10.0,5.36
1310541881.17,10.1,1
1310542001.27,10,3
1310543082.22,10,3
1310543802.87,10,2
1310543862.93,10.5,1
1310543983.05,10.05,3
1310544103.17,10.0866855524,3.53
1310544223.29,10,2
1310546204.9,10.3,4
1310546625.32,10.0,1.99
1310546745.44,10.9,0.49
1310548186.58,10.01,1.2
1310548366.76,10.3,1.5
1310548607.0,10.5,3
1310548787.13,12.1,1
1310549027.31,10.4,1.5
1310549567.65,10.84,4.15
1310549807.89,10.0,1.91
1310550048.12,10.4,1
1310550408.36,10.4,2.6
1310551849.42,10.01,1
1310552389.84,10.5,2
1310553050.41,9.8,2.0
1310553710.89,10.88,10
1310554011.11,10.0,4.64
1310554371.47,10.1,2
1310554551.56,9.9,10
1310555452.29,10.8,5
1310555872.67,10.45,19.5
1310556953.47,10.0,1.5
1310557493.97,9.99,1
1310558034.45,10.1,4
1310559055.38,10.45,8
1310559836.04,9.99,25
1310560856.98,10,2
1310565781.2,10.27,2
1310567342.63,10.6,2
1310568783.95,10.7,2
1310570225.33,10.5,5.21
1310573528.23,9.7,5
1310576050.51,10.2,4
1310576771.08,10.6,1
1310580434.27,10.1,5
1310580494.33,10.0,4.5
1310580614.42,10.0465465465,3.33
1310580854.57,10,15
1310580914.6,10,5
1310580974.65,10.75,5
1310582596.16,10.74,1
1310585298.68,11.12,5
1310586739.96,10.84,2.5
1310587040.26,10.3,9.5
1310587100.28,10.35,1
1310587280.41,10.0,4.09
1310587340.44,10.0,10.0
1310587400.46,10.3,1.87
1310588961.83,9.85,1
1310590102.84,10.0,3.5
1310590703.4,10.5,9.5
1310610040.48,10,1
1310610160.59,10,4
1310617066.84,10,3
1310628414.15,10.3616535433,27.94
1310631296.17,10.0,6.5
1310631956.68,10.0,0.67
1310632016.71,10.2,1
1310633997.96,10.6,6
1310634418.29,10,5
1310635319.01,10,10
1310637059.96,10.01,3
1310638020.14,10.45,2
1310638080.15,10.585,8
1310641441.52,9.35,10
1310645284.06,9.99,3.5
1310645584.24,10.45,10
1310646244.5,10.3,30
1310646484.59,10,5
1310647445.13,10.7,54.12
1310648585.63,10.68,8.21
1310651407.95,10.0,2.33
1310654950.67,10.1,1.01
1310655370.88,10.6,5
1310656571.82,10.3,2.9
1310658193.11,9.89,1
1310658553.43,10,1
1310658793.66,10.7,2.5
1310658853.72,10.7,6.5
1310662216.32,9.99,1
1310662276.35,10.4,1.4
1310664617.59,10.69,10
1310668039.88,9.99,1
1310668880.34,10.3,1
1310669300.64,9.91,25
1310672482.68,9.7,9
1310674584.02,9.9,1
1310675604.73,9.99,1.63
1310679147.35,9.8,5
1310681308.3,10.4,2
1310681848.54,10,1
1310682148.71,9.91,1
1310686592.34,10.0,2.6
1310704366.38,10.2,1.9
1310710852.24,9.99,0.37
1310711873.23,10,1
1310713074.52,10.0,1.57
1310714996.97,10,1
1310716198.25,10.25,2
1310718000.87,9.8,2
1310720944.85,9.8,4.37
1310722867.05,9.9,8
1310728093.52,9.9,1
1310731036.89,9.98,1.5
1310731757.68,10,2
1310731997.92,9.9,3.97
1310732658.58,9.85,4.91
1310734280.22,10,1
1310737524.06,9.8,1.61
1310739566.3,10.0,7.57
1310741248.28,9.8,2
1310741848.87,9.82,2
1310741908.93,9.8,5.7
1310742029.05,9.99,12
1310742269.29,10,2
1310744251.57,9.99,4.64
1310746294.22,9.8,1.39
1310746955.18,9.8,0.61
1310747075.3,9.8,1.02
1310748096.33,10,1
1310749237.47,10.0,0.43
1310749778.0,9.87,4
1310749838.06,9.99,6
1310750979.2,9.81,4.2
1310751159.38,9.9,1
1310753622.22,9.9,1
1310753862.46,9.8,1.41
1310754583.21,11.99,20
1310754763.39,10.25,8
1310755063.69,9.8,4.96
1310756505.13,9.99,2
1310757105.72,9.9,0.03
1310766115.54,9.80903846154,1.56
1310774884.96,10.2,15.28
1310778368.74,10,4
1310797829.35,9.8,0.85
1310799811.81,9.9,1.5
1310799991.99,9.9,2
1310802454.3,9.9,15
1310804436.2,10,1
1310804736.5,10.8,2
1310805397.15,10,5
1310810441.94,9.75,6.45
1310813504.58,9.95,3.4
1310813624.69,9.8,2
1310815126.1,9.89,2.57
1310818849.56,9.71,1
1310821732.14,9.73669172932,5.32
1310823653.97,9.8,0.85
1310825155.42,9.71,3
1310825996.2,9.71,1
1310827317.5,9.99,1
1310834704.4,9.99,1
1310835304.89,10.0,29.5
1310835364.93,9.99,4.03
1310836085.55,10.44,10.25
1310836866.3,9.89,2
1310845334.13,9.87564102564,3.9
1310847556.17,10.2,1
1310850138.6,10,1
1310851700.09,9.99,6.49
1310873981.65,9.8,2.2
1310886053.26,10.2,1
1310886233.43,10,3
1310886413.52,10,1
1310886833.86,9.5,3
1310896263.26,9.7,5
1310897344.36,9.7,1
1310897644.66,9.7,2
1310897704.72,10,1
1310899386.4,9.85,2.6
1310899866.87,9.7,3
1310900948.04,9.7,1
1310908876.54,9.99,4
1310910197.88,10.5,1
1310910498.18,9.99,1.69
1310915362.95,9.99,1
1310917825.6,9.75,4
1310918907.08,9.9,1
1310919087.26,10.6,2.31
1310922991.41,9.61,1
1310923471.89,9.8,0.63
1310926655.23,10.4,1
1310926835.41,9.7,1.03
1310928156.78,9.5,5
1310929538.14,9.65,3
1310930499.08,9.5,2
1310932301.19,10,1
1310932901.85,10,5
1310934523.47,9.99,1
1310935124.07,9.9,1.56
1310936085.24,10.0,1.74
1310937106.26,9.99,1
1310940950.24,10.0,2.44
1310945515.42,9.65,5
1310946836.83,9.5,5.51
1310946956.95,9.49,2
1310947797.84,9.45,2.3
1310971463.44,9.9,1
1310972664.88,9.89,2
1310972724.94,9.89,2
1310974226.44,9.5,1.24
1310975427.63,9.55,0.24
1310977409.61,9.96142857143,14
1310977469.67,9.95,11
1310977589.79,9.98,2
1310978070.27,10,3
1310978370.55,9.91,5
1310978971.15,10,1
1310981553.97,9.95,9
1310983475.81,9.65,10
1310983535.87,9.2,1
1310984316.74,9.98,2
1310985217.61,9.85,4
1310986899.59,9.75,10
1310987800.49,9.5,8.1
1310988701.39,9.9,20.0
1310988761.45,9.49104963385,12.29
1310990923.6,10,10
1310991884.56,9.5,10
1310992064.74,9.9,3.78
1310992124.8,9.9,2.4
1310992425.1,10.068404908,8.15
1310992905.58,9.8,11
1310994887.68,9.7,10
1310995008.01,10,2
1310995488.79,10.0,7.56
1310996690.06,9.6,1
1311000293.8,9.0,9.36
1311000534.13,9.51,6.5
1311000894.49,9,1
1311001915.51,9.0,0.23
1311002756.35,9,5
1311003356.97,10.4,2
1311003417.03,9.67333333333,6
1311004918.33,9.9,10
1311005218.59,9.5,10
1311005698.97,9.5,5
1311005939.15,9.65,6
1311006179.31,10,1
1311006239.36,10,1
1311007740.35,9.02,10
1311009481.5,9.0,4.23
1311010142.04,10.3,5
1311010802.69,9.0,0.77
1311011463.23,9.10396825397,12.6
1311011703.44,9.95,2
1311011763.5,9.93333333333,3
1311012483.91,9.6,5
1311013384.6,9.5,6.56
1311014585.25,9,1
1311017346.41,9.6,0.62
1311018667.52,9.98,1
1311018847.67,9.89,10
1311019268.03,9.01,8
1311020469.12,10,2
1311021850.07,9,1
1311027794.48,9,30
1311028154.68,9.9,3
1311028394.8,9.8,0.36
1311028454.86,9.8,1
1311052638.46,9,5
1311053359.2,9.9,2.37
1311054920.77,9.8,1
1311056962.83,9.9,14.65
1311060326.72,9.99,6.01
1311060747.14,9.895,20
1311060807.2,9.87695652174,11.5
1311060867.26,9.7725,20
1311060987.38,9.3824,3.0
1311061047.48,9.14,1.02
1311061588.02,9.5,3
1311063269.9,9.99,2
1311063450.08,9.85,10
1311063930.55,10.0,0.99
1311064411.03,9.8,10
1311064711.35,9.9,2.63
1311068135.2,10,14
1311069156.23,9.6,5
1311069216.29,9.59,10
1311070417.49,9.99,5.3
1311071078.15,9.5,1.98
1311072039.11,9.6,10
1311072099.19,9.7,1
1311072759.85,9.5,5
1311072879.97,9.59,2
1311073120.21,9.5,10.0
1311074982.09,9.97,10
1311077144.31,9.5,1
1311077264.43,9.9,6
1311079186.49,9.5,12
1311079967.49,9.95,0.27
1311082370.21,9.5,8.73
1311082970.81,9.98,1
1311083811.75,9.95,1
1311084472.59,9.76666666667,15
1311084532.66,9.605,10
1311084592.72,9.51,3.5
1311084652.78,9.50789473684,19
1311084772.9,9.9,0.73
1311084953.08,9.4,1
1311085073.2,9.4,3
1311085613.87,9.99,2.46
1311087295.73,9.98,20
1311088797.29,9.02,20.64
1311089578.07,10.4,10
1311089998.49,9.5,1
1311091860.43,9.9,1
1311095524.55,9.14,3
1311095584.61,9.14,4
1311096065.09,9.99,1.05
1311096726.04,9,5
1311097026.34,10.5,29.78
1311098407.72,9.85,1
1311098527.84,10,2
1311098948.26,9.8,2
1311100149.85,9.99,2
1311100390.09,9.7,1.4
1311103394.02,9,4
1311103634.33,9.2,3
1311103694.39,9,10
1311103754.45,9.0,1.63
1311104355.11,9.75,1
1311104415.17,9.0,1.5
1311105796.61,9.75,2.5
1311106277.15,10,7
1311106937.77,9.5,1.5
1311109099.97,9.95,2
1311114445.71,9.8,10
1311115406.66,9.7,2.01
1311121052.98,9.9,2
1311136730.04,9.5,1
1311141655.27,9.5,2
1311142916.9,9.7,2.01
1311145139.23,9.8,1.5
1311145559.68,9.79,18.5
1311146880.99,9,4
1311147361.47,10.0,11.79
1311147481.59,9.75,34.5
1311147781.89,9.8,2
1311148022.13,9.725,4
1311148802.91,9.99,2.25
1311149163.27,10,11
1311149283.39,9.99142857143,7
1311149343.45,10,10
1311149583.69,10,1
1311150845.13,9.5,2
1311151145.43,9.4,3
1311151445.73,9.03,2.5
1311151685.97,10,5
1311154028.59,9.6,3.5
1311154148.71,10,2
1311154268.83,9.51342281879,14.9
1311154388.95,9.97,9.03
1311155890.45,9.75,5.4
1311156430.99,9.92482758621,14.5
1311156851.41,9.87,3.5
1311157091.65,9.56,5
1311157632.19,10,5
1311158413.02,9.63,4.86
1311158653.26,9.2,1.5
1311159674.29,9.84,1.99
1311159854.47,9.7,2.5
1311160154.77,9.58,15
1311160214.83,9.56,20
1311161356.09,9.03,7
1311161596.33,9.5,10
1311161896.63,9.14,5
1311162317.05,10.0,4.77
1311163097.83,9.67142857143,17.5
1311163518.25,9.5,5
1311164238.98,9.25,1
1311164599.34,9.95,2
1311166821.6,9.02,5
1311166881.66,9.05,5
1311167422.2,9.8,7
1311167542.32,9.03,2
1311168383.16,9.7,2
1311169584.36,9.56,2.5
1311172047.57,9.9,4
1311174810.49,9.5,4
1311175290.97,9.5,5
1311175351.03,9.5673,5.0
1311175591.27,9.56,22
1311177333.08,9.7,1
1311177873.79,9.8,1.4
1311178834.76,9.6,3.27
1311179074.99,9.5,1.28
1311179675.59,9.5173,5.0
1311180216.13,9.11,2
1311180276.19,9.11,10
1311180336.25,9.09,3
1311181597.51,9.7,3.13
1311181957.87,9.65,4.4
1311183038.95,9.8,6.3
1311183579.49,9.99,1.01
1311184600.54,10.0,4.2
1311185681.62,9.8,1
1311187543.61,9.0,11.11
1311187723.79,9.0,3.81
1311188564.63,9.89,20
1311189225.29,9.83,1
1311190426.49,9.8,1
1311190486.55,9.8,1
1311191507.79,9.85,2
1311195832.52,9.51,2
1311197634.49,9.99,2.24
1311198535.43,9.61666666667,15
1311213971.25,9.98,3
1311225983.84,9.0,2.19
1311228866.76,10,5
1311231389.28,9.65,2.5
1311234512.4,9.89,8
1311236134.08,9.99,3
1311236554.65,10,1
1311237215.31,9.02,8.5
1311238836.93,9.49,12
1311240818.91,9.6,3
1311242620.76,10.0,61.68
1311244062.57,9.06413043478,23.0
1311245203.71,9.7,1
1311247245.95,9.5,1
1311247906.61,9.5,22
1311248567.31,9.5,3
1311249408.15,9.84,5.5
1311249528.27,9.2,4.55
1311250248.99,9.7,9.13
1311251810.55,9.212,10.0
1311251930.67,9.02,9.8
1311254213.14,10,1
1311254813.87,9.69,9.69
1311262742.72,9.8628540305,9.18
1311263703.83,9.56593406593,4.55
1311263763.89,9.5,0.45
1311264604.73,9.03,1
1311267427.92,9.25,10.15
1311272533.95,9.07125,16
1311276017.57,9.02,6.7
1311276798.38,9.2,4
1311277699.28,10,3
1311279441.03,8.99,5
1311280462.06,10,10
1311284305.98,9.02,48
1311286288.17,10,1
1311289471.45,9.4,2.1
1311290432.41,10.2,42.54
1311312956.79,9.4,10
1311313317.15,9,2
1311320224.18,9.4,7.9
1311321185.14,10.5,1
1311322686.9,9.0,5.1
1311324308.67,9.5,10.1
1311326290.65,9,5
1311327251.61,9.2,8
1311327371.73,9.1,1
1311327672.03,9.2,2
1311328092.45,9.2,1
1311328452.81,9.25,1.7
1311328512.87,9.5,6
1311329413.77,10,1
1311329774.13,9.99,2.82
1311329834.19,9.4,0.54
1311329894.25,9.4,5.46
1311333557.91,9.2,5
1311334338.69,9.2,10.14
1311335599.95,11.5,9
1311337041.39,9.25,2
1311337762.11,9.14,6
1311338062.41,9.14,0.51
1311341966.3,9.35,5
1311343227.56,9.4,0.83
1311348572.96,9,1
1311351035.43,9.39,1.17
1311351215.61,10.0,7.22
1311351696.09,9.2,3
1311353137.53,9.2,2.0
1311353197.59,9.02,2
1311355600.69,9.45,1
1311355780.87,9.6,3
1311356261.35,9.4,0.17
1311356561.65,9.2,1.1
1311359685.23,9.45,12.31
1311362447.99,9.49,4
1311363288.83,9.4,2.83
1311370014.56,9.39,1
1311372235.86,9.15,2
1311411259.07,9.4,4
1311416062.45,9.14,1
1311419365.08,9.15,4.3
1311420505.9,9.14,5
1311421766.89,9.29,1.1
1311422007.06,9.4,1.5
1311426509.98,9.23,5.1
1311437618.24,9.99,2
1311439600.38,9.2,1
1311444045.12,9.4,6.09
1311445246.32,9.3,1
1311446507.58,9.49,2.66
1311446687.76,10.0,3.47
1311455276.52,9.14,1.4
1311496697.7,9.14,2.8
1311503184.55,9.32769230769,13
1311503244.61,9.9,1.97
1311503544.91,9.14,5
1311503725.09,9.14,2.5
1311505166.53,9.23,5.02
1311511232.93,9.6,1.38
1311512434.13,9.3,1
1311513395.2,9.5,7
1311513695.5,9.45,1
1311536265.42,9.5,3
1311548277.51,9.4,5
1311572295.19,9.5,1.5
1311576860.04,9.5,1
1311579262.46,9.2,10
1311583226.74,9.24,9.8
1311588032.07,9.6,2
1311589473.51,9.5,1
1311590194.23,9.35,1.77
1311590855.05,9.4,3.27
1311590915.11,9.4,2.19
1311590975.17,9.59,10
1311591095.29,9.24,9
1311591335.53,9.14,5
1311591635.83,9.6,1
1311591876.11,9.35,2
1311592176.41,9.35,1.17
1311592236.47,9.0,37.15
1311593077.31,9.69,2
1311593557.79,9.79,2.9
1311594038.27,9.3,1
1311594098.33,9.59,4.59
1311594879.11,9.5,0.1
1311594939.17,9.85,3
1311596200.43,9.16,3
1311596620.95,9.5,5
1311596921.25,10,2
1311597221.76,9.8,1.1
1311597462.0,9.7,1.1
1311598362.9,9.2,5
1311598543.38,9.27936507937,2.52
1311600645.61,9.8,1.8
1311600945.91,10.0,3.16
1311602207.17,9.1,1
1311603468.43,9.7,5.9
1311603828.79,9.9,4
1311605571.09,9.16666666667,6
1311606952.47,9.29,3.96
1311607072.59,9.3,9.5
1311608093.61,9.37,7
1311609535.05,9.5,8
1311612898.76,9.3,2
1311613139.0,9.35,2.73
1311614280.42,9.5,3.55
1311614520.66,9.78,5
1311615481.62,10.0,2.3
1311615841.98,9.2,5
1311621127.62,9.3,1
1311621187.68,9.2975,4
1311621247.74,9.41,1
1311621788.28,9.5,3
1311622208.7,9,5
1311622509.0,9.5,5
1311623409.92,9.8,1
1311623469.98,9.5,1
1311624010.52,9.4,1.43
1311624551.12,9.37,8
1311625271.97,10.0,1.2
1311625812.54,9.89,3
1311626893.62,9.41,1.36
1311627554.32,9.2,100
1311627674.44,9.41,4.43
1311629656.42,9.59,1
1311630737.65,9.31,10
1311636623.43,9.5,2
1311653740.97,9.3,5.34
1311659566.79,9.9,6
1311662930.19,9.2,9.64
1311663350.61,9.2,1.34
1311664551.9,9.2,24.63
1311664852.2,9.2,3
1311664912.26,9.51,1
1311665152.51,9.6,4
1311665572.92,9.5,3
1311667795.7,9.4066874028,6.43
1311668816.91,9.30366972477,2.18
1311668876.97,9.59240506329,3.95
1311668997.09,9.95,3
1311669898.53,9.4,7
1311670258.88,9.51,3.21
1311670859.48,9.03,28
1311671339.96,9.5,4.4
1311672301.38,9.43,1.71
1311672902.06,9.45,2.7
1311672962.12,9.6,3
1311673322.48,9.51,2
1311673502.73,9.45,2.9
1311675184.71,9.89,2
1311676326.0,9.4,1
1311676506.18,9.8,1
1311676626.3,9.89,3
1311676866.75,9.45,2.8
1311676986.87,9.49025270758,5.54
1311677167.05,9.5,8
1311677347.41,9.6,2
1311678908.96,9.6,10.56
1311678969.02,9.4,1
1311679509.56,9.49,10
1311679870.24,9.25,3
1311680170.54,9.99,10
1311680951.46,9.4,1
1311681492.0,9.45,2
1311682212.72,9.22456621005,6.57
1311682813.32,9.5,5
1311682993.5,9.5175,12
1311683233.81,9.03,3
1311684254.83,9.5,2
1311684495.07,9.41,2.1
1311684855.43,9.17714285714,7
1311684915.49,9.2,6
1311685395.92,9.01,10
1311685696.22,9.4,1.17
1311687558.11,9.41,1.51
1311688158.8,9.6,3
1311688218.86,9.5,6.5
1311688278.92,9.2,1.11
1311688338.98,9.319497307,5.57
1311688459.12,9.45,4.3
1311690441.1,9.5,1
1311690981.64,9.72,1.4
1311691221.88,9.58395833333,2.4
1311692062.8,9.45,50
1311692122.86,9.4,5
1311693384.18,9.42,10
1311693684.48,9.5,1
1311694345.14,9.5,3
1311695666.56,9.41,10
1311699724.27,9.43,8.69
1311699784.33,9.2,6.6
1311700084.63,9.4,5
1311701045.59,9.22229007634,52.4
1311701165.71,9.4,1.05
1311701766.31,9.01,1.11
1311702847.39,9.24,5
1311703508.05,9.24,8.14
1311705070.04,9.42258064516,2.48
1311708493.52,9.99,6
1311708793.87,9.19126213592,51.5
1311709514.59,9,1
1311709634.71,9.6,2
1311713478.83,9.2,1
1311716721.74,9.7,1
1311718042.7,9.49,3
1311728130.32,9.88,4
1311728190.38,9.88,5.35
1311748004.21,9.49,8
1311748064.27,9.395,6
1311749145.17,9.65,1.05
1311752987.32,9.16,6
1311753287.47,9.5,69
1311753947.8,9.4,5
1311755088.26,9.23,8
1311755868.57,9.45,1.85
1311756048.65,9,4
1311756888.93,9.6,1.52
1311757789.31,9.45,2
1311759349.98,9.7,1.5
1311759590.08,9.8,2
1311761510.73,9.5,0.4
1311761690.86,9.6,6.2
1311761930.96,9.23,14
1311761990.97,9.6,1
1311762591.24,10.05,4.85
1311762831.43,9.4,10
1311763912.35,9.6,6.0
1311764332.62,9.45,5
1311765233.38,9.2,6
1311768354.65,9.5,5
1311769615.21,9.23,1.88
1311769915.36,10,2
1311770815.94,9.51,1
1311772376.6,9.59,8.63
1311774357.76,9.97,3.31
1311774597.98,9.6,6.25
1311774658.04,9.6,7.32
1311776339.43,9.5,1
1311778320.63,9.5,1.6
1311778380.69,9.8,2.1
1311780001.72,9.02,10
1311780782.47,9.6,2.2
1311781262.9,9.5,1
1311781743.27,9.75,0.5
1311784685.38,9.45,1.4
1311784925.56,9.22,10
1311785766.06,9.45,1
1311786186.34,9.99,3.46
1311788227.7,9.4,3.84
1311792670.68,9.6,3.1
1311795072.55,9.5,2
1311795312.64,9.65,3
1311797774.61,9.51,3
1311798555.0,9.5,4
1311799575.64,9.5,6
1311801257.06,9.23,3
1311802518.15,9.5,1
1311802578.16,9.45,3
1311804439.45,9.99,1.94
1311819630.17,9.24,20
1311832176.74,9.4,8
1311835899.51,9.24,15.8
1311838841.55,9.5,2
1311842203.84,9.35,20
1311842564.08,9.7,1
1311850009.23,10,4
1311850189.41,10.1,9.4
1311852531.14,9.4,3.1
1311852591.19,9.03,9
1311852831.36,10,5
1311853732.04,9.6,1
1311854572.73,9.7,7
1311855773.6,9.7,3
1311856734.0,9.51,0.6
1311856974.13,9.6,2.2
1311859075.55,9.25,1.7
1311859195.61,9.74,1
1311860816.79,9.5,4.27
1311862137.62,9.22946428571,2.24
1311865019.78,9.5,3.04
1311866040.65,9.45,2.05
1311869042.76,9.5,2
1311869883.43,9.49,1
1311873906.56,9.79,1
1311875107.46,9.4,1
1311875167.51,9.4,1
1311876428.56,9.5,4.18
1311880391.57,9.5,4.82
1311882192.74,9.45,1
1311882372.82,9.4,1
1311886336.12,9.4,30
1311887897.49,9.7,8
1311891740.56,9.3,2.53
1311893722.28,9.4,0.73
1311918102.59,9.3,2.47
1311921106.0,9.5,1
1311921466.36,9.68,10
1311925310.68,9.72,1
1311925731.1,9.3,2.53
1311927052.47,9.3,1.71
1311927292.71,9.3,2
1311928073.49,9.6,1.41
1311928553.97,9.54033898305,5.9
1311929094.51,9.55,1
1311930415.9,9.5,1
1311932638.57,10.1166666667,3
1311932698.63,10.5,2
1311934500.53,9.6,1.5
1311935701.79,9.23,10.36
1311936842.93,9.23,2
1311936902.99,9.22,29.04
1311937023.11,9.31239808153,4.17
1311937323.41,9.27,1.66
1311938044.13,9.5,12
1311939785.98,9.45,10.1
1311940807.0,9.27,1.69
1311941467.66,9.74,5
1311942548.98,9.59,9
1311947594.5,9.4,1.85
1311947834.74,9.31,5.7
1311950177.09,9.5,22
1311951258.24,9.4,2
1311956544.26,9.5,1
1311956844.56,9.6,2.43
1311956904.62,9.3,4.36
1311957144.86,9.59,2
1311957385.1,9.6,1.52
1311959006.72,9.5,4
1311959126.84,9.5,3.57
1311959667.38,9.5,2
1311981710.02,9.75,4
1312001103.33,9.4,2
1312004285.65,9.6,4
1312008968.93,9.55,1
1312011971.11,9.84,1
1312012151.15,9.89,1
1312018635.16,9.5,5
1312019055.52,9.5,1.45
1312027159.44,9.6,2
1312029020.18,9.34843042071,18.54
1312032261.32,9.31,5.7
1312033581.86,9.6,2
1312033701.92,9.51,4.7
1312033942.03,9.5,3
1312034242.32,9.5,1
1312036223.72,9.45,3
1312039585.77,9.31,3.35
1312041627.42,9.59,2
1312044389.88,9.55491525424,11.8
1312045710.96,9.7,1.55
1312046251.12,9.38706114398,10.14
1312054716.85,9.49,2.4
1312058740.03,9.5,5
1312061081.74,9.5,1.02
1312096982.55,9.7,2.55
1312097643.25,9.5,1.36
1312098063.73,9.5,0.64
1312100586.69,9.31,8.89
1312100826.93,9.3,1
1312102028.2,9.4,2
1312105571.94,9.69,3.96
1312106713.08,9.49,4
1312108755.12,9.5,2.22
1312111938.51,9.2,1
1312112539.11,9.49,1.9
1312112719.29,9.5,2.3
1312112839.42,9.0,1.8
1312115001.57,9.49,23.5
1312116983.55,9.66,1.93
1312174807.17,9.69,3
1312175648.0,9.5,4.65
1312178290.23,9.6,6.86
1312180992.57,9.6,1.64
1312181172.75,9.4,5
1312181533.09,9.4,10
1312183214.47,9.15,1
1312184175.41,9.5,1
1312184896.06,9.6,1.07
1312185316.45,9.25,1.4
1312187358.46,9.11972477064,5.45
1312187598.63,9.5,8.25
1312188139.14,9.58,2
1312188859.8,9.59,17
1312190241.06,9.1,1
1312190901.66,9.4,2
1312191081.84,9,3
1312191862.59,9.49,4.8
1312192583.29,9.45,3.45
1312192703.38,9.45,16
1312193424.06,9.39,10
1312193664.28,9.31,0.1
1312197568.0,9.5,10
1312197868.3,9.5,1
1312199009.41,9.4,37.34
1312199489.84,9.5,6.7
1312200991.27,9.01,2.47
1312201711.96,9.01,1.53
1312201772.02,9.5,3
1312202132.34,9.3,3.11
1312205015.15,9.38428571429,7
1312206456.64,9.5,1
1312209999.96,9.4,1.85
1312210840.79,9.5,1
1312214203.96,9.5,13.5
1312217567.25,9.5,1
1312218468.15,9.01,1
1312218648.33,9,2
1312221531.25,9.1,1
1312223273.04,9.15,1
1312224173.96,9.88,6.29
1312224354.14,9.1,8
1312226696.45,9.35,1.5
1312230480.52,9.49,3.5
1312241411.03,9.04,2
1312241891.51,9.5,15
1312245735.53,9.0,2.05
1312263212.22,9.49,19
1312263452.44,9.3,1
1312264833.73,9.50978552279,7.46
1312265854.69,9.59,1.05
1312266154.99,9.1,3
1312267476.23,9.00418848168,9.55
1312267536.29,9.14,5
1312268376.97,9.7,3
1312443992.33,8.75,10
1312445613.6,8.8,1
1312445733.72,8.8,1
1312447114.87,9,5
1312447174.92,8.71,1
1312447355.1,9.44,2
1312448856.6,9,10
1312450358.36,8.54,10
1312450538.54,8.54,2
1312451019.02,8.8,1
1312451679.68,9.01,5
1312452820.82,8.61401055409,15.16
1312453601.6,8.8,6
1312454142.19,8.5,12.1
1312454322.36,8,2
1312455523.56,8.5,10
1312456064.1,9.0,1.16
1312456904.94,9.09,20
1312459968.0,8.77,0.31
1312460028.06,8.63333333333,6
1312460088.12,8,16
1312460928.96,7.87,6
1312461109.14,8.79993451824,10.69
1312462310.34,8.5,10
1312463151.18,8.79,10
1312464892.92,8.69,5
1312465013.05,7.8,4
1312466754.78,8.75,59
1312467295.32,9.2285060307,36.48
1312468796.82,9,5
1312470298.32,7.1,1
1312470658.68,8.795,2
1312471919.94,8.5,4.79
1312473121.15,8.2,2
1312475043.06,8.01111111111,9
1312475763.78,9.5,1
1312476244.26,8.5,2.5
1312478346.36,8.2,32.81
1312479187.2,8.4,20
1312582528.09,8.38,1
1312583849.41,8.5,0.21
1313222568.64,7.2,2
1313333364.78,7.6,1
1313334085.5,7.8,4
1313334505.92,7.22,1.89
1313338529.81,7.66,5
1313340691.91,7.8,16
1313341712.93,7.22,1
1313342373.58,7.89,40
1313343394.6,7.15,4.6
1313344115.33,7.5,1
1313344775.97,7.49,1
1313350361.47,7.89,5
1313351502.6,8.0,6.7
1313351742.84,8.0,0.9
1313351802.9,7.8,1
1313355947.0,7.9,5
1313356727.78,8.5,5
1313356847.89,8.0,4.85
1313358229.26,8.1,1.79
1313366577.51,8.99,4
1313373124.0,8.31,7.31
1313373244.13,8.99,4
1313376547.37,9,9
1313379190.08,7.9,5
1315119836.54,7.52,0.48
1315121878.58,6,10
1315133590.32,6.5,3
1315142899.61,6.1,16.5
1315142959.67,6.02,2.4
1315185001.84,6.0,42.74
1315188004.84,5.9,2
1315204941.76,6,10
1315207103.92,6.3,1.0
1315207163.98,6.33,3.68
1315208124.94,5.8,7
1315208185.0,5.9,10.0
1315208245.06,5.8805019305,12.95
1315208305.12,5.8,4
1315208485.3,6.1,4.41
1315208665.48,6.1,5
1315209746.56,6.11,2
1315209866.68,6.14,3.62
1315211007.82,6.1,1.31
1315212509.32,6.0,16.75
1315213650.46,6.05,3.55
1315214551.36,5.85,4
1315215031.84,6.11,5
1315215151.96,6,5
1315215212.02,6,42
1315215512.32,6,10
1315215632.44,6,16
1315215692.5,6,91
1315216293.1,5.9,6.05
1315217854.66,6.06,9
1315218094.9,6.11,4
1315219055.86,5.93076923077,6.5
1315223920.72,5.95,1.05
1315225061.86,6.1,5
1315226924.47,6.07908678982,28.69
1315227044.59,6.07,1.02
1315227284.83,6.022,10
1315227525.07,6,10
1315228786.33,6,15
1315229446.99,6.2,5
1315230407.95,6,104
1315231489.03,6.15,4.9
1315231669.21,6,3
1315231789.33,6.0,6.1
1315232329.87,6.2,1.01
1315235573.12,6.0,4.8
1315237434.99,6.29,4
1315238395.96,6.09,7
1315238996.55,6.05,3
1315242299.86,5.9,5
1315244702.36,5.5,1
1315251669.43,6.19,4
1315251729.49,6.12182183523,14.93
1315251849.61,6.07,22.98
1315251969.73,6.13326141776,71.38
1315253831.58,6.3,4.3
1315272029.81,5.6,3
1315282900.6,7,5
1315289747.42,5.9,1.7
1315291729.37,6.36,8.38
1315292329.97,5.88,1
1315294191.81,5.64,5
1315296414.01,5.55,10
1315296474.07,5.80120481928,3.32
1315296594.18,5.75,20
1315296654.23,6.00929356093,59.17
1315296714.29,6,1
1315297855.43,6.1,4.8
1315298215.78,6.09,10.05
1315299356.84,5.5,4.46
1315302779.93,6.0,19.9
1315304701.72,5.97085533263,94.7
1315305782.64,5.61,10
1315306203.06,5.96666666667,3
1315306323.17,5.5,1
1315306383.19,5.78333333333,3
1315306443.25,5.95829552819,30.86
1315308244.91,6.03,16
1315308304.97,6.04,1.29
1315308425.09,6.0,2.37
1315309566.11,6.0,25.16
1315309926.4,6.16,1.78
1315309986.46,6.03,5.7
1315310286.73,6.1,7.49
1315312869.18,7.52,1.52
1315313169.43,6.08479005998,23.34
1315320376.32,6.1,1
1315323379.12,6.03444444444,45.0
1315324279.88,6,1
1315327222.55,6,4
1315328663.83,6.03,5.97
1315330105.23,5.64,35
1315330465.56,5.99,1.1
1315331186.26,6.18,3
1315332207.24,6,5
1315332447.47,5.9,2
1315335750.6,6,1
1315335810.66,6,4
1315336651.43,5.95,18.1
1315337011.7,5.8,6
1315337432.1,6,50
1315337492.13,6.0,16.1
1315338633.24,5.98,8
1315372623.23,5.31443298969,9.7
1315372983.52,5.32,3
1315380430.85,5.17762496388,69.22
1315380490.91,5.11,30
1315380550.97,5.48333333333,60
1315382953.37,5.25,1
1315383073.49,5.83333333333,15
1315383133.55,5.57428571429,35
1315383674.09,5.32066666667,12.0
1315383854.27,5.25,2
1315384274.69,5.9,2
1315386857.27,5.4,2.21
1315387097.51,5.15,2.22
1315388358.77,5.655,10
1315390941.38,5.23923076923,65
1315391602.04,5.4,20
1315391662.1,6.04,9.71
1315393704.14,5.3,1
1315400971.4,5.90561181435,23.7
1315401091.52,6.15,0.15
1315402713.14,6.0,13.9
1315403433.86,5.3,1.3
1315404094.52,5.03,5
1315404935.36,6.0,2.63
1315406977.4,6.5,10
1315407097.52,6.5,10
1315409439.86,5.05711022273,17.51
1315409740.17,6.1,8
1315409860.28,5,10
1315413463.88,5.2,1
1315421271.68,5.7,9
1315421391.8,5.6,4
1315425055.46,5.16,7.78
1317015954.3,3.84,2.8
1317016074.42,4.5,10.0
1317021058.38,4.5,7.0
1317024601.08,4.2,4.45
1317029464.64,4.16523310023,8.58
1317038350.29,4.17292833792,303.452
1317038410.33,4.36,88.548
1317040632.0,3.6,5.0
1317041892.93,4.1,10.0
1317045135.17,3.5370409234,9.53
1317046095.92,4.2,12.3
1317047897.72,4.29,20.0
1317053663.59,4.2,2.0
1317066035.95,4.38,5.0
1317077447.35,4.36,10.65
1317103633.57,4.9,2.0
1317104114.05,4.26666666667,15.0
1317105014.95,5.0,20.0
1317105075.01,4.36,6.0
1317105975.91,4.0,60.0
1317108198.14,4.0,2.5
1317113123.08,3.81,20.0
1317118408.38,4.2,1.202
1317127417.38,3.8,12.677
1317129879.84,5.0,5.0
1317132042.0,3.95,9.0
1317132102.06,4.15160900073,24.798
1317132282.19,3.75,4.19
1317143092.97,4.2,24.0
1317144534.44,4.3,5.0
1317147297.2,4.0,19.43
1317169339.2,4.2,10.0
1317190720.6,4.0,1.0
1317194144.02,3.8,17.677
1317194204.08,3.8,2.323
1317194864.74,4.35,4.5
1317195225.1,4.0,9.0
1317200870.74,5.8,1.0
1317201050.92,4.04,17.222
1317201591.46,3.79,2.0
1317201651.52,3.93846153846,6.5
1317207237.1,4.8,6.0
1317217687.54,4.1,2.0
1317219669.59,4.0,7.0
1317221050.97,4.37,21.9
1317225975.88,4.3,1.0
1317229519.43,4.35,24.78271379
1317233423.32,3.79,7.35
1317235645.54,3.8,6.5
1317239249.13,3.91745633407,49.81
1317278348.11,3.79,6.8
1317278408.17,3.81,3.0
1317279789.55,3.8,2.323
1317279969.73,3.92534051315,7.8925
1317280750.51,4.85,7.0
1317281891.65,3.9,1.0
1317281951.71,3.9,1.0
1317283513.27,4.0,10.0
1317283753.51,4.0,2.0
1317284414.17,4.05,4.0
1317286396.15,3.95,3.39
1317289579.33,4.36,7.54
1317293363.11,3.78333333333,6.0
1317293423.17,3.74,3.0
1317293903.67,4.8,3.0
1317298227.98,3.9,4.0
1317299068.82,3.95,9.0
1317305134.86,4.0,5.65
1317306095.82,3.7,20.0
1317313363.1,3.79178306092,33.65
1317314804.54,3.79,26.23
1317314984.72,3.95,16.0
1317315044.78,3.955,60.0
1317315164.9,4.3,17.0
1317320390.1,3.725,20.0
1317339008.78,3.85,4.19
1317349459.2,4.8,1.0
1317365254.98,3.99,6.0
1317369218.94,4.9,15.0
1317369519.24,4.5,10.0
1317372762.48,3.87149917628,30.35
1317373062.78,3.7,16.0
1317376125.84,3.94166666667,60.0
1317379429.14,3.79,4.94
1317380089.8,4.196,15.0
1317380690.4,3.8,4.0
1317382552.26,5.0,2.0
1317385915.62,4.29,11.0
1317393603.3,3.62272927366,27.26
1317393663.36,3.56,40.0
1317393963.66,3.66,7.14
1317398948.65,3.8,7.0
1317403272.96,4.18,3.0
1317413603.37,3.89,5.0
1317419969.75,4.4,2.0
1317420089.87,4.0,4.0
1317426396.17,3.9,13.0
1317429339.11,4.0,2.778
1317434143.91,3.97,3.0
1317457387.14,4.10952380952,2.1
1317481050.87,4.89,15.0
1317486276.09,3.94535566012,72.26
1317498948.85,3.95,30.0
1317506576.47,3.9,1.4
1317530480.46,3.95,1.0
1317539309.27,4.4,6.6
1317544174.15,4.0,4.0
1317546336.31,4.0,11.7
1317548858.83,3.8,9.0
1317616306.1,4.25,5.0
1317629879.65,3.95,10.0
1317641771.52,3.95,25.0
1317716245.98,3.93169197397,23.05
1317716306.04,3.92179941003,16.95
1317716666.4,3.77332940234,113.627
1317720390.12,3.89,17.74
1317720450.18,3.98,5.0
1317720690.42,3.99,13.05405
1317720750.48,3.98,14.0
1317728197.93,3.7,10.49
1317728738.47,4.2,7.0
1317729759.49,3.71,12.29
1317729819.55,3.86,20.0
1317732161.89,4.0,4.0
1317732402.13,3.79,5.0
1317733363.09,4.0,3.2
1317734744.49,3.75,10.0
1317743152.91,4.0,3.88
1317747417.17,4.0,1.8
1317747537.29,4.0,5.0
1317752161.94,3.7,5.32
1317756426.22,3.66,12.86
1317756486.28,3.71,3.0
1317756726.52,3.67,4.0
1317759188.98,3.88,10.0
1317768738.55,3.9,5.0
1317795825.6,3.89,2.0
1317800930.7,3.9,13.0
1317804474.24,3.9,3.05
1317804534.3,3.98,2.12
1317806035.79,3.94,4.29
1317809879.63,3.95,6.0
1317810360.11,3.95,4.0
1317810660.41,3.95,2.6
1317811321.07,3.98714285714,70.0
1317811381.13,3.95,11.5
1317811441.19,3.99,5.0
1317815465.21,3.9,6.0
1317815525.27,3.75,28.0
1317825435.22,3.88,12.6
1317825555.34,3.97,20.0
1317825975.76,3.88,7.4
1317826696.49,3.95,4.0
1317828137.94,3.7,49.5
1317839671.26,4.0,11.8
1317846761.4,6.34,1.0
1317887862.52,3.9,1.26
1317888283.06,3.7,7.71
1317889244.53,3.97,18.0
1317892070.6,3.96297297297,37.0
1317892130.66,3.99049928877,18.94595
1317892791.64,3.97,20.0
1317899100.04,3.9,7.1
1317900542.22,3.77,8.5
1317901143.14,3.5875,8.0
1317912680.5,3.99,5.0
1317912740.6,3.86694915254,29.5
1317913582.12,3.85,13.0
1317917788.53,3.7,0.5
1317924759.12,3.93,2.63
1317936715.2,3.8,10.0
1317936775.28,3.69067940552,23.55
1317968436.65,3.92,10.0
1317968736.95,3.98,19.0
1317974562.77,3.94761904762,2.1
1317981950.16,3.85,12.5
1317982010.22,3.61,0.5
1317985613.82,3.6,45.0
1317989697.87,3.9,4.29
1317991920.09,3.88,3.4
1317992460.63,3.95,16.6
1317992700.87,3.93714285714,14.0
1317992881.05,3.75,14.0
1317997505.67,3.5834741784,17.04
1318004052.24,3.6,10.0
1318006154.34,4.0,2.05405
1318008316.63,3.74,6.5
1318015644.1,3.9,2.0
1318018166.68,3.85625,16.0
1318020629.11,4.0,13.75
1318023751.73,3.6,25.0
1318023871.8,3.6,25.0
1318058405.58,3.94,10.0
1318062369.54,3.93,3.4
1318068015.18,3.51,30.0
1318081408.59,3.6,17.8
1318090838.02,3.78,5.0
1318161575.6,3.4,6.2
1318178388.5,3.75,3.1
1318225462.23,3.53,2.0
1318226242.87,3.39,20.0
1318228044.01,3.53073444441,95.31014
1318230685.7,3.57,14.5
1318237292.33,3.72,10.0
1318237352.39,3.70647058824,34.0
1318244499.55,3.5,9.95
1318245040.11,3.87,5.0
1318251406.6,3.56,2.54
1318254950.14,3.99,3.0
1318256031.22,3.52503518971,15.55
1318256151.34,4.0,10.0
1318256631.82,3.395,20.0
1318256691.88,3.41,6.0
1318268643.9,3.44,50.0
1318268703.96,3.45,50.0
1318268764.02,3.73784313725,51.0
1318273688.95,3.73962264151,13.25
1318278433.68,4.0,4.0
1318280776.02,3.3,10.0
1318303833.48,4.0,2.0
1318313079.35,3.37,69.778
1318313199.38,3.37,30.0
1318315481.06,3.1,13.0
1318318843.27,3.40640184521,19.51
1318318903.32,3.73090909091,88.0
1318319203.6,3.1,100.0
1318319263.65,3.34,20.0
1318322866.41,3.4,30.0
1318322926.47,3.4,23.0
1318323226.62,3.8,8.5
1318323286.63,3.51,1.14
1318325448.19,3.65,60.0
1318326408.64,3.46666666667,15.0
1318326468.69,3.5,30.0
1318329590.65,4.0,1.25
1318333073.05,3.2,16.0
1318334033.6,3.51139670521,195.46
1318335474.44,3.46,10.0
1318336134.93,3.21,21.0
1318336194.97,3.5,10.0
1318337515.85,3.48,100.0
1318337635.94,3.7,14.0
1318340277.72,3.5,20.0
1318344300.75,3.38,4.49
1318346582.46,3.37,30.0
1318348683.73,3.56,2.0
1318355649.02,3.33,3.0
1318357030.08,2.99,4.0
1318363874.93,3.52,5.0
1318365676.38,3.39,87.0
1318375883.98,3.0,2.5
1318398880.5,3.33,17.57
1318399300.92,3.16,5.0
1318399541.16,3.2,10.0
1318402363.18,3.2,6.0
1318404044.51,3.04,30.0
1318404104.57,3.2,10.0
1318404164.58,3.38,1.0
1318406025.93,3.52,8.24
1318406746.56,3.02,30.0
1318407346.72,3.21,30.0
1318414072.68,3.0,15.0
1318415634.02,3.55,25.0
1318416414.66,3.56,2.96
1318417675.54,3.2,10.0
1318417915.75,3.0,10.0
1318431485.24,3.12,18.0
1318431545.29,3.11,13.91595
1318434727.36,3.2,20.0
1318444633.99,3.1,2.0
1318444754.08,3.1,24.85
1318448356.28,3.38,60.0
1318469852.36,3.99,1.0
1318484622.84,3.75,6.0
1318484862.96,3.37,10.0
1318487685.03,3.12,2.0
1318487745.09,3.12,5.0
1318490927.36,3.0,33.0
1318491107.49,3.19,3.0
1318491227.6,3.35,1.7
1318496451.44,3.23333333333,15.0
1318500113.86,3.5,5.0
1318500173.89,3.6,10.0
1318502275.31,3.45,20.0
1318506538.76,3.1,8.0
1318506598.81,3.1,12.0
1318507739.63,3.0,20.0
1318508760.37,3.0,6.0
1318513744.0,3.15,20.0
1318514224.43,3.99,2.7
1318518067.45,3.99,3.5
1318525692.65,3.85,50.0
1318527794.01,3.38,10.0
1318528514.39,3.99,1.99
1320033982.84,2.88,5.65
1320048694.94,2.75,12.0
1320048995.13,3.0,10.0
1320055119.3,2.84,30.0
1320056380.26,2.0,4.0
1320058301.76,2.1,20.0
1320058421.78,2.99,50.0
1320058541.88,2.45363636364,11.0
1320061844.22,2.88,25.35
1320080396.27,2.85,3.42
1320081897.19,2.47,10.0
1320082857.74,2.389,1.0
1320082917.76,2.389,149.0
1320088922.1,2.99,50.0
1320101531.43,2.39,20.0
1320136476.41,2.41,20.0
1320136536.41,2.11097099622,237.9
1320136656.52,2.58931759572,100.82
1320136716.52,2.40991596639,119.0
1320138397.42,2.5,10.0
1320140558.91,2.79,122.18
1320152447.27,2.8,38.0
1320155809.56,2.9,1.0
1320169979.88,2.5,19.0
1320175685.05,2.79,92.0
1320176886.22,2.99,17.0
1320179828.85,2.40532668464,3.71
1320185414.21,2.9,5.8
1320194902.31,2.4,5.0
1320223066.85,2.1,8.1
1320224027.67,2.31,10.194969
1320224087.73,2.48,6.36
1320225649.07,2.4,13.2662
1320225769.19,2.49,30.0
1320228771.74,2.69,12.0
1320234116.41,2.4,20.0
1320244744.91,2.4,5.0
1320254293.6,2.49,13.24
1320256755.92,2.35,14.0
1320267983.63,2.6,19.2
1320274829.03,2.5,12.62
1320304070.48,2.74,10.0
1320306352.05,2.5,50.0
1320307973.32,2.86,38.0
1320309114.19,2.39,10.0
1320310255.03,2.85,18.0
1320314517.75,2.32,7.01
1320315598.31,2.41,31.0738
1320316198.59,2.51,3.98
1320316258.63,2.5,20.0
1320319020.56,2.5,10.5
1320319921.22,2.5,100.0
1320322142.56,2.5,5.0
1320324364.07,2.78,25.0
1320329347.41,2.86,2.0
1320345378.2,2.8,2.0
1320346098.58,2.6,10.75
1320347359.45,2.6,1.0
1320347839.85,2.677,10.0
1320347959.97,2.8,28.5
1320348920.61,2.8,24.0
1320355525.26,2.60304347826,115.0
1320364052.17,2.75,2.18
1320383690.02,2.44347826087,92.0
1320386152.23,2.6,3.25
1320392698.39,2.9,46.2
1320396541.9,2.5,27.0
1320396601.94,2.56923076923,26.0
1320399964.95,2.5,2.0
1320400505.34,2.5,3.0
1320407771.67,2.41,6.95
1320409873.65,2.79,5.0
1320409933.71,2.9,5.0
1320412215.83,3.0,2.0
1320417921.33,2.79,1.0
1320431374.12,2.677,135.0
1320431434.13,2.689,11.0
1320431554.25,2.689,10.0
1320431614.31,2.689,79.0
1320440022.03,2.5,2.0
1320454616.68,2.36,4.04
1320487799.65,2.5,5.45
1320490861.98,2.49,2.0
1320494223.16,2.6,1.0
1320494763.27,2.69,22.0
1320528526.12,2.5,0.55
1320541977.31,2.54,10.0
1320648678.15,2.5,20.8944
1320651860.73,2.689,44.44785984
1320651920.79,2.48653846154,65.0
1320654202.53,2.59,99.2
1320654682.93,2.59,6.9
1320666512.21,2.56018034801,68.38335984
1320675458.64,2.59,4.0
1320678761.18,2.5,5.0
1320680202.24,2.59,1.5
1320687766.85,2.53,21.954
1320693890.29,2.5,5.0
1320699173.56,2.689,18.596
1320730994.34,2.3,2.8
1320737057.94,2.5,10.0
1320738558.84,2.5,89.0
1320738618.87,2.68373665053,84.44785984
1320742881.29,2.4,2.28
1320745883.08,2.54,30.0
1320746063.22,2.58,10.0
1320746123.28,2.63547058824,51.0
1320751286.05,2.49,3.05
1320758550.31,2.3,10.0
1320758610.37,2.3,5.0
1320758970.63,2.6,5.0
1320767675.9,2.54,18.0
1320768876.72,2.3001,50.0
1320770617.73,2.4,25.0
1320770677.76,2.62705151176,44.65
1320770797.84,2.689,11.0
1320772358.85,2.5,1.0
1320772959.11,2.35,50.0
1320775540.24,2.36,27.96
1320813541.76,2.53,8.046
1320822307.64,2.4,85.0
1320823148.44,2.60517647059,34.0
1320831917.07,2.51037959668,33.72
1320841045.78,2.68494812571,262.02664016
1320843568.13,2.46,5.3
1320845850.12,2.3,1.16664512
1320849512.94,2.45,98.0
1320855097.79,2.62,31.0
1320861043.21,2.649,24.35
1320864166.14,2.98,11.0
1320882302.77,2.31233879549,46.99
1320883563.9,2.36,8.0
1320883684.02,2.35,13.9
1320883804.15,2.649,11.0
1320902716.7,2.629,90.0
1320908240.39,2.36,25.0
1320909201.13,2.59,5.21
1320918265.06,2.5,50.0
1320928470.22,2.32,40.0
1320940775.85,2.5,3.0
1320944257.47,2.32,1.01
1320950561.75,2.5,3.5
1320998769.79,2.4,11.5
1320998889.83,2.45,2.0
1320998949.87,2.33538461538,65.0
1324081630.58,2.42,7.0
1324217687.18,2.52,15.0
1324287362.22,2.53,28.0
1324293848.7,2.522,5.55077551
1324296130.98,2.5,10.0
1324301536.82,2.55,4.8
1324303398.71,2.599,2.21
1324308023.43,2.55,3.0
1324310365.79,2.52,7.0
1324311927.35,2.45,40.0
1324318774.24,2.7,10.0
1324319735.2,2.6,19.67
1324328203.73,2.4105,6.0
1324330005.55,2.5,10.0
1324336792.35,2.54,2.0
1324343158.65,2.449,3.975
1324364482.0,2.75,5.0
1324366103.63,2.569,74.0
1324369406.89,2.58,15.0
1324370007.52,2.47,9.75
1324373851.36,2.5,15.0
1324375773.28,2.9,10.0
1324377875.42,2.55,5.0
1324378536.09,2.59,5.25
1324383641.28,2.59,20.0
1324386223.88,2.59,20.0
1324389046.71,3.0,50.0
1324390127.82,2.449,30.0
1324392470.18,2.52,13.0
1324393431.14,3.2,10.0
1324393791.5,2.54,11.0
1324394752.46,3.2,6.25
1324456064.38,2.56,6.0
1324461890.22,2.82727272727,55.0
1324461950.28,2.915625,80.0
1324462010.34,2.7,30.0
1324468977.3,2.5,6.92
1324469277.6,3.15,5.3
1324481950.28,3.299,1.636
1324486875.2,3.3,25.0
1324487716.04,3.0,1.0
1324513381.72,3.299,52.0
1324626480.28,3.299,100.0
1324627020.82,3.1,20.0
1324627981.78,3.295,30.35
1324628582.38,3.219,1.04
1324631164.97,3.299,41.25
1324637891.68,3.1,0.8
1324640173.96,3.1,15.6
1324640774.57,3.0,5.0
1324642876.66,3.0,1.0
1324655128.97,3.0,36.0
1324672568.77,2.9,10.0
1324810469.06,3.15,0.8
1324817496.26,2.9,20.0
1324840919.73,3.22,4.61
1324974114.52,3.3,11.0
1324974174.58,3.11,36.86
1324978423.99,3.29,10.0
1324979144.72,3.11,1.0
1324979865.44,3.11,239.0
1324982327.9,3.11,23.02
1324985931.51,3.0,3.8
1324987853.43,3.145,1.0
1324990315.89,3.3,19.0
1324992478.05,3.1,6.98
1324999745.33,3.12,6.5
1324999805.39,3.12,5.5
1325003949.53,2.805,50.0
1325004309.89,3.3,5.0
1325006832.41,3.0,8.3
1325009955.53,3.1099,33.0
1325057453.45,3.2,6.2
1325061237.3,3.24148128052,18.43
1325064420.48,3.25,16.5
1325065741.8,3.32756777698,37.89192
1325066042.1,3.1,5.0
1325067243.3,3.2,33.8
1325067303.36,3.1,45.0
1325067423.48,3.39,45.0
1325067483.54,3.1099,28.86
1325067843.9,3.1099,87.0
1325070066.12,3.01,57.0
1325075411.47,3.1,45.0
1325076852.91,3.33051672273,70.60808
1325076973.03,3.1099,300.0
1325077693.75,3.02,10.0
1325080997.05,3.145,28.0
1325083819.87,3.288,2.45
1325084961.01,3.15,5.0
1325088324.37,3.16,5.0
1325104000.04,3.3,1.0
1325112228.26,3.2,10.0
1325148628.52,3.39,30.0
1325149349.24,3.1298,5.5
1325150850.76,3.15,10.4
1325153599.07,3.15,10.0
1325162127.58,3.1,6.0
1325164650.1,3.19,9.19
1325165671.12,3.2,10.0
1325165791.24,3.289,26.55
1325170656.07,3.276,365.0
1325175100.52,3.1,48.93546899
1325177983.41,3.05,9.0
1325182427.86,3.101,3.0
1325492941.48,3.25,23.26
1325493001.55,3.25,6.74
1325493301.85,4.0,0.61
1325500749.31,3.1,5.0
1325503031.61,3.55,7.5
1325504653.23,3.8,22.0
1325504833.41,3.88,10.0
1325505854.43,3.349,30.0
1325507596.2,3.35,6.0
1325507656.26,3.35,79.0
1325507716.32,3.8,14.25
1325509998.61,4.07,30.0
1325510058.67,4.0,14.0
1325513001.8,3.84,10.0
1325516004.91,4.3,20.0
1325516125.04,4.3,20.0
1325520089.04,3.77777777778,45.0
1325522131.08,3.54,2.5
1325522371.32,3.851,8.2
1325531652.14,4.3,20.0
1325545143.3,3.025,6.0
1325570949.17,4.1,39.51
1325572750.97,3.22,30.0
1325574132.36,3.349,10.0
1325575453.68,4.14,10.0
1325582000.23,4.0,26.16
1325584282.51,4.33,1.11
1325585123.35,4.05,18.5
1325587045.27,4.1,0.49
1325588787.02,3.56710120069,11.66
1325590048.28,4.0,50.0
1325590408.64,4.33,18.89
1325594793.07,3.52466666667,15.0
1325596054.34,3.3,13.3
1325597556.02,4.05,24.5
1325597976.44,3.96,24.3679587
1325599237.7,3.25,3.8
1325600438.91,3.58480325645,36.85
1325600739.21,3.15,30.0
1325601159.63,4.0,5.0
1325604522.99,4.0,10.0
1325608126.6,4.15,100.0
1325608186.66,4.17857142857,35.0
1325609387.86,3.72727272727,55.0
1325610889.36,3.66445,20.0
1325611129.6,4.1,25.0
1325611790.26,3.49285714286,31.5
1325612390.86,3.85,10.0
1325612450.92,4.0,14.39
1325616054.53,3.495,12.0
1325619538.01,3.349,88.67
1325623321.81,5.0,2.33
1325626084.58,4.03333333333,30.0
1325627105.61,3.87,200.0
1325628006.52,3.5,36.215
1325628066.59,3.5,2.5
1325628186.71,3.5,17.0
1325628967.5,4.2,2.0
1325630982.98,4.0,5.0
1325655918.3,3.99,15.0
1325657840.09,3.93,9.09
1325661863.95,3.8,10.0
1325663965.92,4.0,1.0
1325666428.12,3.85,10.0
1325668350.02,3.29,5.0
1325670271.87,3.66,10.0
1325672674.19,3.86,80.0
1325677358.8,3.8,40.0
1325677478.92,4.0,95.0
1325680361.71,4.099,25.0
1325680421.77,3.99,25.0
1325684265.45,4.19,38.27
1325695719.89,3.5,24.6
1325695779.95,3.74385507624,76.73
1325696020.16,4.2,20.0
1325698182.32,4.1,25.0
1325701545.46,3.86,15.0
1325705449.14,3.99,60.0
1325710194.44,3.99,30.0
1325710674.85,3.55,7.7881518
1325711275.35,4.0,4.61
1325711455.54,3.96,0.8920413
1325712236.33,4.0,5.0
1325712596.68,4.18,10.0
1325713077.1,3.98,9.0
1325714098.14,3.75,31.0
1325714938.9,3.99,57.0
1325716320.15,4.0,6.0
1325745671.44,3.3299,6.33
1325748133.83,4.349,20.0
1325748193.89,4.16336118073,35.91
1325749455.14,3.851,6.35
1325751797.46,3.8,44.0
1325753539.19,3.95,125.6320413
1325755100.62,3.78,50.0
1325767412.41,4.9,10.0
1325769334.3,4.5,13.27
1325770595.5,3.94209989756,40.2779587
1325772877.73,4.0,3.25
1325837654.73,3.75318600804,50.772
1325841138.1,4.29,15.0
1325843420.15,3.81,5.0
1325845041.76,3.995,3.1
1325845462.13,4.85,3.22
1325846603.16,3.9,5.3
1325848825.16,3.5,14.285
1325851467.72,4.55974576271,118.0
1325851527.74,4.4,18.0
1325853089.2,3.975,5.8
1325856452.35,4.1,10.0
1325857052.94,4.4,227.0
1325863539.19,5.49,1.15
1325865220.69,4.5,10.0
1325865280.76,5.0,1.0
1325866842.3,5.4,40.0
1325869965.2,4.49144942649,95.9
1325871226.33,4.93333333333,75.0
1325879574.34,5.2,10.0
1325881075.84,4.19,1.0
1325884318.69,4.0,8.0
1325922816.89,4.5,20.0
1325924979.07,4.29,20.0
1325927021.15,4.6,173.0
1325927081.22,4.52125984252,127.0
1325936330.46,5.2,38.0
1325951285.59,3.95,9.0
1326013657.08,5.499,1.15
1326042366.31,5.5,20.0
1326042666.61,5.45,25.0
1326052576.53,5.5,25.0
1326063327.39,5.01,6.0
1326087643.32,5.3,5.0
1326088243.86,4.6,10.0
1326094249.56,4.1,40.0
1326096832.02,4.56666666667,273.0
1326098994.16,5.6,2.0
1326100375.52,4.4,5.0
1326101396.52,5.49,19.0
1326101456.58,5.01,1.42884393
1326103618.66,4.45,54.73
1326103678.72,4.45,0.27
1326106141.01,5.35,25.0
1326106381.25,5.39,70.0
1326107162.02,5.65,60.0
1326108843.79,5.21229357798,54.5
1326108903.85,5.15285714286,35.0
1326109264.21,4.25,5.0
1326109324.31,5.22,25.0
1326112748.15,4.84218181818,55.0
1326112808.21,5.4,20.0
1326114790.16,4.41882845188,239.0
1326114850.22,4.57487562189,201.0
1326116832.22,5.4,10.0
1326117432.8,4.0,115.0
1326117612.97,5.2,4.0
1326120976.24,4.0,10.0
1326122057.3,5.01,4.99
1326123198.34,5.599,1.09
1326123597.44,4.65,50.0
1326123657.51,5.645,9.91
1326124198.05,5.36,10.0
1326124678.54,5.645,3.0
1326126059.89,5.3,5.0
1326129337.37,4.2,20.0
1326132761.02,4.39,10.0
1326140146.44,4.5,13.0
1326141347.6,3.99,40.0
1326143149.39,5.5,12.0
1326153059.42,5.0,6.0
1326174140.28,5.35,10.0
1326199186.97,5.5,5.0
1326199247.03,5.5,10.0
1326199727.5,5.15,5.0
1326260895.97,5.0,30.0
1326262937.88,5.0,5.0
1326269724.55,4.0,10.0
1326271586.5,5.5,25.0
1326273868.85,5.3,1.52
1326274169.15,5.44,7.72132352
1326274409.39,5.08,5.0
1326276331.24,3.89,12.854
1326279394.2,5.55,12.4
1326279454.26,5.06,7.6
1326283057.74,5.009375,20.48
1326283658.33,5.88,50.0
1326285159.8,5.19692307692,65.0
1326289183.82,5.3,9.0
1326291406.09,5.0,5.0
1326292727.32,5.6,86.21479336
1326293147.74,5.09,4.94
1326296330.89,5.4,6.0
1326296991.52,5.4,10.0
1326297291.82,5.849,6.0
1326297532.06,5.06,7.77
1326306781.1,4.9,10.0
1326310925.0,5.01,5.3
1326314408.31,4.7,3.0
1326315669.48,5.0,7.0
1326319272.85,5.3,24.48
