1309118807.91,4600,1
1309120128.54,4428,49
1309120248.56,4365,2
1309121809.49,4251,4
1309122109.65,4350,21
1309122169.71,4621,50
1309122229.77,4251,15
1309123310.54,4693,4
1309123910.77,4694,1
1309124511.12,4694,4
1309124631.14,4696,20
1309124751.16,4699,1
1309124811.21,4842,7
1309125891.71,4502,4
1309126852.06,4946,2
1309127932.92,4502,10
1309128053.04,4942,3
1309129914.81,4937,9
1309132437.12,4511,9
1309134178.76,4895,2
1309134599.16,4895,4
1309134839.37,4896,4
1309135860.32,4943,20
1309137181.53,5019,19
1309137421.77,4513,6
1309141986.11,4514,1
1309149279.36,4997,3
1309150480.46,4998,3
1309154083.8,4987,4
1309155884.86,5000,1
1309158767.19,4800,4
1309159788.12,4585,1
1309161108.98,4900,3
1309161829.21,4900,1
1309162609.85,4522,1
1309168313.81,4644,9
1309168433.91,4600,14
1309169454.72,5119,31
1309170655.62,4600,1
1309172576.75,5189,3
1309173417.34,4651,2
1309175759.24,5187,1
1309176719.92,4862,1
1309177080.23,4862,2
1309177200.34,4654,14
1309180622.15,5100,5
1309183443.49,5182,2
1309185424.93,5175,1
1309191009.16,4820,2
1309191549.59,4814,4
1309192029.95,5099,3
1309192750.48,4813,1
1309193110.8,5098,3
1309194311.67,4801,1
1309198033.71,4798,50
1309199054.57,4980,4
1309200135.18,4980,1
1309201695.72,4236,440
1309219321.34,4713,4
1309222143.63,4449,1
1309228087.51,4714,7
1309230036.47,4714,1
1309230096.48,4715,2
1309230696.87,4451,1
1309241743.43,4450,3
1309243064.32,4713,1
1309244385.14,4450,2
1309244445.16,4450,57
1309244505.22,4450,43
1309252430.77,4714,1
1309253391.54,4714,1
1309254292.19,4714,2
1309254832.72,4714,10
1309255373.1,4715,9
1309261497.69,4404,1
1309262938.88,4403,2
1309277472.17,4505,1
1309278012.58,4674,4
1309278432.97,4675,1
1309279934.2,4675,1
1309280534.72,4676,21
1309282095.97,4680,2
1309283537.15,4681,1
1309284437.81,4679,40
1309284677.99,4650,3
1309284918.22,4682,7
1309285638.79,4739,1
1309286599.46,4739,1
1309287560.2,4700,4
1309287620.26,4700,5
1309288040.55,4700,60
1309288100.57,4700,18
1309291583.45,4745,5
1309292784.47,4516,2
1309297708.57,4747,4
1309304913.9,4750,4
1309311458.12,4550,1
1309314819.77,4740,5
1309316380.56,4550,1
1309317521.24,4550,1
1309318661.87,4550,6
1309318721.9,4750,1
1309323866.01,4749,4
1309329989.85,4624,1
1309330290.15,4749,1
1309330710.23,4750,1
1309337435.98,4550,5
1309337556.1,4550,45
1309342901.44,4550,5
1309346264.8,4750,4
1309388512.73,4550,4
1309390433.93,4530,2
1309396317.03,4530,12
1309409584.28,4699,1
1309414806.65,4600,1
1309420569.88,4699,8
1309422551.22,4558,5
1309422611.23,4530,10
1309423871.94,4699,1
1309425313.2,4699,1
1309425373.22,4699,1
1309425673.3,4530,1
1309430476.41,4532,2
1309430716.54,4699,1
1309432157.69,4532,1
1309433118.35,4532,4
1309434559.17,4530,5
1309436720.61,4699,4
1309440803.33,4699,3
1309443805.55,4530,1
1309444105.71,4530,3
1309445366.67,4530,18
1309446987.78,4521,7
1309447107.8,4521,18
1309448608.71,4521,2
1309449989.8,4521,1
1309452571.71,4520,8
1309455994.02,4515,1
1309465597.8,4391,1
1309465837.85,4390,2
1309473880.83,4733,4
1309475261.15,4384,2
1309475981.35,4383,1
1309477782.03,4726,4
1309478262.23,4383,5
1309479042.87,4390,3
1309479222.92,4383,20
1309480603.35,4384,2
1309480663.36,4383,1
1309488527.6,4382,2
1309488587.66,4380,1
1309495373.48,4380,1
1309496033.91,4380,1
1309502518.53,4575,2
1309504860.1,4550,1
1309508222.68,4176,22
1309513446.78,4549,4
1309524315.29,4581,4
1309528578.54,4557,7
1309530440.01,4595,8
1309533862.71,4560,4
1309535303.85,4200,22
1309538546.39,4200,2
1309539987.66,4400,5
1309540047.72,4400,1
1309545271.97,4300,1
1309546172.65,4380,1
1309547133.34,4300,5
1309547313.51,4358,6
1309551216.67,4100,1
1309563466.74,4101,1
1309564307.24,4100,1
1309566288.48,4190,1
1309566348.49,4192,1
1309569830.86,4299,4
1309579138.17,4314,5
1309581599.7,4064,1
1309581839.76,4323,1
1309590244.78,4324,4
1309595228.13,4064,2
1309598230.44,4071,3
1309627798.38,4318,1
1309628098.53,4050,1
1309635405.14,4318,4
1309640387.61,4250,1
1309641107.97,4001,1
1309648192.31,4130,1
1309649092.84,4185,1
1309649152.9,4185,6
1309656837.14,4186,5
1309660679.58,4187,20
1309663441.32,4000,2
1309676470.17,4149,5
1309679652.25,4150,1
1309681093.39,4150,2
1309681213.49,4150,5
1309681813.87,4150,1
1309694359.31,4169,2
1309695139.96,4190,2
1309696400.89,4316,10
1309702764.27,4351,6
1309703004.31,4499,1
1309712309.39,4003,1
1309715071.5,4001,5
1309716873.01,3864,1
1309717473.53,3864,1
1309722637.25,4338,3
1309725279.43,4100,60
1309725339.46,4100,8
1309727621.32,4000,1
1309728942.42,4050,4
1309730623.58,3979,2
1309730743.62,4089,1
1309733085.57,3870,1
1309734526.79,4113,5
1309737649.64,4159,5
1309743174.59,3881,3
1309750681.52,3900,3
1309754465.92,4172,5
1309758550.09,3900,6
1309759991.72,3882,1
1309761313.31,4170,4
1309773387.1,4169,4
1309779032.88,4098,1
1309782696.55,4098,2
1309784919.28,4050,1
1309785099.46,4049,7
1309785339.77,4098,8
1309789904.77,3892,6
1309789964.83,3892,34
1309790565.5,4097,2
1309792007.09,3891,1
1309796632.03,3891,4
1309796692.08,3889,31
1309796752.14,3866,10
1309797593.29,3811,50
1309799575.28,3794,2
1309800957.14,3786,3
1309801197.66,3999,1
1309801437.9,3700,4
1309803119.83,3998,5
1309804862.58,3995,9
1309805523.33,3710,1
1309807085.06,3702,7
1309808946.98,3591,16
1309812130.17,3750,1
1309812730.76,3245,25
1309812790.82,3230,17
1309813031.08,3030,10
1309813091.14,3000,24
1309813211.27,2960,44
1309813811.92,2941,4
1309813932.07,2942,2
1309815073.24,3600,1
1309815553.73,3897,1
1309815793.97,3897,4
1309818257.4,3896,4
1309819758.98,3725,1
1309821081.04,3160,1
1309822762.91,3840,5
1309824384.48,3824,8
1309829849.8,3453,1
1309832853.71,3458,3
1309832913.76,3750,3
1309833093.94,3458,2
1309833154.0,3457,1
1309835135.96,3759,5
1309835616.43,3800,1
1309838259.04,3501,1
1309842161.56,3480,3
1309846365.72,3458,2
1309852251.88,3847,1
1309855615.24,3847,3
1309858797.96,3848,5
1309862941.52,3500,1
1309863782.23,3840,1
1309864262.64,3840,1
1309864683.05,3840,1
1309867865.64,3455,9
1309872969.53,3830,2
1309873389.87,3840,4
1309873570.01,3840,1
1309874230.59,3455,31
1309874290.63,3455,30
1309876092.18,3380,8
1309877233.21,3848,2
1309878494.37,3006,11
1309882818.01,3510,1
1309886060.81,3250,20
1309886180.91,3250,3
1309886240.95,3250,3
1309887021.5,3400,1
1309888102.49,3399,5
1309888462.77,3397,1
1309891885.68,3396,1
1309892786.43,3011,1
1309892906.55,3010,1
1309892966.6,2965,3
1309893987.53,3395,6
1309894588.53,2965,3
1309895369.23,3395,2
1309895669.51,3395,2
1309897591.13,3395,2
1309897711.21,3394,1
1309898431.85,3392,12
1309899392.63,3393,8
1309899452.68,3394,1
1309899572.8,3395,4
1309899873.03,3397,4
1309900113.16,3399,21
1309901134.05,3840,4
1309902335.03,3325,7
1309903956.24,3849,1
1309905217.3,3892,1
1309905337.4,3896,3
1309905457.48,3650,1
1309907078.83,3301,6
1309914104.36,3303,3
1309914344.57,3302,2
1309915845.87,3698,9
1309917046.89,3699,2
1309917647.44,3699,1
1309917947.69,3699,1
1309920169.48,3698,5
1309923111.98,3791,37
1309924433.05,3897,1
1309924673.22,3897,1
1309925093.6,3897,1
1309925273.69,3897,1
1309926714.6,3890,9
1309929596.38,3896,5
1309940237.96,3897,2
1309949424.33,3890,1
1309951045.26,3890,1
1309952546.31,3893,4
1309955788.71,3897,1
1309957769.81,3600,7
1309966114.88,3897,4
1309966354.92,3700,1
1309970796.47,3897,1
1309972297.68,3701,2
1309972357.74,3613,4
1309972477.92,3612,2
1309972598.03,3612,5
1309972838.24,3610,5
1309972958.31,3852,13
1309973078.42,3610,3
1309973198.49,3600,6
1309973318.57,3600,3
1309973678.92,3553,5
1309973859.01,3552,1
1309974699.78,3600,2
1309975300.33,3895,4
1309975420.45,3896,1
1309975480.5,3897,2
1309978242.85,3705,14
1309983827.34,3897,6
1309985209.04,3563,5
1309985269.1,3585,16
1309985569.39,3897,22
1309988992.83,3605,1
1309989112.95,3605,2
1309991154.93,3966,3
1309992295.86,3605,3
1309995958.78,3960,4
1309997460.13,3604,1
1310005867.36,3918,2
1310009410.75,3637,23
1310011512.78,3603,2
1310012233.48,3936,6
1310019439.17,3899,6
1310022442.09,3900,2
1310022742.39,3900,5
1310022922.57,3900,2
1310025565.15,3900,4
1310026105.68,3900,28
1310029048.56,3938,1
1310029108.62,3949,2
1310029168.68,3965,1
1310029288.8,3651,1
1310030429.93,3967,1
1310030489.99,3995,2
1310033913.41,4000,2
1310033973.48,4099,8
1310034033.54,4171,3
1310034093.59,4300,1
1310034934.37,4329,1
1310034994.42,4399,9
1310036736.18,4300,1
1310045204.46,4100,2
1310048027.19,3752,7
1310050069.16,4099,2
1310050129.22,4099,2
1310050369.46,3761,1
1310050849.94,3761,2
1310051150.24,3771,2
1310056555.48,4198,2
1310056615.53,4198,5
1310058537.18,4199,6
1310058597.24,4199,2
1310062500.66,3801,2
1310062560.71,3802,5
1310062680.82,3782,1
1310063881.81,3786,10
1310066163.77,4000,1
1310066584.13,4091,2
1310067845.23,4092,2
1310068025.38,4092,2
1310068685.95,3784,1
1310076574.39,3800,1
1310076694.51,3900,1
1310077895.72,3850,1
1310080718.13,3800,2
1310083600.66,3800,3
1310086904.02,4004,16
1310087144.23,4090,1
1310094050.85,3800,26
1310097474.25,3801,2
1310097534.31,3784,2
1310101077.78,4085,2
1310101137.83,4088,15
1310110326.98,3789,9
1310116393.11,3786,2
1310116693.71,3783,20
1310117174.21,3768,20
1310118015.04,3840,5
1310118135.16,3751,22
1310118195.22,3750,28
1310119396.52,3750,64
1310132071.48,4087,1
1310133392.79,4085,4
1310134593.97,3900,1
1310136035.63,4087,1
1310141440.96,3900,1
1310148347.61,3620,90
1310153993.16,3850,1
1310154173.34,3552,3
1310154774.02,3625,3
1310156635.87,3862,4
1310158618.68,3899,4
1310161261.64,4000,1
1310164985.74,4000,1
1310177118.7,3601,5
1310177178.76,3601,1
1310177298.85,3990,7
1310179941.55,3990,4
1310182103.91,3601,5
1310184326.23,3990,1
1310184386.29,3995,2
1310184446.34,4000,1
1310192615.77,3750,1
1310202225.15,3750,28
1310207210.5,3990,1
1310215078.67,3994,2
1310224207.07,3705,2
1310235076.84,3994,2
1310239700.95,3990,5
1310239941.18,3994,4
1310242163.1,3705,1
1310242583.49,3705,3
1310243784.59,3880,1
1310245165.77,3880,1
1310245586.15,3880,3
1310250510.04,3702,4
1310251350.63,3702,4
1310252791.95,3702,1
1310253152.3,3580,26
1310254594.11,3983,1
1310257957.33,3982,1
1310258017.39,3982,1
1310259939.31,3564,4
1310264924.99,3565,2
1310280599.46,3980,3
1310287627.17,3980,2
1310292792.8,3975,1
1310297657.97,3800,50
1310297718.03,3800,50
1310299399.76,3980,5
1310307387.17,3987,9
1310310870.35,3988,2
1310311651.11,3988,2
1310312551.98,3988,2
1310313332.58,3988,1
1310313392.59,3872,5
1310313452.65,3994,3
1310313512.7,4000,6
1310313572.77,4006,15
1310316275.37,4082,3
1310323121.57,4098,5
1310324562.47,4099,5
1310327504.02,3800,2
1310328044.24,3702,1
1310329064.97,4097,2
1310335548.81,4087,1
1310335728.93,3703,1
1310337590.61,3703,5
1310338791.59,4096,6
1310338851.65,4096,1
1310344556.84,4099,4
1310346178.23,3710,1
1310361734.71,3743,5
1310364075.94,3714,5
1310370141.81,3781,8
1310374046.35,3708,7
1310378010.63,4095,4
1310382335.32,3999,150
1310386360.09,4084,9
1310387861.58,4095,1
1310388342.35,4095,2
1310391405.8,4095,2
1310391646.04,4095,2
1310392547.0,3750,5
1310392607.06,3725,1
1310393087.56,3725,3
1310393147.62,3725,2
1310395189.71,3720,10
1310395249.77,3711,18
1310397352.12,3702,2
1310397412.18,3702,11
1310397472.39,3603,1
1310397652.57,4076,1
1310404679.86,4060,3
1310405460.63,4060,8
1310405760.93,4061,5
1310407742.97,4020,4
1310408283.66,3582,1
1310408704.38,3582,7
1310410205.87,3567,1
1310412068.19,4000,5
1310413990.29,4000,9
1310414050.35,4000,1
1310419456.22,3988,2
1310423240.34,3933,6
1310423660.76,3987,1
1310424801.86,3987,1
1310430026.81,3985,1
1310430086.87,3985,4
1310456208.13,3983,4
1310459751.24,3682,1
1310465455.57,3983,1
1310466896.66,3663,2
1310466956.72,3663,52
1310467317.01,3983,5
1310481911.36,3575,6
1310482271.74,3575,1
1310482512.01,3575,3
1310483833.48,3575,1
1310484674.32,3982,22
1310484734.38,3575,22
1310488158.14,3984,5
1310493564.02,3579,1
1310496567.21,3820,1
1310496627.27,3820,1
1310496867.51,3820,1
1310498489.51,3985,9
1310505396.83,3700,4
1310505456.89,3601,2
1310505577.01,3620,10
1310506417.85,3577,31
1310509180.47,3762,6
1310510802.1,3578,3
1310512664.03,3577,7
1310517621.81,3954,6
1310520383.56,3589,17
1310526328.46,3577,1
1310529991.43,3582,3
1310547285.85,3949,5
1310549207.35,3586,1
1310551669.31,3949,2
1310556593.24,3952,5
1310559475.76,3959,3
1310560496.63,3969,10
1310560736.87,3970,1
1310561457.55,3700,1
1310561697.7,3700,6
1310563859.52,3660,16
1310563919.55,3660,2
1310568423.59,3970,5
1310576110.52,3964,1
1310582115.71,3963,4
1310583076.62,3850,1
1310585238.62,3719,13
1310589021.88,3965,5
1310589141.95,3965,1
1310589982.72,3713,9
1310590102.84,3700,26
1310591123.78,3581,1
1310597188.9,3959,1
1310597969.6,3960,5
1310603975.05,3585,5
1310604815.79,3591,1
1310607698.44,3939,5
1310619828.88,3604,17
1310622771.02,3897,8
1310625592.71,3893,2
1310636279.81,3893,4
1310639460.47,3897,5
1310642102.02,3899,2
1310643002.58,3874,2
1310643362.89,3899,1
1310646064.47,3899,5
1310646364.55,3900,6
1310646484.59,3925,7
1310646844.76,3899,7
1310647205.0,3612,26
1310648165.49,3930,2
1310649306.25,3598,6
1310651407.95,3935,5
1310652248.69,3939,5
1310652548.93,3939,5
1310653089.34,3596,3
1310657352.42,3626,11
1310661195.48,3596,6
1310661255.49,3576,44
1310669300.64,3577,1
1310669360.69,3576,6
1310684790.63,3576,1
1310688454.12,3849,1
1310692597.98,3576,1
1310693318.55,3576,1
1310707428.82,3576,2
1310708329.9,3843,5
1310714516.41,3843,5
1310714816.79,3843,5
1310718181.1,3858,9
1310718421.34,3865,5
1310730916.59,3865,9
1310731637.56,3579,1
1310733919.86,3868,5
1310736022.57,3578,10
1310736202.75,3700,50
1310736262.81,3700,30
1310738845.59,3869,5
1310740407.37,3852,5
1310741128.16,3865,1
1310749717.94,3864,5
1310752300.61,3865,1
1310756024.65,3850,2
1310756084.71,3869,2
1310756144.77,3869,1
1310760169.11,3606,1
1310762091.09,3868,5
1310764854.18,3871,5
1310769839.71,3630,2
1310771040.85,3880,1
1310776747.08,3869,1
1310777347.72,3886,3
1310780591.1,3631,2
1310784194.87,3632,1
1310784615.29,3631,2
1310786597.22,3630,8
1310786777.4,3601,6
1310787978.59,3600,2
1310790020.42,3601,1
1310793204.18,3881,1
1310797288.81,3601,2
1310797348.87,3601,40
1310797408.93,3601,60
1310797829.35,3859,3
1310797889.41,3877,2
1310805277.04,3878,5
1310813144.28,3750,1
1310815186.16,3882,5
1310822212.6,3893,1
1310826116.32,3893,4
1310827557.73,3893,5
1310828218.37,3893,3
1310839688.79,3892,4
1310841310.36,3800,2
1310841490.52,3892,4
1310841790.78,3800,2
1310841850.84,3800,2
1310842991.93,3800,100
1310843292.23,3898,6
1310852420.8,3899,1
1310853922.26,3898,1
1310854102.44,3603,5
1310859687.83,3608,8
1310863651.89,3700,1
1310868876.8,3604,5
1310870438.25,3876,5
1310872720.43,3606,4
1310882870.09,3750,40
1310884852.1,3750,40
1310888875.83,3605,8
1310888935.89,3650,80
1310888995.95,3650,20
1310889596.55,3840,5
1310890977.9,3603,4
1310896563.55,3840,3
1310903590.7,3833,8
1310903830.94,3833,5
1310908636.3,3833,5
1310910318.0,3835,5
1310920228.4,3815,6
1310924613.0,3815,2
1310926535.11,3814,4
1310933021.97,3621,1
1310933142.09,3621,20
1310933202.15,3620,50
1310933862.81,3800,5
1310934523.47,3620,47
1310935003.95,3607,60
1310939208.36,3750,1
1310974706.91,3621,1
1310975007.21,3621,42
1310975067.27,3603,6
1310975127.33,3602,39
1310975187.39,3600,53
1310975307.51,3729,1
1310981373.79,3732,5
1310988100.79,3733,1
1310992545.22,3730,1
1310992905.58,3730,1
1310993265.94,3730,6
1310993386.06,3601,3
1310995428.73,3650,50
1310995488.79,3650,50
1311000894.49,3600,2
1311002155.75,3587,97
1311002696.29,3564,50
1311004137.66,3690,1
1311005819.03,3550,4
1311006119.28,3550,40
1311006179.31,3550,12
1311007440.11,3550,1
1311007740.35,3729,22
1311008520.92,3550,100
1311008580.97,3499,3
1311010742.63,3355,2
1311013084.31,3355,50
1311013204.42,3699,2
1311014645.26,3698,3
1311014765.27,3700,1
1311016626.09,3731,6
1311021549.92,3437,24
1311021729.98,3680,3
1311022150.29,3680,5
1311022630.58,3350,3
1311023170.97,3346,9
1311026653.67,3599,1
1311028694.97,3599,3
1311030075.73,3599,4
1311036560.03,3698,4
1311038000.77,3480,1
1311041663.49,3717,1
1311052518.34,3745,5
1311059185.37,3745,2
1311060566.96,3600,100
1311061107.54,3745,1
1311066873.8,3501,15
1311067053.98,3500,1
1311068615.68,3401,4
1311069096.17,3745,5
1311082069.91,3400,1
1311085613.87,3401,1
1311086935.35,3500,45
1311092280.85,3568,19
1311094623.65,3670,48
1311094923.95,3698,3
1311101651.93,3737,1
1311103153.78,3492,8
1311107057.89,3724,5
1311107358.14,3724,5
1311108139.02,3725,5
1311110961.91,3734,5
1311111862.8,3738,5
1311113124.34,3738,5
1311113244.46,3739,5
1311114986.24,3739,1
1311120632.54,3505,1
1311133006.24,3517,1
1311140393.83,3735,9
1311141595.21,3736,3
1311142015.87,3738,1
1311142496.48,3511,48
1311143097.06,3520,60
1311144658.75,3737,2
1311144778.87,3737,3
1311148022.13,3511,1
1311151025.31,3511,1
1311152947.31,3735,2
1311155349.91,3735,1
1311155950.51,3735,8
1311156911.47,3550,50
1311159854.47,3530,25
1311161356.09,3729,2
1311176011.69,3599,85
1311181537.45,3516,5
1311185921.86,3699,5
1311186402.34,3712,7
1311187843.91,3500,1
1311188985.05,3727,2
1311189885.95,3510,10
1311189946.01,3615,90
1311196973.82,3700,1
1311197634.49,3700,6
1311200036.95,3710,5
1311203340.27,3499,30
1311207004.16,3725,2
1311207124.28,3726,1
1311207664.82,3725,2
1311208265.42,3726,2
1311212409.69,3722,5
1311221779.34,3493,18
1311224362.16,3491,2
1311224482.28,3491,3
1311228446.34,3491,1
1311236314.26,3491,1
1311236494.59,3645,40
1311236554.65,3645,60
1311237095.19,3630,2
1311237155.25,3630,5
1311237996.09,3630,1
1311239017.11,3630,2
1311240098.19,3660,5
1311243642.15,3630,10
1311244062.57,3500,4
1311245684.19,3630,4
1311256555.66,3660,1
1311256916.02,3660,5
1311258537.93,3655,5
1311259438.83,3658,5
1311264124.25,3660,2
1311264905.03,3685,30
1311268028.61,3690,1
1311273014.43,3660,12
1311273074.49,3660,56
1311273434.85,3661,48
1311274395.81,3690,2
1311274696.11,3690,2
1311274756.17,3690,4
1311274876.34,3690,4
1311276137.72,3690,4
1311276197.78,3690,5
1311276257.84,3690,5
1311276798.38,3695,5
1311277338.92,3558,13
1311278840.43,3714,13
1311280702.3,3720,1
1311281903.5,3600,10
1311281963.56,3615,60
1311282924.6,3690,1
1311284305.98,3680,6
1311284426.1,3680,3
1311292954.93,3511,2
1311299141.35,3649,1
1311301904.47,3649,1
1311303045.61,3649,1
1311304366.93,3512,1
1311307490.45,3688,9
1311309773.26,3511,37
1311315839.67,3660,60
1311315899.73,3660,40
1311318782.74,3501,4
1311321845.85,3659,5
1311324548.91,3659,6
1311326530.89,3659,5
1311327131.49,3670,5
1311327852.21,3688,3
1311329293.65,3689,2
1311329473.83,3689,6
1311336140.49,3706,16
1311339864.21,3502,1
1311343407.74,3699,6
1311351215.61,3550,40
1311353137.53,3677,10
1311353978.44,3690,8
1311356021.11,3550,1
1311357342.43,3696,3
1311359024.57,3550,57
1311359625.17,3699,4
1311362688.23,3718,5
1311373977.08,3551,2
1311374097.15,3551,2
1311375958.56,3701,10
1311381602.69,3739,4
1311383643.96,3551,123
1311384004.16,3735,2
1311384124.28,3739,3
1311386585.29,3729,9
1311389646.41,3739,2
1311389946.6,3739,3
1311390426.88,3739,5
1311390486.94,3552,5
1311393308.18,3747,6
1311393668.27,3748,3
1311395288.89,3747,1
1311396009.49,3552,1
1311397450.74,3749,56
1311405555.14,3553,4
1311410298.41,3553,97
1311410358.47,3553,10
1311415281.86,3700,5
1311420866.19,3553,2
1311424228.86,3699,1
1311427170.62,3700,1
1311429872.67,3700,5
1311431974.23,3700,2
1311437077.52,3699,5
1311437558.18,3707,8
1311437738.36,3575,5
1311441522.51,3575,16
1311442543.53,3720,5
1311442603.59,3575,2
1311443924.91,3575,6
1311446747.82,3575,3
1311449991.06,3699,2
1311457198.44,3575,1
1311458579.82,3700,1
1311458699.94,3700,14
1311458820.1,3575,1
1311463444.9,3575,5
1311464045.5,3575,27
1311464465.92,3700,2
1311467334.04,3575,110
1311471717.23,3575,14
1311481804.87,3700,1
1311483125.95,3700,1
1311483546.29,3576,1
1311483906.58,3575,8
1311483966.63,3575,8
1311484627.17,3575,4
1311492193.18,3575,100
1311492253.24,3575,25
1311493694.7,3553,3
1311495976.98,3713,3
1311498319.43,3552,100
1311499821.07,3700,3
1311501082.33,3699,1
1311506367.87,3499,20
1311510932.63,3699,5
1311513695.5,3698,6
1311527499.92,3684,9
1311536265.42,3625,27
1311538968.89,3539,5
1311539929.87,3500,20
1311540110.05,3520,6
1311540830.77,3696,1
1311542152.09,3696,1
1311543113.05,3696,5
1311550739.46,3520,4
1311552360.57,3695,1
1311553381.11,3697,5
1311554401.67,3699,3
1311555722.43,3521,5
1311562506.34,3698,15
1311562926.69,3746,5
1311566169.05,3752,2
1311571154.03,3759,14
1311581484.96,3779,2
1311582806.32,3580,1
1311584127.78,3779,2
1311584848.88,3650,50
1311584908.94,3650,50
1311584969.0,3650,9
1311591155.35,3780,5
1311595840.07,3780,1
1311596620.95,3775,135
1311602026.99,3870,8
1311603888.85,3900,100
1311609174.69,3869,5
1311609414.93,3870,14
1311609715.23,3870,1
1311610496.01,3896,9
1311610676.19,3940,21
1311611637.21,4000,2
1311614100.24,3650,4
1311616142.28,3650,3
1311616322.46,3650,2
1311617223.72,3999,2
1311622148.64,3999,7
1311624791.36,3990,2
1311624851.55,3990,2
1311625812.54,3993,5
1311626713.44,3680,1
1311628154.92,3900,10
1311630377.3,3518,160
1311635722.53,3983,1
1311647914.96,3814,5
1311652359.59,3750,4
1311652780.01,3750,1
1311653260.49,3750,1
1311659206.43,3779,2
1311659266.49,3809,3
1311662089.35,3810,3
1311662269.53,3810,1
1311671820.7,3778,2
1311674283.73,3600,88
1311674343.79,3600,48
1311676506.18,3750,2
1311676746.63,3750,5
1311678008.06,3750,1
1311686116.64,3779,2
1311687618.17,3778,2
1311690320.98,3777,5
1311690621.28,3519,3
1311695005.8,3776,19
1311695966.86,3851,211
1311696927.82,4020,4
1311699844.39,4014,4
1311700925.47,4010,4
1311701345.89,3528,17
1311708253.28,3809,2
1311708313.34,3809,1
1311708613.69,3809,2
1311713899.25,3779,1
1311714379.73,3779,2
1311714740.09,3806,4
1311717142.08,3553,6
1311720204.32,3752,1
1311722486.04,3772,4
1311728790.82,3779,3
1311729151.15,3797,38
1311731372.77,3560,1
1311732213.51,3839,13
1311733534.22,3562,2
1311736056.07,3869,1
1311739538.45,3589,30
1311744461.38,3799,3
1311744821.64,3565,5
1311744941.76,3565,5
1311745422.17,3799,1
1311749145.17,3799,7
1311756288.7,3570,3
1311764813.01,3799,6
1311768834.9,3600,50
1311769014.98,3600,50
1311773517.2,3948,165
1311775138.45,3999,2
1311777420.04,4000,6
1311781022.68,3648,50
1311784505.22,3837,2
1311786786.61,3650,3
1311789608.62,3700,1
1311789728.74,3648,5
1311790389.04,3648,1
1311792850.82,3648,9
1311793451.29,3655,1
1311793931.64,3837,3
1311796273.44,3752,3
1311796633.7,3648,2
1311797594.56,3650,1
1311797654.6,3650,43
1311798314.91,3823,3
1311802578.16,3793,1
1311803358.64,3649,2
1311808582.58,3649,3
1311815247.28,3780,1
1311818009.02,3780,4
1311818909.69,3782,3
1311820951.19,3549,100
1311825153.49,3478,31
1311827194.76,3777,5
1311827734.95,3453,1
1311831576.36,3700,1
1311836319.84,3732,3
1311840342.52,3600,100
1311840822.88,3740,2
1311842624.09,3500,1
1311843524.71,3500,1
1311846466.92,3744,5
1311848628.17,3452,3
1311850369.59,3450,6
1311851810.65,3749,5
1311852411.07,3450,3
1311853852.13,3430,84
1311855593.49,3740,1
1311856734.0,3430,4
1311859075.55,3430,3
1311865620.27,3733,3
1311867601.52,3432,2
1311870904.14,3427,18
1311871384.6,3421,1
1311871864.94,3688,1
1311873906.56,3684,3
1311874266.81,3685,5
1311874506.98,3688,3
1311877869.81,3687,3
1311878590.25,3687,2
1311878650.29,3687,1
1311883033.42,3686,2
1311884654.63,3500,10
1311884714.67,3500,10
1311884774.72,3500,20
1311886396.17,3599,4
1311897865.4,3599,5
1311899306.3,3389,15
1311904709.78,3597,3
1311905190.26,3596,1
1311917321.86,3361,15
1311918523.01,3587,2
1311919544.03,3587,3
1311923328.47,3500,100
1311924589.73,3587,1
1311930596.19,3587,3
1311933959.89,3587,6
1311934320.36,3590,4
1311934740.77,3591,1
1311934920.95,3400,6
1311941647.84,3591,1
1311947714.62,3590,3
1311948735.64,3402,51
1311950177.09,3590,2
1311953841.39,3590,1
1311954201.9,3480,9
1311954261.96,3480,55
1311956183.9,3500,5
1311956243.96,3500,93
1311957505.22,3590,2
1311973481.22,3590,3
1311987714.42,3587,3
1312000082.53,3431,1
1312003204.8,3586,6
1312005606.73,3587,8
1312007287.8,3591,8
1312008788.81,3599,3
1312011130.51,3599,3
1312011370.7,3599,3
1312016413.46,3550,40
1312020916.67,3550,10
1312023617.75,3599,3
1312029140.2,3628,2
1312030340.57,3630,2
1312040186.3,3600,50
1312046491.17,3599,1
1312053275.69,3438,29
1312054656.79,3599,1
1312059400.49,3580,50
1312061261.86,3580,3
1312065224.91,3580,3
1312071527.56,3580,3
1312073208.31,3580,1
1312074108.69,3600,5
1312074528.87,3600,2
1312083353.17,3450,8
1312086054.11,3444,3
1312087854.97,3600,2
1312088095.04,3600,1
1312089895.91,3629,1
1312090256.21,3629,2
1312095841.25,3629,2
1312099745.64,3434,59
1312099865.76,3432,62
1312102328.65,3539,1
1312105632.0,3362,5
1312107493.86,3362,5
1312109115.55,3314,35
1312110857.29,3252,1
1312174566.93,3494,4
1312177689.74,3495,2
1312179731.45,3495,1
1312182674.02,3495,4
1312182734.07,3400,80
1312182794.13,3400,20
1312203874.08,3497,5
1312205195.33,3497,2
1312206516.7,3496,4
1312206877.04,3497,3
1312211981.83,3497,4
1312219609.35,3497,1
1312220510.24,3497,2
1312221411.13,3498,1
1312221531.25,3448,4
1312221591.31,3498,1
1312225074.86,3609,167
1312226215.98,3725,1
1312226396.16,3740,1
1312228978.76,3739,2
1312229038.82,3739,1
1312229459.25,3739,3
1312230480.52,3729,1
1312231801.82,3252,4
1312240089.78,3252,100
1312247717.43,3353,7
1312251260.87,3400,1
1312251921.53,3696,1
1312254624.36,3680,2
1312254684.41,3697,1
1312256486.33,3400,4
1312260750.17,3695,3
1312260810.23,3696,8
1312263812.8,3697,1
1312266515.34,3400,1
1312268016.68,3696,3
1312269577.84,3564,1
1312445973.95,2950,1
1312448916.66,2650,30
1312452100.1,2949,7
1312453721.72,2697,88
1312453781.78,2667,12
1312454382.42,2700,50
1312455163.21,2944,4
1312456364.4,2948,1
1312456965.0,2932,8
1312457205.24,2662,1
1312459067.1,2932,1
1312459127.16,2932,4
1312460628.66,2933,4
1312460989.02,2933,4
1312463931.96,2930,2
1312463992.02,2933,2
1312464052.08,2933,2
1312464112.14,2933,2
1312464172.2,2933,2
1312466574.6,3026,2
1312467055.08,3000,14
1312467415.44,2703,2
1312467595.62,3020,4
1312469157.18,2800,50
1312471139.16,3017,4
1312471619.64,3026,18
1312471980.0,2909,10
1312476844.86,2974,5
1312479187.2,2974,1
1312580606.18,3078,4
1312580786.35,3078,2
1312582107.67,3078,4
1312585110.67,3072,6
1312585410.98,3072,2
1312593218.71,2574,1
1312593699.09,2573,1
1312598503.3,2985,3
1312600845.25,2980,3
1312607871.23,2979,21
1312608712.07,2979,14
1312609672.87,2979,1
1312613215.5,2600,2
1313216143.17,2821,3
1313219986.47,2735,8
1313221547.79,2813,8
1313223229.25,2808,5
1313227733.26,2817,4
1313228874.33,2817,1
1313230495.78,2630,1
1313230555.84,2630,29
1313230916.17,2629,4
1313231396.58,2630,1
1313231456.64,2630,28
1313231756.91,2629,30
1313231816.97,2629,23
1313234159.13,2813,4
1313332704.13,3040,20
1313333004.43,3000,45
1313336968.34,3370,1
1313339430.65,2900,18
1313339490.71,2900,85
1313340451.67,3000,2
1313340511.73,3000,5
1313340751.97,3000,5
1313342313.52,3380,1
1313345977.15,3000,1
1313349040.17,3000,1
1313349700.83,3200,12
1313351382.48,3003,3
1313351442.54,3000,2
1313352463.56,3216,3
1313352643.74,3250,4
1313359070.1,3250,4
1313363874.89,3247,4
1313363934.95,3250,1
1313363994.95,3250,2
1313367718.65,3001,1
1313369400.32,3244,1
1313370481.38,3244,6
1313370961.85,3247,12
1313375406.23,3250,1
1313377868.69,3338,3
1313382313.15,3338,4
1314074881.41,2934,3
1314084851.74,3096,10
1314085031.92,3120,18
1314085091.98,3138,82
1314085692.58,3090,1
1314091939.22,2995,58
1314095843.48,2937,2
1314095903.54,2931,33
1314096444.24,2930,4
1314098906.8,3145,7
1314099267.13,3145,12
1314100348.25,3146,10
1314100828.81,3149,11
1314101069.05,3150,9
1314101609.59,3150,4
1314103411.39,2941,11
1314103471.45,2935,31
1314104072.05,2931,69
1314111520.23,2935,10
1314115364.23,3144,1
1314122151.12,3139,6
1314127076.34,2933,46
1314127316.58,3136,4
1315116653.36,2292,3
1315119716.42,2160,4
1315124160.86,2148,5
1315127043.74,2102,3
1315132088.83,2225,15
1315132148.88,2225,22
1315132208.94,2225,28
1315133830.56,2291,3
1315140617.33,2194,25
1315140677.39,2194,4
1315140737.45,2194,46
1315142359.07,2291,5
1315142539.25,2102,2
1315142599.31,2292,2
1315143860.57,2100,100
1315146202.91,2100,22
1315151067.77,2100,65
1315152268.97,2200,22
1315154010.71,2200,2
1315156112.81,2200,4
1315156413.11,2200,4
1315157854.56,2200,5
1315157974.68,2200,3
1315158695.4,2200,9
1315160497.2,2200,9
1315164341.04,2183,1
1315165121.82,2183,8
1315165241.94,2199,3
1315165482.18,2100,1
1315169746.44,2100,50
1315172929.62,2198,6
1315173650.34,2100,2
1315177253.95,2100,2
1315178995.71,2199,1
1315180016.86,2199,5
1315185722.56,2199,3
1315185782.62,2199,3
1315191428.26,2199,8
1315196953.78,2199,5
1315200257.08,2199,1
1315202779.6,2144,1
1315203200.02,2144,2
1315205001.82,2199,1
1315208245.06,2144,60
1315211368.19,2198,18
1315214971.78,2199,3
1315215151.96,2100,142
1315215332.14,2198,1
1315215512.32,2197,14
1315216953.76,2100,200
1315220497.3,2100,3
1315220977.78,2100,2
1315222959.76,2070,1
1315224461.26,2070,62
1315228305.85,2197,8
1315228486.03,2197,5
1315230287.83,2062,54
1315230407.95,2197,5
1315231128.67,2197,6
1315234912.45,2167,8
1315235933.49,2060,1
1315236654.21,2061,45
1315238395.96,2128,2
1315238636.2,2061,40
1315238756.31,2127,2
1315239717.27,2127,2
1315240197.75,2195,1
1315241458.99,2194,3
1315241699.23,2194,4
1315241819.35,2194,2
1315242179.74,2051,3
1315242299.86,2021,9
1315244822.49,2011,1
1315245122.79,2193,1
1315245603.27,2011,50
1315245723.39,2011,81
1315246504.18,2193,9
1315249146.89,2006,10
1315250948.71,2194,10
1315251849.61,2194,5
1315253831.58,2006,1
1315255933.69,2006,100
1315256774.52,2002,100
1315260918.67,2194,5
1315264642.39,2194,3
1315268786.57,2000,19
1315268906.7,1990,3
1315272690.47,1950,1
1315275813.59,1975,6
1315276173.95,1975,3
1315289867.54,1952,177
1315289927.6,1950,140
1315289987.66,1950,60
1315290948.61,1925,98
1315296353.95,2099,6
1315296894.47,2099,17
1315297615.19,1900,22
1315302719.87,1999,7
1315303380.48,1800,61
1315303440.55,1800,45
1315309446.0,1700,5
1315309566.11,1700,2
1315310647.0,1700,55
1315310707.06,1700,74
1315313830.06,1675,1
1315314250.46,1651,85
1315314310.48,1651,30
1315315331.45,1650,1
1315316112.22,1800,6
1315318574.57,1800,1
1315321757.59,1799,20
1315321877.7,1799,11
1315321937.76,1800,5
1315324159.78,1661,1
1315324219.84,1800,1
1315327042.37,1800,5
1315329324.48,1799,7
1315332567.59,1685,1
1315332687.71,1685,60
1315332988.0,1797,7
1315333768.7,1797,10
1315334189.11,1798,11
1315334429.33,1800,1
1315335270.15,1799,3
1315338633.24,1667,139
1315338933.51,1798,1
1315340014.46,1798,8
1315340795.22,1798,6
1315341816.22,1797,1
1315345539.68,1797,17
1315346020.1,1798,1
1315347041.04,1798,3
1315347461.45,1798,5
1315347641.63,1798,2
1315350944.72,1798,2
1315352085.76,1798,3
1315353947.58,1695,10
1315355989.38,1798,3
1315357070.29,1798,3
1315357190.41,1800,4
1315357430.58,1800,7
1315357550.65,1917,10
1315359712.43,1917,32
1315360793.39,1915,1
1315361393.92,1918,6
1315367278.71,1918,1
1315376226.5,1918,1
1315377247.65,1918,1
1315379469.89,1858,2
1315382893.31,1917,11
1315384935.35,1781,11
1315385115.53,1780,84
1315390581.02,1916,1
1315391181.62,1806,57
1315392322.76,1916,5
1315392442.88,1916,1
1315395505.94,1915,12
1315399289.72,1915,3
1315401812.24,1910,7
1315407097.52,1775,1
1315409439.86,1783,107
1315410040.46,1909,9
1315413704.12,1909,3
1315415686.1,1909,3
1315418208.62,1850,47
1315419650.06,1906,4
1315420911.32,1905,7
1315424454.86,1904,6
1315428959.36,1901,6
1315430100.5,1901,3
1315433884.3,1901,8
1315434064.48,1901,5
1315434244.66,1902,5
1315435145.56,1901,4
1315437007.42,1901,3
1315438028.44,1902,6
1315439169.58,1902,16
1315444635.04,1810,1
1315446737.14,1903,7
1315449379.78,1810,1
1315451061.46,1761,5
1315453283.68,1904,1
1317017035.26,1573,6
1317018296.34,1392,19
1317019797.49,1572,8
1317020517.99,1381,145
1317020698.1,1377,40
1317021658.74,1377,137
1317026943.06,1549,3
1317027423.35,1559,5
1317028864.26,1560,12
1317032946.75,1371,53
1317046576.4,1384,74
1317049699.54,1384,44
1317049759.6,1384,146
1317050300.14,1400,31
1317051140.98,1371,146
1317051321.21,1370,5
1317052101.99,1369,35
1317053963.89,1380,3
1317054504.43,1369,94
1317056126.05,1370,22
1317057026.95,1370,1
1317057507.43,1370,20
1317061291.21,1365,31
1317062852.77,1464,25
1317063573.49,1365,70
1317064294.21,1468,19
1317064414.33,1469,21
1317067117.03,1330,17
1317067657.57,1464,21
1317068498.41,1331,45
1317070300.21,1438,21
1317071261.17,1438,3
1317077387.29,1439,7
1317088438.33,1400,7
1317088738.63,1352,24
1317090420.31,1416,13
1317102792.71,1438,1
1317103093.03,1438,25
1317103153.09,1439,20
1317105675.61,1470,17
1317107297.24,1500,6
1317123693.66,1498,8
1317123753.72,1367,3
1317123873.84,1366,17
1317123993.96,1498,11
1317125075.04,1496,8
1317130480.44,1366,47
1317130540.5,1366,86
1317130840.8,1494,29
1317131681.64,1356,1
1317132402.32,1352,85
1317134924.85,1352,44
1317135285.22,1352,118
1317136246.18,1352,25
1317136306.24,1350,89
1317139309.24,1333,87
1317144294.17,1333,1
1317144354.23,1330,95
1317144894.8,1330,71
1317145675.58,1330,57
1317145915.82,1330,46
1317146156.06,1330,37
1317146816.72,1330,30
1317146876.78,1330,17
1317147717.62,1330,38
1317148858.76,1316,2
1317150059.96,1316,2
1317150540.44,1440,15
1317151921.82,1300,4
1317152882.78,1438,8
1317153002.9,1438,2
1317154564.48,1429,10
1317155945.85,1286,6
1317156005.91,1285,70
1317160930.81,1419,1
1317162192.07,1283,1
1317163873.75,1413,35
1317168198.06,1412,10
1317179549.42,1409,25
1317181591.46,1410,6
1317182071.94,1412,37
1317182312.18,1416,4
1317182972.86,1417,2
1317190420.3,1286,51
1317191801.68,1283,22
1317191921.8,1281,5
1317193303.18,1350,1
1317196726.6,1350,2
1317199068.94,1300,1
1317199549.42,1347,2
1317205615.48,1270,65
1317206035.9,1338,1
1317206095.96,1339,1
1317206156.02,1340,16
1317206876.74,1342,12
1317206936.8,1266,76
1317206996.86,1265,2
1317213483.34,1338,9
1317213963.82,1340,10
1317214023.88,1344,31
1317216125.98,1346,35
1317217927.78,1262,1
1317217987.84,1262,13
1317218047.9,1262,87
1317220390.31,1345,2
1317220450.37,1261,54
1317220690.61,1345,1
1317221651.57,1345,6
1317222132.05,1344,8
1317223032.94,1262,5
1317223273.18,1262,47
1317223933.84,1344,1
1317224114.02,1261,43
1317226636.54,1252,5
1317226696.6,1250,100
1317227597.51,1338,10
1317227717.63,1240,1
1317227957.87,1239,2
1317229459.37,1225,2
1317229819.73,1200,17
1317229879.79,1199,7
1317232041.95,1317,1
1317234204.1,1313,2
1317235285.18,1171,2
1317238047.93,1173,1
1317238288.17,1173,14
1317238348.23,1173,36
1317239249.13,1300,8
1317239429.31,1172,1
1317241231.11,1302,10
1317243032.88,1178,3
1317244053.9,1297,2
1317244113.96,1299,2
1317245375.22,1299,6
1317248077.92,1300,4
1317252342.18,1210,1
1317253243.08,1297,2
1317253303.14,1298,6
1317253603.44,1298,9
1317253663.5,1306,29
1317253723.56,1318,21
1317254984.82,1329,11
1317257927.76,1336,7
1317261771.6,1260,3
1317267056.88,1338,1
1317271140.97,1338,29
1317273963.74,1339,32
1317274264.04,1342,10
1317276125.9,1260,27
1317284474.23,1339,1
1317286516.27,1339,5
1317287236.99,1339,33
1317290059.81,1200,10
1317290119.87,1200,64
1317291921.67,1200,6
1317292342.09,1320,12
1317298107.86,1318,8
1317299309.06,1318,1
1317303032.77,1205,63
1317306936.66,1315,15
1317308197.94,1204,49
1317310239.98,1314,3
1317314984.72,1314,8
1317315585.32,1216,5
1317315765.5,1315,25
1317319429.16,1205,2
1317325134.84,1311,4
1317325975.68,1230,3
1317327597.29,1300,1
1317328498.19,1311,5
1317329639.33,1314,7
1317330660.42,1235,37
1317330720.48,1235,14
1317331080.84,1234,36
1317332161.91,1232,3
1317333002.75,1230,281
1317333182.93,1230,192
1317333242.99,1230,37
1317334384.13,1308,3
1317335645.4,1307,23
1317337507.28,1304,8
1317353603.34,1292,11
1317356846.58,1291,6
1317363212.94,1291,9
1317365495.22,1291,10
1317367236.96,1290,100
1317370960.68,1291,2
1317371321.04,1292,38
1317372101.82,1294,100
1317372462.18,1296,10
1317373423.14,1220,10
1317375465.18,1296,7
1317378047.76,1296,1
1317379669.38,1221,5
1317380450.16,1296,5
1317381411.12,1296,13
1317385975.68,1220,100
1317389399.1,1291,50
1317390300.0,1292,10
1317390420.12,1293,2
1317398948.65,1220,3
1317407297.09,1292,10
1317408618.39,1293,29
1317408678.45,1294,7
1317408978.75,1296,15
1317411381.15,1296,28
1317413603.37,1296,4
1317413963.73,1296,9
1317414684.45,1296,13
1317414744.51,1298,200
1317414864.63,1300,113
1317414924.69,1301,90
1317415104.87,1303,10
1317415224.99,1304,82
1317415705.47,1307,46
1317415945.73,1312,5
1317417327.11,1312,8
1317419068.85,1311,12
1317421891.67,1320,56
1317424414.19,1331,96
1317428918.69,1333,9
1317430420.19,1333,9
1317436366.11,1348,40
1317439309.05,1226,3
1317447116.9,1413,10
1317450420.18,1226,1
1317451861.62,1464,6
1317456125.89,1440,2
1317456966.73,1440,3
1317462912.65,1310,1
1317463152.89,1310,51
1317465254.99,1439,13
1317467657.39,1252,2
1317469939.67,1439,1
1317474204.01,1260,4
1317481471.29,1439,3
1317485375.19,1300,88
1317485435.25,1300,12
1317490840.68,1435,5
1317491441.28,1436,22
1317497147.05,1439,4
1317499549.45,1439,1
1317500930.83,1290,146
1317509459.35,1440,9
1317512342.23,1456,9
1317518107.98,1470,6
1317531741.72,1470,6
1317533123.09,1470,8
1317534984.95,1470,3
1317537447.41,1294,2
1317537507.47,1294,67
1317538288.25,1470,1
1317539669.63,1469,24
1317539909.87,1469,11
1317544234.21,1307,111
1317551621.59,1294,105
1317552222.19,1465,13
1317552582.55,1465,1
1317555225.19,1461,27
1317565615.57,1278,56
1317568378.33,1261,20
1317568618.57,1459,4
1317571741.69,1459,44
1317572041.99,1459,9
1317575645.57,1455,24
1317577687.57,1457,79
1317579609.49,1462,1
1317579669.55,1462,2
1317580450.33,1468,32
1317582912.73,1480,9
1317603273.09,1476,8
1317605795.57,1302,5
1317609279.08,1477,33
1317610119.92,1479,3
1317610240.04,1479,2
1317610900.7,1323,5
1317615825.62,1322,3
1317615885.68,1310,10
1317618768.55,1475,8
1317619729.51,1475,1
1317619969.75,1475,1
1317623693.47,1302,5
1317624053.83,1455,20
1317627237.01,1466,13
1317633723.49,1302,64
1317634564.33,1301,60
1317640870.62,1394,47
1317641591.34,1399,9
1317641951.7,1300,7
1317643032.78,1297,86
1317643152.9,1297,16
1317648918.64,1398,13
1317655405.15,1397,14
1317662071.81,1396,51
1317662432.17,1435,69
1317663333.07,1396,3
1317663393.13,1396,1
1317667357.09,1465,8
1317669158.89,1466,13
1317669519.25,1467,3
1317670179.91,1310,80
1317672161.89,1459,1
1317672822.55,1457,1
1317675885.63,1452,1
1317676065.81,1451,1
1317676546.29,1451,6
1317677026.76,1450,6
1317677266.99,1450,13
1317678288.01,1449,5
1317683933.64,1440,20
1317684053.76,1441,10
1317684354.06,1442,10
1317684774.48,1442,1
1317685795.5,1441,10
1317686215.92,1442,6
1317693182.88,1444,44
1317696666.36,1444,1
1317698468.16,1444,2
1317702552.27,1447,91
1317705134.85,1449,17
1317705435.15,1450,3
1317717867.6,1450,4
1317721711.45,1449,1
1317721771.51,1449,1
1317726336.07,1449,9
1317726696.43,1449,9
1317731020.75,1449,8
1317733122.85,1325,80
1317733182.91,1325,26
1317734083.83,1449,13
1317734444.19,1449,8
1317734804.55,1449,33
1317735345.09,1450,2
1317735465.21,1445,4
1317735825.57,1446,38
1317736185.93,1450,6
1317738288.05,1325,8
1317742312.07,1449,13
1317745315.07,1445,25
1317746636.39,1445,8
1317748498.25,1331,9
1317749279.04,1445,17
1317749639.4,1321,311
1317749819.58,1320,203
1317751681.44,1315,50
1317752762.54,1437,14
1317753062.84,1438,52
1317758047.84,1315,159
1317758228.02,1315,172
1317765014.83,1291,59
1317765735.55,1407,8
1317767116.93,1280,175
1317767477.29,1404,10
1317767597.41,1404,5
1317767657.47,1405,4
1317768137.95,1404,2
1317768978.79,1260,114
1317769219.03,1404,4
1317769699.51,1404,5
1317769759.57,1404,3
1317771321.13,1401,13
1317772462.27,1260,74
1317773783.58,1260,61
1317773843.64,1260,2
1317779729.51,1383,22
1317781291.07,1379,10
1317781531.31,1260,143
1317784474.26,1378,17
1317784594.38,1378,1
1317785735.52,1260,19
1317790300.09,1378,15
1317794744.52,1275,4
1317799729.5,1377,1
1317799789.56,1378,2
1317801711.48,1378,1
1317801951.72,1378,9
1317802972.74,1262,1
1317805555.31,1378,1
1317818348.12,1377,26
1317818888.66,1261,37
1317822912.69,1376,9
1317824113.9,1260,10
1317829819.62,1373,6
1317834444.49,1371,9
1317838349.41,1367,1
1317839550.72,1367,4
1317843336.92,1365,47
1317844598.64,1366,14
1317844779.09,1368,77
1317844959.3,1370,6
1317846581.24,1250,2
1317846701.34,1370,18
1317848143.05,1368,23
1317848623.62,1368,34
1317849164.63,1367,12
1317850246.41,1370,25
1317850726.95,1280,66
1317850787.03,1280,66
1317853070.61,1368,1
1317857457.65,1368,47
1317858418.81,1300,1
1317860401.9,1368,6
1317860642.17,1281,5
1317861062.8,1368,1
1317861423.19,1369,9
1317861603.48,1369,7
1317864548.35,1369,3
1317864728.56,1370,6
1317872359.55,1367,9
1317872900.44,1281,4
1317874943.28,1280,11
1317876084.65,1364,3
1317879450.28,1364,5
1317889004.26,1365,3
1317889424.73,1257,113
1317889544.87,1253,51
1317890386.93,1250,94
1317890447.0,1250,101
1317890627.7,1220,301
1317890807.95,1220,220
1317891650.15,1363,10
1317893031.92,1361,4
1317894593.88,1361,13
1317894714.03,1362,25
1317895314.77,1368,35
1317895795.32,1414,31
1317901984.57,1440,5
1317902946.77,1440,1
1317903968.2,1240,18
1317905710.52,1438,1
1317907632.9,1436,33
1317907753.06,1250,156
1317907813.15,1250,48
1317912920.94,1255,59
1317912981.0,1255,51
1317913041.06,1255,20
1317914423.17,1410,4
1317914603.64,1410,1
1317917548.24,1216,2
1317918750.14,1349,1
1317919952.18,1315,24
1317921455.01,1230,4
1317921515.09,1230,156
1317923617.59,1225,3
1317924038.22,1225,158
1317924098.28,1346,24
1317926321.46,1343,2
1317926561.78,1343,1
1317928063.74,1342,22
1317929745.88,1321,2
1317931908.71,1220,41
1317931968.89,1220,8
1317935453.69,1213,2
1317936835.37,1332,9
1317940861.55,1329,8
1317952818.83,1324,24
1317958766.95,1226,1
1317964352.57,1324,9
1317964412.63,1216,5
1317968917.13,1324,9
1317972700.91,1217,2
1317974502.71,1323,1
1317974622.83,1323,2
1317976184.39,1223,4
1317976244.45,1323,3
1317976905.11,1223,1
1317976965.17,1223,100
1317977505.71,1319,10
1317978346.55,1319,10
1317981709.91,1218,1
1317981769.98,1226,109
1317982070.28,1319,10
1317987055.26,1315,61
1317989637.81,1214,105
1317991799.97,1315,9
1317991920.09,1316,9
1317994202.37,1316,9
1317997805.97,1214,18
1317998046.21,1316,1
1318000628.79,1202,5
1318002610.8,1255,9
1318002670.86,1202,6
1318002790.98,1201,93
1318002851.04,1201,14
1318006214.4,1250,2
1318006274.46,1250,100
1318006634.82,1200,12
1318009277.61,1200,2
1318009397.73,1300,5
1318009878.21,1200,4
1318009998.33,1195,8
1318010058.39,1161,240
1318010118.45,1155,131
1318010178.51,1152,14
1318010238.57,1151,107
1318010478.81,1150,107
1318011740.09,1131,46
1318012340.69,1130,1
1318012520.87,1130,45
1318014442.89,1147,2
1318014502.95,1152,28
1318014563.01,1126,2
1318014623.07,1125,43
1318016184.64,1100,32
1318016364.84,1195,1
1318016424.9,1195,10
1318016545.02,1195,13
1318016845.33,1194,3
1318019007.47,1191,1
1318022010.33,1191,16
1318022190.45,1191,16
1318024712.18,1189,11
1318025492.57,1191,7
1318025732.81,1190,1
1318029456.55,1187,17
1318029876.97,1187,4
1318030297.39,1187,13
1318031198.29,1125,7
1318031258.35,1187,1
1318032279.37,1103,121
1318032339.43,1187,7
1318032399.49,1187,3
1318039666.85,1050,60
1318043090.27,1051,6
1318043150.33,1185,1
1318051018.19,1182,1
1318057444.62,1074,147
1318059907.08,1181,1
1318060868.04,1110,3
1318060928.1,1110,138
1318062489.66,1181,11
1318069756.92,1177,8
1318071138.3,1178,16
1318074561.72,1178,10
1318075642.8,1135,66
1318075702.86,1135,100
1318077504.67,1178,11
1318082249.43,1130,3
1318082910.09,1177,18
1318084531.73,1130,10
1318085312.51,1152,17
1318087054.25,1130,28
1318088675.88,1176,10
1318090117.3,1130,9
1318091678.86,1179,1
1318092099.28,1179,1
1318092940.12,1130,82
1318094081.26,1130,1
1318094621.8,1130,25
1318097024.2,1177,10
1318103570.74,1175,11
1318103630.8,1175,11
1318104651.82,1175,1
1318104771.94,1175,2
1318104952.12,1175,1
1318105853.02,1130,16
1318106813.98,1130,1
1318107474.64,1175,11
1318110717.88,1176,10
1318111378.54,1176,11
1318113000.16,1130,3
1318114081.24,1176,11
1318116483.23,1176,17
1318118164.53,1176,12
1318118284.63,1225,62
1318121166.99,1333,1
1318125009.59,1285,10
1318125730.1,1331,19
1318126510.56,1333,4
1318134675.87,1332,3
1318141881.08,1332,8
1318143622.26,1290,2
1318152988.97,1290,9
1318153049.03,1217,37
1318153109.09,1147,123
1318162656.54,1240,5
1318164397.99,1330,14
1318166499.59,1331,10
1318166679.71,1120,2
1318167580.42,1120,6
1318169802.11,1332,5
1318173644.61,1121,3
1318175145.91,1331,1
1318176527.1,1330,90
1318177788.06,1333,11
1318180490.13,1332,7
1318189196.55,1330,69
1318189676.84,1163,1
1318197842.96,1328,16
1318201625.78,1237,20
1318202886.82,1328,9
1318203487.33,1329,9
1318211173.06,1169,1
1318212373.74,1305,10
1318213994.92,1329,11
1318214475.27,1330,1
1318214955.57,1330,1
1318217057.17,1192,4
1318217117.23,1171,6
1318217177.29,1168,90
1318221379.81,1323,8
1318230205.22,1170,2
1318236031.07,1170,10
1318241496.55,1309,10
1318242397.45,1316,10
1318244199.25,1316,6
1318244980.05,1316,9
1318245760.89,1316,4
1318246241.37,1316,1
1318247082.21,1316,3
1318249544.71,1316,2
1318252787.98,1300,2
1318253508.7,1194,20
1318256631.82,1300,26
1318258253.45,1300,14
1318261376.57,1300,1
1318261616.81,1300,3
1318263058.32,1285,1
1318263718.98,1211,11
1318263779.04,1205,2
1318263839.1,1191,88
1318264379.64,1299,2
1318264499.76,1191,97
1318264559.82,1191,110
1318264860.12,1299,8
1318265040.3,1299,11
1318265580.84,1299,6
1318267382.64,1290,22
1318267622.88,1293,1
1318270385.64,1288,2
1318274709.97,1282,7
1318275851.11,1191,105
1318276812.07,1280,20
1318277592.84,1280,3
1318280715.96,1278,12
1318282217.46,1276,11
1318285400.59,1195,153
1318286601.47,1275,13
1318287081.88,1276,4
1318289783.96,1279,5
1318292605.74,1190,140
1318296749.06,1290,85
1318299811.04,1296,27
1318303413.22,1191,2
1318303473.23,1190,185
1318305694.8,1297,57
1318310497.82,1296,14
1318316561.62,1190,66
1318316621.63,1190,134
1318317642.33,1295,1
1318317762.43,1260,3
1318322566.18,1293,5
1318327009.04,1293,1
1318327129.07,1293,23
1318331752.23,1292,9
1318331992.37,1291,6
1318332472.63,1180,105
1318332952.94,1291,4
1318333073.05,1173,1
1318333373.23,1151,2
1318333433.24,1151,97
1318338536.46,1150,10
1318338716.59,1150,10
1318341658.77,1180,77
1318343700.36,1288,14
1318344000.53,1289,5
1318345201.34,1151,73
1318345441.55,1151,96
1318348503.61,1288,10
1318348683.73,1150,42
1318349704.37,1128,11
1318352406.57,1120,9
1318354328.16,1120,27
1318355408.88,1274,30
1318356129.33,1274,5
1318356489.63,1274,3
1318359071.49,1269,9
1318359191.59,1269,4
1318359431.76,1268,8
1318359671.99,1266,4
1318360152.15,1120,44
1318361713.41,1259,18
1318361833.53,1260,4
1318362373.81,1121,1
1318362734.0,1259,5
1318362914.12,1119,35
1318363814.87,1258,10
1318364415.36,1256,5
1318364535.47,1260,21
1318366817.22,1262,10
1318369819.48,1120,44
1318370359.85,1249,28
1318373362.21,1120,1
1318374142.68,1246,11
1318374322.79,1246,1
1318375883.98,1245,1
1318377505.37,1243,5
1318379546.65,1125,54
1318379606.71,1092,44
1318379666.77,1055,94
1318380507.24,1029,1
1318385370.71,1099,10
1318385791.04,1099,1
1318389813.32,1099,5
1318394677.18,1097,17
1318396358.61,1025,4
1318406806.58,1098,25
1318422539.26,1098,2
1318422779.44,1098,11
1318422839.5,1100,1
1318422899.52,1100,3
1318422959.57,1100,1
1318423079.67,1100,1
1318423259.83,1100,1
1318423740.17,1050,1
1318424460.6,1097,106
1318425000.89,1105,18
1318432145.55,1159,1
1318432385.74,1159,28
1318432866.1,1051,22
1318434727.36,1050,121
1318434907.51,1160,12
1318435808.08,1160,11
1318435988.22,1160,6
1318436948.88,1160,2
1318437549.2,1051,157
1318438509.74,1160,17
1318438689.86,1160,12
1318440431.13,1051,3
1318440491.14,1051,100
1318442172.25,1158,14
1318442352.37,1158,14
1318442652.63,1050,10
1318445114.32,1158,22
1318446435.25,1159,10
1318447335.67,1158,4
1318447936.06,1158,8
1318448776.61,1052,102
1318451898.98,1051,7
1318453460.14,1051,4
1318453520.16,1051,100
1318456222.14,1050,53
1318458744.24,1050,6
1318464088.02,1148,52
1318464628.5,1153,4
1318467330.55,1152,1
1318476097.05,1150,16
1318479759.49,1152,2
1318495971.12,1152,1
1318496511.47,1080,4
1318496871.66,1080,1
1318504196.79,1151,4
1318512002.61,1152,35
1318512062.61,1154,9
1318512482.86,1158,5
1318513323.63,1158,57
1318514524.73,1162,47
1318514885.06,1163,2
1318515725.69,1083,8
1318515785.72,1078,14
1318517166.73,1181,61
1318517466.98,1259,14
1318519328.12,1257,17
1318522990.42,1086,11
1318527974.09,1296,128
1320017529.19,955,24
1320022092.51,953,8
1320027737.25,953,12
1320028337.84,1015.58,10
1320028698.18,1017.9,11
1320029418.86,954,25
1320032361.66,1016,1
1320033442.37,1016,10
1320034162.92,1016,3
1320039327.4,1015.9,18
1320042509.97,957,93
1320042870.23,1016,1
1320043770.98,1016,3
1320044491.62,954,1
1320044851.98,954,83
1320047794.39,1016,2
1320048274.78,1017.08571429,14
1320049955.97,953.5,17
1320051036.59,953.5,12
1320055599.74,1019.19230769,13
1320059802.65,1019,1
1320064125.65,1019.10526316,19
1320065506.5,960,50
1320065566.51,1019.575,12
1320066647.32,1019.8625,16
1320068748.33,1019,3
1320069108.51,1019,19
1320069228.54,1020,7
1320069949.14,1022,7
1320070669.67,1026,3
1320071630.47,1026.45,12
1320072471.02,1026,5
1320074031.94,963.872,25
1320076073.32,1024,4
1320079135.6,955.8,3
1320080576.31,956,110
1320081837.16,1018.91666667,18
1320084659.13,1015.5,2
1320084839.32,1016,10
1320085920.19,1018,14
1320086040.28,1003.40810811,37
1320086160.35,1019,15
1320086460.61,1019,10
1320087361.4,966.7,6
1320087481.43,963.264356436,101
1320087661.45,1020.46428571,98
1320088261.6,1053.47352941,34
1320089582.65,1054,1
1320090543.3,1048,10
1320090603.33,1048.9,8
1320090663.34,1050,4
1320090903.58,1050,8
1320093605.59,957.1,11
1320095947.22,1052.9,3
1320097148.2,958.081818182,11
1320098168.73,1052.96111111,18
1320099009.19,1063,30
1320099069.22,1166,33
1320099369.47,1198.94705882,17
1320099909.97,1207,19
1320103332.86,1281,55
1320105254.52,1294,10
1320106996.07,957.437142857,140
1320107536.43,1250,1
1320107596.45,957.1,1
1320108617.15,1249,10
1320109217.46,1249,2
1320110178.14,972,24
1320113360.55,1180.87272727,11
1320115161.72,1198,1
1320115461.85,1197,10
1320116422.56,1197,1
1320120445.81,1196.9,10
1320126810.49,1195,8
1320127290.82,961,56
1320132694.16,1176,22
1320133234.48,999.9,12
1320134795.41,963.1,19
1320135035.47,963.1,60
1320135155.57,963.1,2
1320137736.94,1120,4
1320142900.26,1099,1
1320143380.56,967,51
1320144161.13,1099,1
1320145662.2,976,62
1320145842.34,976,100
1320148184.16,977.091666667,96
1320149024.71,980,1
1320149084.77,977,293
1320150405.85,975,106
1320150586.01,975,294
1320152927.69,962,76
1320154848.9,1084.8,25
1320157610.74,979,87
1320158571.59,1007.9,6
1320158631.59,961,114
1320159111.89,960,34
1320159412.09,958,54
1320159832.29,953,7
1320159892.3,953,87
1320160492.76,951,47
1320160552.8,951,10
1320161033.11,951,19
1320162534.17,951.2,28
1320162834.37,951.2,163
1320164455.43,1045.63636364,11
1320164995.85,1044,9
1320165836.5,951,98
1320166316.85,951,131
1320167457.92,1014.5,1
1320167758.17,1014.5,8
1320168718.99,1014.3,11
1320169319.41,1014,13
1320170220.1,950,6
1320171301.09,950,78
1320173342.85,950,112
1320173943.46,950,40
1320175204.66,950,100
1320175324.78,920,223
1320176225.55,1011.4,19
1320176585.91,1011.4,6
1320176706.03,1011,11
1320176826.16,850,10
1320178027.22,1009.9,7
1320184453.27,877,5
1320185774.55,876.331578947,95
1320187035.39,950,5
1320190518.16,949,7
1320190878.52,949,2
1320192199.8,875,1
1320192680.27,949,9
1320192740.33,950,39
1320193220.78,875,110
1320193701.22,875,50
1320196223.41,930,3
1320196823.98,930,13
1320198265.36,875,39
1320198805.85,946.821052632,19
1320200667.6,948.8,117
1320200727.62,948.9,2
1320201087.98,948.9,1
1320201388.23,948.9,5
1320203129.72,948.9,14
1320203249.8,950,14
1320207393.3,948.9,1
1320210035.32,948.9,1
1320210095.35,877,7
1320210455.66,950,1
1320214479.24,950,88
1320215980.62,950,8
1320216220.8,900,100
1320220244.31,878,12
1320220424.47,878,3
1320221745.62,878,100
1320223307.09,948,2
1320224267.86,948,7
1320224568.12,948,10
1320224688.24,948,12
1320226069.45,949,6
1320226129.51,900,1
1320228291.41,950,14
1320232855.24,950,5
1320232915.31,950,60
1320234056.35,950,1
1320235617.66,950,5
1320236338.29,950,13
1320238379.92,885.477868852,122
1320239340.73,949.5,14
1320240301.5,877.6,25
1320240361.5,876,30
1320240901.99,950,13
1320243303.68,950,13
1320245765.8,950,32
1320246426.43,934,10
1320248047.91,910,100
1320248708.53,934,1
1320249188.94,942,35
1320250630.39,949,9
1320252672.04,949,4
1320254053.35,877,64
1320254173.48,876,1
1320254834.09,949,9
1320255554.78,949.071052632,38
1320257116.28,910,13
1320257356.52,949.9,10
1320257836.85,878.134,50
1320258857.72,948.9,3
1320259458.28,948.922222222,9
1320263360.69,947.7,11
1320263420.73,947.8015625,64
1320263540.77,900,104
1320265402.1,947,4
1320266783.06,947,1
1320267923.57,947,6
1320268103.66,947,4
1320269304.59,948.15,14
1320269905.15,948.905555556,36
1320271046.0,962.5,18
1320275249.39,975,39
1320275849.96,979,56
1320275910.02,981,13
1320281193.2,981,2
1320282514.23,981,49
1320282994.67,921.024489796,49
1320284495.71,1010.36,15
1320290439.45,1010,10
1320291460.31,1010,13
1320297465.19,1007.892,25
1320298666.03,1009.9,4
1320308813.91,1009.83518519,54
1320313016.71,921,31
1320313977.42,921,4
1320314097.49,920,238
1320316919.14,950,5
1320318780.37,998.9,19
1320319080.62,1022.78417722,158
1320325504.74,1071.54639175,97
1320326045.12,1146.9,5
1320326285.35,1146.9,1
1320334751.07,1028,3
1320340154.68,935,4
1320340575.01,935,163
1320343877.3,1008.9,1
1320344537.74,925,15
1320345558.3,920,1
1320347899.91,959,6
1320350481.56,950.274074074,27
1320351502.35,912.1,3
1320353063.18,912.1,50
1320357086.65,903.5,39
1320358768.18,900.759090909,66
1320373901.03,943,1
1320380386.92,941,8
1320380927.43,941,1
1320382488.89,941.75,12
1320391797.54,905,1
1320391857.6,900,10
1320393779.28,941.9,6
1320396842.16,900,159
1320401646.3,941.9,8
1320405009.22,940,12
1320405129.34,878.1,8
1320405189.4,912.211111111,9
1320406270.39,875.1,5
1320408132.04,875.1,1
1320409933.71,939,3
1320410594.28,939.15,10
1320412215.83,939.280952381,42
1320415038.58,875.446153846,26
1320419722.92,875.1,5
1320420083.28,929,14
1320423206.25,875,5
1320424167.17,869,189
1320424407.43,846.274468085,235
1320428191.02,913,10
1320430292.97,912.9,2
1320430833.57,912,17
1320432695.28,850,5
1320434797.16,912,1
1320437379.39,911.8,43
1320439121.12,911.7,13
1320441943.96,850,5
1320444046.1,850,4
1320444166.22,850,15
1320445787.84,850,150
1320447709.76,806,114
1320451253.32,888.8,5
1320451553.62,888.8,5
1320454196.26,888.8,5
1320454436.5,908.9,3
1320459241.3,908.419230769,26
1320462336.76,910.733333333,66
1320465578.95,911.257142857,14
1320469961.8,910.942857143,14
1320470502.34,912.263157895,19
1320479451.3,914,2
1320482514.37,888.142608696,115
1320485577.43,914,14
1320486778.63,914,4
1320490561.79,850,10
1320490921.99,914,14
1320492962.71,914,13
1320494463.2,914,2
1320495423.38,914,14
1320497524.07,915,14
1320499804.84,915,14
1320499864.84,828,13
1320499924.86,825,43
1320505694.21,914,25
1320508817.34,915,14
1320511159.68,910,3
1320511219.74,910,1
1320512240.76,910,2
1320512541.06,910,2
1320521019.65,899.9,2
1320523481.73,899.9,4
1320523721.97,899.9,1
1320527145.05,810,28
1320527205.09,810,91
1320528345.94,847.921973094,223
1320528406.0,810,185
1320534110.63,897,10
1320538194.22,850,2
1320540115.78,894,39
1320645675.6,971.905813953,86
1320649999.19,1018,10
1320651260.2,921,50
1320651320.26,861.006153846,195
1320651380.3,861.083809524,105
1320655223.36,998,2
1320655523.59,998,36
1320655883.86,998,36
1320659906.89,860,1
1320665311.13,970,8
1320665371.19,970,13
1320675878.98,969.967647059,68
1320677199.94,970,13
1320677680.32,970,13
1320680382.42,969,13
1320680922.77,969,43
1320681883.26,866,1
1320682183.51,970,14
1320684525.08,969,5
1320692569.46,920,34
1320695211.04,960,3
1320697192.36,870.1,26
1320700674.57,949.055,20
1320701515.08,955.231428571,35
1320701695.19,871.1,4
1320703376.15,871.1,6
1320704817.15,959.9,6
1320704877.2,959.970588235,17
1320711241.48,918,10
1320713222.94,871.2,2
1320720968.18,917.342857143,14
1320721388.54,917,57
1320723489.8,919.316666667,18
1320730334.01,920,14
1320734776.45,920,14
1320743241.51,920,7
1320744202.04,920,2
1320744982.36,920,2
1320747023.89,920,13
1320747804.26,920,4
1320748344.58,880,15
1320749184.96,920,14
1320749605.11,880,38
1320750385.55,920,16
1320751586.19,920,104
1320754287.99,919.9,5
1320757289.62,919.9,4
1320757349.64,919.9,50
1320758009.96,920,6
1320763593.65,920,2
1320764554.16,868.207407407,486
1320764614.2,920,14
1320765814.82,919.9,5
1320765994.89,919.9,1
1320767435.68,919.623611111,72
1320767495.73,910,5
1320767555.78,911.99047619,189
1320772058.66,917,4
1320772718.98,861,187
1320773619.35,917,3
1320773859.48,917.393333333,15
1320776980.8,918,7
1320778121.41,875,22
1320778601.59,916,7
1320778841.66,918.063636364,22
1320779742.07,920,2
1320782323.29,914,28
1320783824.26,915,1
1320787426.68,914,7
1320787606.79,914,4
1320797393.65,914,26
1320799254.78,914,27
1320800455.37,915,2
1320804717.12,914,14
1320811080.38,914,14
1320815943.23,914,11
1320816063.31,915,1
1320817564.13,915,24
1320820265.88,915,6
1320820686.21,916.534482759,29
1320821406.77,920,2
1320821466.83,920,7
1320822187.52,920,8
1320824109.41,920,13
1320824409.71,920,6
1320828313.46,920,2
1320831977.14,919,4
1320832037.21,920,71
1320833658.84,920,7
1320836000.99,920,14
1320837082.01,919.96,15
1320840505.21,920,30
1320840985.71,920,70
1320841045.78,950,3
1320841346.08,880,67
1320842727.35,950,25
1320843748.23,880,198
1320844468.96,949.9,7
1320850293.64,929.9,8
1320852155.18,942.976923077,13
1320852575.56,949.9,1
1320853476.38,949.947058824,17
1320854136.86,949,13
1320855458.16,863,28
1320856118.74,947.9,3
1320857860.3,948.696,75
1320859061.46,860.181818182,11
1320860202.42,947,9
1320860742.95,947,4
1320861523.69,860.1,4
1320861643.76,860,42
1320862604.62,946,13
1320862664.68,861,47
1320868670.42,860,200
1320868850.6,921,21
1320869331.03,860,95
1320870171.62,939,10
1320873534.77,920,10
1320874675.86,860.1,12
1320875817.01,860,336
1320878039.06,919.32826087,92
1320878459.48,855,118
1320878519.54,850,4
1320881221.98,919,40
1320881342.1,920,39
1320884404.64,944,13
1320885125.32,944,9
1320887467.15,944,13
1320887827.52,944,14
1320890829.52,945,41
1320893831.28,945,13
1320898574.31,946,28
1320902236.4,946,13
1320908540.54,945,73
1320908660.65,948.630769231,26
1320909020.95,949.9,14
1320913223.02,963.589189189,37
1320915804.03,939.95,4
1320916584.38,890,99
1320920125.98,900,10
1320920486.11,900,45
1320921806.87,836,1
1320923667.8,900,14
1320930211.17,855,47
1320932192.27,899.9,1
1320932972.58,899.986842105,38
1320934953.58,850,250
1320935193.67,899.966666667,21
1320938615.08,850.1,5
1320940415.65,899.889208633,139
1320941436.15,850.107142857,14
1320942576.58,850.1,1
1320942816.76,899.703571429,56
1320944497.71,899,37
1320944617.74,850.158139535,86
1320944857.8,899,3
1320944977.87,850.1,103
1320946118.55,898.9,8
1320946298.69,898.942857143,14
1320947199.3,899,29
1320950021.41,898,14
1320950681.87,850.025274725,91
1320950801.94,850,48
1320950862.0,850,49
1320951582.47,890,3
1320951642.53,890,40
1320951882.71,812.476470588,17
1320956085.68,888,5
1320958426.8,888,14
1320958726.95,810,123
1320959867.47,888,14
1320961548.23,885,22
1320961668.28,885,2
1320963229.22,810,100
1320966230.87,884.8,1
1320968932.28,810,187
1320968992.32,878,14
1320971153.85,811,75
1320972835.09,855,11
1320973735.75,857,20
1320973795.75,858,1
1320974696.27,811.428571429,42
1320978538.19,856,16
1320978898.41,856,23
1320979678.76,810.171518987,158
1320981779.74,810,41
1320985561.81,746.311616162,198
1320986222.23,693,8
1320989404.25,855.4,16
1320990544.92,700,15
1320991085.21,855.575263158,190
1320992286.06,700,2
1320992946.53,855.9,23
1320994447.45,855.516363636,55
1320995708.08,857,5
1320998169.55,857,48
1320998349.64,859,14
1320998709.78,877.74,15
1320999670.34,884.9,11
1320999910.52,884.913333333,15
1321006454.77,748,16
1324073522.48,876.2,5
1324074363.32,876.066666667,15
1324075564.52,878.791099476,191
