1310673022.96,9.9153,0.37
1310675124.33,9.9153,0.25
1310743650.88,9.9153,14.38
1310753502.1,10.0,0.08
1310753802.4,10.5,18.74285714
1310759087.69,10.5,2.09523809
1310842751.69,9.9003,0.080806
1310843412.34,9.8,36.87
1311008100.67,9.00587237987,1.87130435
1311021069.68,9.7778,0.919194
1311026053.18,9.7778,0.97
1311029295.24,9.7778,0.000806
1311032057.27,9.78891195435,1.00011135
1311032177.36,9.79088047803,4.10687921
1311032237.37,9.79867834906,10.20545659
1311036259.91,9.8,1.27674685
1311036379.93,9.9,6.25
1311036560.03,10.0,11.90861587
1311094863.89,9.9,0.08
1311095224.25,10.0,9.7968
1311107358.14,9.8753,0.08
1311157211.77,9.50802,0.0005
1311184059.97,9.8765,0.81
1311187423.49,9.9,0.08
1311189165.23,10.0,0.0877221
1311189285.35,9.901,0.93
1311245203.71,9.9008,0.17
1311245864.37,9.9008,19.78
1311246705.21,10.0326358243,9.84387369
1311278660.25,9.5422,0.083
1311598603.44,9.95,10
1311606892.41,10.1,2
1311609955.47,10.0,0.5
1311610736.25,10.0,0.3
1311617644.14,10.0,2.5
1311621247.74,10.0,0.15
1311621788.28,10.0,10
1311664311.66,10.0,1.55
1311710595.96,9.7986,3
1311742780.25,10.2,5
1311773397.18,10.2129,0.26632911
1311774237.64,9.7986,0.73367089
1311831516.35,9.806,5
1311833677.78,10.0,12.969064
1311833797.89,10.19,6.77618842
1311836740.12,9.8023970087,8.0
1311836800.18,9.8002,0.25417534
1311836860.24,9.7986,9
1311842023.7,9.9167,2.7
1311850129.35,10.0,10
1311850189.41,9.9167,11
1311850369.59,9.9167,1.3
1311850789.87,9.7986,0.06632911
1311856734.0,9.5,5
1311858955.49,9.799,10
1311868922.69,9.79,5
1311875107.46,9.773,6.03181578
1311875227.57,9.772,3.07
1311883693.96,9.79,4.59652706
1311886276.08,9.63115595754,14.318
1311889338.62,9.65047031664,11.08547294
1311920144.88,9.654,8.73
1311920745.64,9.654,10.09853922
1311920865.76,9.5503,14
1311944651.55,9.78,6.52249488
1311952279.26,9.78,1
1311959186.9,9.6214,6.6
1311959367.08,9.58008569258,14.49367089
1311965072.82,9.58,0.01
1311965132.88,9.48289172442,9.0
1312097102.71,9.6,1
1312097222.83,9.4663,11
1312107734.1,9.4663,0.31332911
1312203213.4,9.162,0.5
1312215525.26,9.162,2.58022265
1312218888.57,9.162,0.01091464
1312232582.59,9.16,2
1312241831.45,9.11,9.55170602
1312260990.37,9.11,0.0495
1312265974.81,9.162,2.40013097
1312267175.93,9.11,20
1313230495.78,7.5,3.6
1313351802.9,7.5,0.5005
1314088215.1,7.7739,0.12863556
1314098726.62,7.7739,0.10007846
1314098786.68,7.7739,0.10033573
1314098906.8,7.7739,0.33809281
1314100288.19,7.72726969697,0.165
1315350284.1,5.73182232186,600.67749
1315403253.68,5.00505,0.25
1315418448.86,5.39999,10.22366
1315418989.4,5.4,5.99093
1315422052.46,5.39,1.0
1317044834.94,3.90632,2.7763
1317051321.21,3.90624759277,87.223
1317051381.27,3.9,0.0007
1317051861.75,3.75,6.41565
1317056005.93,3.7,70.0
1317130780.74,3.7,28.0
1317156726.63,3.7,0.58833
1317198288.16,3.6,2.0
1317199849.72,3.6,4.0
1317228798.71,3.55,0.48592
1317233963.86,3.89,3.0
1317235945.84,3.89,0.5
1317380209.92,3.76,5.0
1317384534.24,3.76,0.26788
1317384594.3,3.85,1.70888
1317384774.48,3.89,0.765
1317387176.88,3.35,1.70888
1317494144.05,3.89,0.25989
1317494264.17,3.89,0.25732
1317494384.29,3.89,0.51182
1317494444.35,3.89,0.95937
1317494504.41,3.89,0.25732
1317629279.05,3.86,2.59974
1317629399.17,3.86,0.42995
1317733122.85,3.86,5.05
1317754744.53,3.45853836364,110.0
1317758828.62,3.45,60.0
1317759008.8,3.4,29.0
1317773543.34,3.41,5.44761
1317808197.95,3.77475,5.98425
1317808378.13,3.77475,1.94968
1317808558.31,3.77475,0.05
1317808738.49,3.77475,7.19912
1317809098.85,3.77475,3.81695
1317917127.73,3.59986,2.97934
1317917307.95,3.59986,0.87578
1317917608.31,3.59986,1.06082
1317921755.36,3.59986,0.24306
1317927883.44,3.55313,0.4458
1317933531.39,3.55387,0.5
1318007956.19,3.41,1.32
1318011619.97,3.41,4.0
1318012040.39,3.41,0.90469
1318012160.51,3.41,0.4481
1318017986.5,3.4,50.0
1318018947.46,3.4,110.0
1318019187.66,3.4,33.0
1318019247.72,3.54336,0.46227
1318025552.63,2.8,0.1
1318071438.6,3.2,9.74612
1318113600.76,3.004597974,40.0
1318113720.88,3.00459,5.2
1318113841.0,3.00459,7.28
1318114081.24,3.00459,5.2
1318114621.78,3.00459,24.14351
1318114741.89,3.00459,1.0
1318158272.97,3.34820738793,58.0
1318166799.83,3.4,60.0
1318168841.36,3.60289427374,100.0
1318168901.42,3.91899394584,43.90037
1318171303.14,3.90474512176,2.09963
1318172323.82,3.3,2.4844
1318174425.31,3.122,0.0001
1318196642.04,3.13,0.0001
1318248463.63,3.01001,30.0
1318276451.71,3.12023,42.10957
1318276571.83,3.12023,35.0
1318276631.89,3.12023,1.32777
1318285460.65,3.12023,0.56266
1318288943.31,3.0607,30.0
1318324667.61,3.0607,2.29
1318324727.65,3.00459,0.01048
1318356970.04,2.83679376424,0.04827
1318400982.36,2.93427,0.48988
1318405425.44,3.125,0.43376
1318423319.89,2.93427,9.0
1318445174.33,2.82141228905,77.5
1318445234.39,2.60369152538,40.0
1318449256.97,3.0,8.2
1318449797.32,3.0,8.3
1318449917.42,3.0,8.4
1318450037.49,3.0,8.5
1318450157.6,3.0,8.6
1318450698.0,3.0,8.7
1318450818.08,3.0,1.881
1318454180.54,2.99,0.001
1318459825.0,3.0,0.1072
1320051156.65,2.3367,39.5
1320065506.5,2.32786,0.1
1320077634.55,2.28615,4.50645
1320077694.61,2.28615,4.71814
1320077814.71,2.28615,0.72262
1320078054.91,2.28615,0.10485
1320078174.99,2.28615,9.8351
1320078895.47,2.28615,0.6549
1320078955.49,2.28615,9.73907
1320079135.6,2.28615,1.01591
1320081296.71,2.28615,0.65633
1320081897.19,2.28615,0.6618
1320082677.64,2.28615,0.65652
1320082737.7,2.28615,6.38141
1320106515.72,2.2862,0.28736
1320126390.24,2.32786,0.4
1320141399.51,2.5,0.71013
1320141519.56,2.5,0.70617
1320141579.63,2.5,11.04552
1320141639.69,2.5,4.46521
1320149144.81,2.42447,0.71767
1320155809.56,2.42447,10.94237
1320155869.57,2.42447,1.3227
1320157730.86,2.42447,0.72037
1320157790.88,2.42447,0.72071
1320158091.08,2.42447,0.96581
1320158271.23,2.42447,4.50207
1320158451.45,2.42447,0.72687
1320170700.54,2.42447,2.01694
1320172382.09,2.33560481372,6.98061
1320175624.99,2.2,11.5
1320191539.16,2.33907,0.11272
1320191659.28,2.33907,0.09206
1320220904.92,2.4,0.5
1320221025.04,2.5,11.46839
1320221145.11,2.5,11.03161
1320238740.3,2.35042,77.19
1320326345.41,2.30011,1.13742
1320326585.6,2.30011,1.13742
1320326645.63,2.30011,1.01104
1320326705.64,2.30011,1.13742
1320326765.67,2.30011,1.13742
1320326885.77,2.30011,1.13742
1320326945.83,2.30011,1.13742
1320327005.86,2.30011,1.13742
1320327065.89,2.30011,1.13742
1320327125.9,2.30011,1.01104
1320327245.96,2.30011,1.2638
1320327306.02,2.30011,13.3963
1320327366.02,2.30011,10.99508
1320328807.0,2.30011,2.40737
1320330488.01,2.30011,11.5006
1320330548.04,2.30011,9.47851
1320330668.08,2.30011,12.38526
1320331568.79,2.30011,5.66866
1320332529.47,2.30017,0.66407
1320348260.19,2.38472,0.98567
1320348320.22,2.38472,49.01
1320348380.28,2.38472,0.00433
1320350781.81,2.30012,0.14067
1320407951.85,2.38472,25.0
1320408912.68,2.31,16.98
1320414377.93,2.38472,4.96684
1320414437.99,2.38472,5.033
1320416540.07,2.4,3.69
1320417140.65,2.39959185309,0.00599
1320417801.21,2.30065,0.90116
1320417921.33,2.38472,23.77654
1320418221.55,2.38472,0.03201
1320420443.61,2.3,2.0
1320426989.81,2.30772,2.72962
1320465338.84,2.3,28.8
1320488760.59,2.27,0.14663
1320489781.42,2.27,0.16735
1320491942.41,2.3,2.5
1320493022.73,2.27,9.686
1320493682.93,2.260672952,44.58
1320494523.21,2.26,41.06
1320499864.84,2.38472,1.44226
1320499924.86,2.38472,1.80249
1320499984.86,2.38472,46.75525
1320500705.11,2.22,0.79739
1320504553.01,2.22,8.78622
1320504613.07,2.22,0.41639
1320506234.75,2.2184,0.70176
1320506294.81,2.2184,0.94955
1320506354.87,2.2184,4.83823
1320506535.05,2.2184,0.11274
1320508456.98,2.20989416863,11.89772
1320508517.04,2.17,19.3
1320508937.46,2.16,0.94752
1320510018.54,2.16,2.03094
1320511279.8,2.5,0.029
1320762212.92,2.21111,75.91917
1320765814.82,2.38472,12.3
1320790668.77,2.35,20.8
1320792470.01,2.21111,0.01297
1320795352.21,2.31941,25.05095
1320795472.31,2.31941,8.64096
1320821947.27,2.21047144618,59.0
1320829694.86,2.35,0.449
1320848732.51,2.24956686519,92.35
1320850714.01,2.34999,20.0
1320856058.68,2.27,4.0
1320866988.77,2.22,27.5
1320871072.45,2.2,1.0
1320887046.85,2.2,1.5
1320890349.13,2.2,3.8
1320890409.16,2.19002,11.2
1320912982.97,2.19003,10.0
1320914963.67,2.34999298262,42.751
1320915083.73,2.35,8.31312
1320917004.59,2.35,10.02
1320917064.64,2.35,27.91588
1320931231.66,2.19002,16.25622
1320931291.7,2.19002,9.09472
1320931351.76,2.19002,9.8181
1320931531.92,2.19002,9.9631
1320931591.96,2.19002,5.34306
1320932432.39,2.19001383248,100.0
1320932492.39,2.19001,35.0
1320932612.45,2.19001,0.98094
1320947079.23,2.19002,0.1
1320947559.65,2.39166666667,6.0
1320949240.83,2.39,1.0
1320949360.95,2.4,1.0
1320949481.07,2.3,0.06043
1320949541.08,2.32518506828,11.91182
1320949601.09,2.27725930913,1.91441
1320949661.16,2.26,2.11334
1320949721.22,2.38910507753,3.04518
1320949781.28,2.24969686473,10.5554
1320949901.34,2.43180179429,3.71846
1320949961.35,2.38037078659,3.18566
1320950021.41,2.20549025973,0.91211
1320950081.43,2.21,29.38789
1320950141.49,2.20309,0.77404
1320950201.51,2.20997709629,1.7
1320950321.59,2.2,9.86915
1320950982.07,2.19003817735,58.49905
1320951042.07,2.19026383654,10.082
1320951222.16,2.15,8.92
1320953444.01,2.29602547933,3.77404
1320959267.24,2.2,0.13303
1320962268.72,2.3,1.872
1320962388.76,2.3,7.66707
1320962748.96,2.3,0.46093
1320963349.3,2.2,0.44994
1320965570.52,2.19060005787,1.41703
1320966410.94,2.15,2.0
1324074603.56,2.4804192,50.0
1324198467.98,2.49001,1.12
1324206576.08,2.51,98.793
1324206696.2,2.52,9.105
1324206876.38,2.53,1.0
1324206936.44,2.539,4.3114
1324207056.56,2.54,12.0
1324207416.92,2.49001,5.8376
1324215825.32,2.53999733333,30.0
1324216726.22,2.5,60.0
1324228858.34,2.52,33.96
1324232221.7,2.52485293767,36.03999
1324232281.76,2.53749,65.82107
1324232401.88,2.53749,37.12084
1324232461.94,2.53749,61.01809
1324282857.72,2.5055,0.52
1324287302.16,2.52,0.76999
1324290485.34,2.539999998,100.0
1324293067.92,2.53,10.8
1324297752.65,2.64450244826,20.0
1324298653.66,2.649,5.0
1324298713.74,2.795,0.114
1324299734.88,2.56005,44.24231
1324299794.94,2.56,4.25
1324301176.45,2.65,10.0
1324303578.89,2.76,4.24999
1324312648.09,2.715625,32.0
1324318834.3,2.791974,90.0
1324320515.98,2.795,7.97
1324325621.13,2.79495,16.0
1324326642.16,2.64228,3.0
1324326702.22,2.77504950495,101.0
1324327302.83,2.795,23.08
1324328323.85,2.795,7.868
1324329885.43,2.795,1.0
1324330005.55,2.795,1.0
1324330425.97,2.795,0.99998
1324330726.27,2.795,1.0
1324331086.63,2.6462619871,2.0
1324333188.73,2.64234,13.0
1324334630.19,2.65377,6.09999
1324335711.27,2.64234,0.25863
1324338113.67,2.65377,1e-05
1324341356.91,2.75,50.0
1324341416.91,2.6423,50.0
1324342257.75,2.83504,0.00211
1324359496.82,3.31997,10.0
1324367905.38,3.20006,14.69029
1324370247.76,3.2,1.0
1324370608.12,3.2,10.0
1324371569.08,3.2,3.0
1324371809.32,3.1012534,1.0
1324373190.7,3.11166666667,24.0
1324376313.82,3.19994,0.09063
1324376433.94,3.10006,0.18126
1324380097.68,3.1,1.6
1324380518.1,3.19626666667,3.0
1324386944.61,3.36169319757,40.04199
1324387184.85,3.2,9.99999
1324387244.91,3.2,7.325
1324388506.17,3.37,13.9823
1324390127.82,3.2,1e-05
1324390308.01,3.16858679075,20.57
1324391449.16,3.28984,0.00195
1324391509.22,3.10429192838,4.65991
1324391629.34,3.07,5.34
1324391689.4,3.07,9e-05
1324392590.3,3.07006,1.0
1324394572.28,3.1,1.0
1324461890.22,2.92098,0.6
1324462610.94,2.92098,0.32
1324469277.6,2.92098,7.489
1324471860.18,3.0,4.0
1324473962.28,3.18612548875,80.0
1324481229.56,2.92098,39.4
1324487115.44,3.069,14.3
1324512420.76,2.92792847691,12.33331
1324527615.94,3.0,6.0
1324528216.54,3.0299558417,55.98042
1324597138.72,3.0,9.5
1324606207.8,3.0,3.97999
1324622057.4,2.962173832,0.1
1324627981.78,2.962092116,0.1
1324641375.17,3.1365003475,120.0
1324643116.91,3.05,17.0
1324647981.77,3.05,33.0
1324649663.44,3.0,0.02
1324660234.06,2.97014664189,4.9242
1324664077.9,3.0,1.34
1324664678.51,2.96007004047,98.66
1324669122.97,3.04994,13.0
1324670384.23,3.05,11.69438
1324674250.47,2.99703990882,34.43809
1324674310.53,2.96006,105.0
1324675191.24,2.96006,3.0
1324675851.9,2.96015,0.00941
1324677293.34,2.96880520362,0.5525
1324686107.68,3.03,0.5525
1324686167.74,3.04,11.0
1324709702.96,3.04,22.19502
1324747247.6,3.03994,1.265
1324755328.53,3.0,1.97167
1324761214.41,3.00006,1.0
1324765178.37,3.00006,82.51
1324765238.43,3.0,17.49
1324799112.27,3.03,5.0
1324801935.09,3.0459451332,25.0
1324802716.0,3.0,13.17596
1324807460.79,3.05,4.39166
1324812931.53,3.06499998456,9.7146
1324812991.59,3.065,10.2854
1324813111.71,3.07999997,5.0
1324813171.77,3.08999999,10.0
1324813652.27,3.103999992,25.0
1324813832.46,3.11999998,5.0
1324814312.95,3.11000000981,10.19087
1324814373.01,3.11,89.86029
1324814493.14,3.17994,59.99999
1324814553.2,3.17994642366,39.62198
1324814613.27,3.19009,17.99999
1324814673.35,3.19999995045,2.0
1324815093.81,3.22999994,5.0
1324815514.25,3.33999990911,16.0625
1324818156.92,3.17378,0.99999
1324818216.98,3.17378,1e-05
1324820679.44,3.16,0.68265
1324822421.18,3.2996928351,22.79362
1324823562.32,3.16745,0.99999
1324823742.5,3.16745,1e-05
1324824102.86,3.3,55.36692
1324827946.7,3.23027,3.45
1324830289.04,3.29,0.1
1324835093.85,3.29,29.9
1324835514.27,3.26,0.02
1324835694.45,3.26007,4.0
1324838277.08,3.29999,3.26008
1324840439.25,3.26007,3.26008
1324842060.87,3.26007,22.33
1324844823.64,3.26082212227,7.38333
1324845123.94,3.11008,10.19086
1324846600.38,3.1,4.42581
1324847681.47,3.2,31.88947
1324850203.99,3.2,6.68472
1324865099.15,3.3,10.0
1324921868.79,3.03,4.0
1324927214.13,2.92816,50.0
1324938085.01,3.09994,7.0
1324991817.39,3.041783,1.0
1324993499.07,3.03801141463,24.1795
1324996381.96,2.95178,1.7455
1324998484.06,3.06,4.18
1324998544.12,3.07,52.4
1325001186.77,3.08994,0.9709
1325009114.69,3.00006,6.1
1325012778.36,3.08994,10.0
1325063099.16,3.18885806703,84.0
1325063219.28,3.189,0.32
1325065561.62,3.18894,0.75
1325070306.36,3.11,10.0
1325070786.84,3.1706515562,34.7
1325076792.85,3.16,0.48
1325080036.09,3.16,0.42079
1325082378.43,3.15,9.579
1325086702.75,3.19250266961,37.11221
1325087783.83,3.2495490363,76.58
1325088204.25,3.24994307409,97.59
1325088504.55,3.25,148.6
1325090666.71,3.33150001,20.0
1325090726.77,3.34,9.65
1325092948.99,3.25,0.045
1325105801.84,3.20006,0.795
1325109885.92,3.20007,4.59
1325110546.58,3.20007,118.3
1325110606.64,3.20014,0.5
1325110726.76,3.20007,21.2
1325111988.03,3.20006,0.1
1325112108.14,3.20006,0.1604
1325148748.64,3.32956,30.0
1325149649.54,3.33,0.1
1325149769.67,3.32956,188.0
1325153058.53,3.32956,0.0021
1325153779.25,3.32753364209,85.0
1325165911.36,3.3,2.2
1325168373.77,3.3,7.0
1325169154.55,3.31,120.0
1325172758.17,3.24,3.0
1325174019.43,3.219,10.0
1325176962.38,3.21,69.0
1325184910.14,3.32885360432,41.7
1325186519.59,3.32985333333,15.0
1325323737.63,3.329,0.2
1325323797.69,3.329,0.00188
1325328722.56,3.34489473684,19.0
1325328902.74,3.345,0.1411
1325329323.16,3.345,20.92
1325329383.22,3.345,2.69
1325332025.86,3.31,8.9
1325333587.45,3.31,3.5
1325333888.01,3.36024846945,72.5689
1325334849.04,3.48999588571,7.0
1325334969.16,3.49977967447,229.23787
1325335029.23,3.5,27.8
1325335269.48,3.44247492939,27.263
1325335449.68,3.56989822616,10.17
1325337612.07,3.59571874074,0.27
1325343738.38,3.33007,1.67
1325347522.16,3.5990339628,58.00994
1325347582.22,3.64999400357,168.1
1325348062.73,3.64947829775,70.73
1325481190.27,4.03017,1.0
1325487109.85,4.03017,1.0
1325489938.48,4.03017,15.0
1325503031.61,4.18363645974,17.64915
1325505073.65,4.19,28.6
1325505253.83,4.2,40.2
1325506875.47,4.21,40.0
1325508136.75,4.215,14.19999
1325509398.01,4.21465428364,55.0
1325509758.37,4.21490682609,23.0
1325510899.52,4.215,5.6
1325511920.71,4.07065800296,12.46222
1325512040.84,4.08,1.0
1325512521.32,4.07,2.0
1325513061.87,4.2,0.2
1325513242.08,4.03126630996,213.06
1325513362.21,4.00008,15.0
1325513722.59,4.0,15.0
1325513962.83,4.11992,8.0
1325514923.81,3.89160211921,151.0
1325517926.87,4.13992,0.06
1325523332.29,4.0,0.99999
1325523572.53,4.098999901,10.0
1325523632.58,4.09892,10.0
1325523812.77,4.08,10.0
1325524893.85,4.05992,3.0
1325524953.91,4.05689572989,20.14
1325525074.03,4.05992,0.02
1325525554.51,4.08992,0.0007
1325526815.78,4.07992,0.23
1325529790.28,4.07982,7.0
1325531231.72,4.00018,9.69
1325532252.74,4.00018,50.0
1325536431.3,4.0799,32.0
1325537452.33,4.061,1.0
1325539677.56,4.01,0.92
1325540758.64,4.0,9.0
1325543101.26,4.0,5.14173
1325543461.62,3.95008,102.6
1325543521.68,3.95008,81.0
1325545683.87,4.05992,2.0
1325550212.22,4.011,4.0
1325554836.85,3.96108,0.78
1325556098.13,3.95344008006,15.988
1325588606.83,3.8,8.89999
1325589087.32,3.89999994885,19.54999
1325589147.38,3.9,17.45001
1325594432.7,4.04992,2e-05
1325594793.07,3.71008,3e-05
1325594913.19,4.01100736,20.0
1325595393.67,3.9411,15.0
1325596775.18,3.9,10.0
1325596835.27,3.85,20.0
1325596955.4,3.75020833333,48.0
1325597015.46,3.71,10.0
1325598096.56,3.88,10.0
1325598276.74,3.75,10.8
1325601459.93,3.65,10.0
1325601700.17,3.97,38.0
1325602300.77,3.68404,0.00202
1325602360.83,3.943975,10.0
1325602420.89,3.97952563843,15.2837
1325602480.95,4.00261621622,37.0
1325602541.01,4.05482940484,24.649
1325602661.13,4.06,1.58
1325603261.73,3.61404,0.00203
1325604583.05,3.7,40.8
1325606745.22,3.84993,1.0
1325606805.28,3.84993,2.0
1325606925.4,3.84993,50.0
1325611850.32,3.749186,5.0
1325613411.88,3.748,3.74999
1325616234.71,3.63008,0.21
1325617195.67,3.748,1e-05
1325617315.79,3.82296,2.99999
1325621700.19,3.63007,83.0
1325622060.55,3.74993,3.0
1325623742.24,3.74993,50.99999
1325623922.41,3.75,100.0
1325647029.97,3.82992636932,75.11
1325647390.32,3.8,7.0
1325647930.83,3.77333333333,15.0
1325661143.22,3.765,10.0
1325661743.83,3.755,50.0
1325662044.14,3.74,10.0
1325662584.65,3.74,2.03972
1325662884.91,3.74,29.0
1325664206.15,3.74004834906,21.2
1325669010.67,3.84905733704,10.0
1325670331.93,3.84992,20.0
1325670452.06,3.85,5.07
1325670512.12,3.8721,5.0
1325671473.01,3.93,0.00195
1325671953.49,3.93091061091,2.2
1325672494.01,3.8899968742,25.923
1325672674.19,3.93992,0.05
1325673454.94,3.925,26.0
1325673995.48,3.89,0.004
1325674415.89,3.89992,26.173
1325674716.19,3.94,24.81
1325677358.8,3.93992,0.0021
1325678800.17,3.94,5.0
1325680001.37,3.93992,12.7
1325681743.08,3.93992,0.73138
1325683664.88,3.93992,12.7836
1325686170.75,3.952753,30.0
1325687251.8,3.979,13.0
1325689353.76,3.97950313229,4.19661
1325689593.99,3.98,12.0
1325689654.05,3.98,15.88855
1325690074.47,4.03875813177,43.41
1325690735.13,4.04036767388,31.5
1325690795.15,4.0499,19.50797
1325691155.46,4.05,29.24
1325691275.58,4.05989524319,37.42
1325695119.29,4.06976953125,128.0
1325695179.35,4.07723660231,62.81
1325695239.41,4.07999999996,28.3
1325696680.82,4.08,10.0
1325696861.01,4.0,6.0
1325697581.72,4.08999918286,35.0
1325699443.5,4.16414750995,18.90286
1325701004.98,4.19,8.0
1325701425.34,4.21896619126,16.28928
1325702626.51,4.2,14.14
1325702686.57,4.18009,75.0
1325703407.27,4.19,25.0
1325704067.85,4.28396770473,4.49973
1325705389.08,4.31999996611,9.0
1325705869.51,4.284,0.00027
1325706109.75,4.16,23.812
1325711875.95,4.19,23.81
1325713257.29,4.19,0.002
1325713497.54,4.27392006,10.0
1325714758.71,4.28,12.08
1325717521.34,4.20009,3.0
1325720103.88,4.3089,2.3208
1325727593.93,4.3089,2.6792
1325727653.99,4.3199,2.0
1325727714.05,4.32,3.00001
1325727954.27,4.4,2.0
1325728434.74,4.4,9.1224
1325729876.08,4.4,3.2511
1325730356.57,4.4,6.7489
1325731197.35,4.389,1.0
1325734860.91,4.4064,8.8
1325734920.97,4.33625,1.6
1325740866.83,4.3455925,1.0
1325742368.22,4.474,0.00268
1325748013.72,4.48287084,7.0
1325751076.74,4.49947566176,8.82007
1325754199.79,4.45,1.14
1325755821.3,4.57996726441,18.72531
1325756001.48,4.6499,1.3145
1325756541.96,4.60611,6.0
1325757562.85,4.6499,77.98
1325758343.59,4.65398117133,3.0
1325759364.56,4.656,12.00926
1325759484.68,4.76,7.0
1325759604.81,4.62,5.45
1325760445.65,4.82787382011,14.3
1325762367.53,5.0,0.11
1325763268.37,4.94,0.018
1325763328.44,4.90765736298,12.571
1325765550.63,4.69304347826,1.15
1325765610.69,4.7,1.5599
1325765850.93,4.95241180702,119.556
1325766211.29,5.0,1.1
1325766751.83,4.9999,10.0
1325766992.04,4.9,1.0
1325768253.24,4.91,1.0
1325768313.3,4.999,1.0
1325768493.48,4.9,1.0
1325768553.55,4.91,1.0
1325768913.9,4.9,124.4
1325769034.02,4.91,1.0
1325769694.64,4.9,1.0
1325769754.7,4.88,2.0
1325769874.82,4.91,1.0
1325769994.94,4.885,2.0
1325770535.44,4.865,2.0
1325771616.49,4.88,11.79
1325774739.42,4.6101,1.0
1325774859.54,4.8899,0.003
1325775580.2,4.8899,0.1
1325777321.76,4.8899,0.10352
1325777381.82,4.8899,0.1
1325778282.67,4.85,0.1
1325778522.91,4.6101,8.3
1325808526.63,5.3875,1.0
1325814292.14,4.92,0.16
1325815913.74,5.3075,0.735
1325821198.92,5.3075,0.265
1325822339.98,5.31,1.0
1325825402.99,5.4162,0.20297
1325827985.41,4.92031862517,4.0
1325828045.48,5.3,3.51
1325829727.08,5.2,4.4
1325833150.43,5.2,0.04
1325833270.51,5.3,0.61
1325833570.77,5.31,0.79
1325833630.84,5.31,0.00703
1325836033.16,5.05,5.0
1325836213.34,5.0,10.0
1325838915.92,5.4299,0.01
1325845702.33,5.42115338346,13.3
1325857893.75,5.3,0.00117
1325859034.85,5.3,1.99
1325859455.23,5.35233,1.75
1325861557.15,5.3,0.00883
1325862818.47,5.40810625,2.0
1325863839.48,4.92,18.3
1325865280.76,4.60618639987,77.43469
1325865460.92,4.6,1.0
1325865520.98,4.6,0.4065
1325865641.1,4.3961,0.19
1325865701.16,4.6,0.15881
1325865941.4,4.692,2.75
1325868103.44,4.7703125,3.2
1325868583.86,4.775,1.0
1325869604.88,4.79360419156,3.90881
1325871586.7,4.8,1.0
1325873328.44,4.9,4.0
1325874169.25,4.8,0.85
1325875130.13,4.95,0.5
1325875910.85,4.9921875,3.2
1325876751.72,5.3878598855,6.0
1325888342.43,4.60011,9.60633
1325890384.39,5.1,4.0
1325890564.58,5.1,96.0
1325890985.0,5.1,100.0
1325902456.06,5.1,21.0
1325912966.95,5.0,3.51
1325925219.32,5.18737666667,3.0
1325925339.44,5.2383135255,4.51
1325927681.83,5.25,1.9
1325930985.25,5.0,0.27
1325932546.71,5.0,1.87
1325939513.76,5.18558225508,43.28
1325948703.0,5.1,1.0
1325953207.54,5.1,4.0
1325955850.21,5.1,10.0
1325960775.15,5.1,100.0
1325960835.21,5.1,100.0
1325962576.92,5.1,15.0
1325978015.6,5.1,3.207
1325983600.95,5.007,5.0
1325985823.08,5.007,1.5
1325991048.01,5.09,2.13
1325991168.11,5.1,5.88236
1325996840.72,5.008,47.37
1326001465.22,5.008,9.735
1326003507.15,5.1,1.0
1326017380.82,5.06197520666,17.09411
1326017440.88,5.1,5.0
1326018942.39,5.1,38.99
1326019182.63,5.1,15.0
1326020023.49,5.0,0.02736
1326024648.22,5.0,11.0
1326028912.62,5.0,1.18914
1326029453.18,5.1,3.84943
1326033237.04,5.1,4.0
1326034137.99,5.05,0.5
1326034678.54,5.1,10.5
1326035459.33,5.00235849057,10.6
1326036480.36,5.0,1.0
1326038041.93,5.0,0.7
1326040804.73,5.01,0.96467
1326042906.86,5.01,0.965
1326043387.37,5.06639268367,33.16033
1326047471.4,4.99999996918,3.8
1326048252.17,5.0,0.0018
1326048972.88,5.0,5.9535
1326053117.08,5.0,4.295
1326053537.5,5.1,0.031
1326063747.84,5.13219945355,0.3294
1326067051.17,5.18851237181,7.21875
1326067231.36,5.19399,0.00761
1326068192.28,5.19399,0.02045
1326100675.82,5.00468682627,5.3341
1326100735.88,4.8,0.6659
1326110766.01,4.9,1.0
1326112688.09,4.95,0.05
1326122717.9,4.711,1.0
1326125219.05,4.98029578667,15.0
1326125759.59,4.71,3.77
1326127561.25,4.9979,35.0
1326129157.19,4.72,17.12
1326131860.11,4.71,3.1
1326131920.17,4.7,1.0
1326131980.23,4.61,4.0
1326134082.31,4.88072,20.0
1326135942.18,4.98945666667,6.0
1326143509.74,4.8,3.28593
1326145191.38,4.86,3.0
1326147293.5,4.62001,1.0
1326147353.56,4.61,0.095
1326148134.35,4.50000483092,2.07
1326148254.47,4.50002,0.023
1326150596.87,4.55,1.0
1326150777.05,4.6,1.0
1326151197.49,4.8,5.0
1326152458.79,4.55,4.46
1326155401.66,4.55,6.14733
1326159966.07,4.55,0.01
1326161227.4,4.55,1.34267
1326165551.61,4.56,1.12733
1326165972.08,4.85,0.46987
1326200388.17,5.1,25.82
1326200748.54,5.1,6.5618
1326261736.79,5.1001,54.291
1326262697.7,5.2144,5.0
1326263358.29,5.27636693915,11.01
1326265940.8,5.10023,0.75
1326267502.35,5.29172300981,18.34
1326271526.43,5.15011,1.79
1326272967.98,5.2,0.2
1326273868.85,5.20111,1.06
1326275430.36,5.29994738858,9.50364
1326275910.84,5.3,1.0
1326276271.18,5.3,0.3
1326276631.54,5.30710077519,19.35
1326277772.6,5.39160710514,91.272
1326277892.72,5.41,1.827
1326279334.14,5.20011,0.94
1326280715.46,5.3,0.99
1326282697.38,5.35,20.0
1326284318.97,5.35,1.73
1326284919.56,5.40757907498,12.28108
1326288403.06,5.4398,9.19
1326288463.12,5.5,2.09
1326288763.41,5.53828996722,28.41942
1326290625.21,5.53829,20.0
1326290685.27,5.53829,30.0
1326290805.39,5.53829,5.0
1326291285.97,5.53764679432,20.264
1326291466.15,5.4,5.0
1326292547.14,5.54486597938,11.64
1326295309.86,5.56365818182,11.0
1326296451.01,5.56891603253,90.0
1326297411.94,5.5,1.0
1326301556.0,5.57989,16.4679
1326302577.04,5.57999999184,17.93
1326303297.76,5.5,16.95
1326303417.89,5.57989,10.53
1326305459.81,5.58,1.42133
1326305820.17,5.58,1.75367
1326306480.81,5.35023,0.59
1326310264.37,5.350152021,200.0
1326310564.65,5.4,116.5
1326310624.71,5.35006485207,15.21
1326310744.83,5.35,116.6
1326310804.89,5.35,66.43633
1326311405.48,5.37,40.0
1326312786.72,5.35,43.5
1326313627.51,5.12011,9.5
1326315309.14,5.457,1.0
1326316990.79,5.49979799359,78.0
1326318672.39,5.15,100.0
1326318732.43,5.2,100.0
1326323356.77,5.5548844,15.0
1326324317.72,5.55,2.0
1326324377.78,5.555,1.0
1326330323.33,5.14001,2.02
1326356446.53,5.2,2.648
1326356866.88,5.4,7.99
1326364612.85,5.50744921788,3.58
1326364732.93,5.50789,0.06
1326366354.15,5.50777,63.0
1326366714.34,5.3,1.84369
1326370737.64,5.2506,6.0
1326374580.7,5.20011,1.16344
1326378904.0,5.2,5.1
1326381786.32,5.15,1.0
1326381846.38,5.140436157,1.0
1326384548.67,5.1403,9.19451
1326384668.79,5.14002,20.0
1326384788.89,5.11,0.5
1326385269.25,5.1004,123.8
1326386109.85,5.1004012685,141.9
1326386169.88,5.1004,123.8
1326388872.03,5.1501,69.03
1326388932.09,5.15,58.02
1326390613.5,5.15041199005,2.01
1326395417.38,5.28352,3.0
1326395477.44,5.44262048911,141.99451
1326397699.39,5.44966,123.1
1326401242.06,5.22511,8.5
1326402503.07,5.4157858115,120.0
1326402563.13,5.4368394,5.0
1326405925.91,5.4459,10.0
1326407186.99,5.449,5.0
1326416374.38,5.45174716981,21.2
1326416434.44,5.459,0.1097
1326429664.18,5.47702010439,40.3693
1326429784.25,5.5,16.96606
1326429844.31,5.5,43.63262
1326429904.37,5.5,3.15615
1326431045.42,5.5,285.9
1326431285.66,5.5,1.06515
1326431645.96,5.5,100.0
1326431946.26,5.5,30.0
1326433554.19,5.5,64.32457
1326434154.76,5.5,95.0
1326434214.82,5.508,0.3
1326434995.56,5.5,2.0
1326435055.61,5.5,1.0
1326435596.07,5.5,11.0
1326436977.37,5.50000699087,4.0
1326437637.91,5.5,2.25
1326442082.04,5.5,1.10683
1326444244.11,5.3,228.335
1326446406.01,5.27,2.0
1326451931.14,5.27,19.36046
1326451991.2,5.27,1.56976
1326452291.45,5.27,13.02325
1326454333.3,5.20001,0.2109
1326455774.57,5.20001,0.7891
1326455834.63,5.2,4.2109
1326456194.96,5.2,31.0
1326463641.94,5.37037430584,10.39925
1326465623.75,5.36499530643,79.38512
1326465984.1,5.37999,8.89178
1326467005.09,5.240005,2.0
1326467065.15,5.23012,28.95
1326469407.29,5.36,0.66
1326474451.89,5.45802545703,19.6
1326475893.23,5.25011,2.25
1326477274.57,5.25011,2.65599
1326477334.63,5.24076509342,57.97998
1326477394.69,5.24,7.62053
1326477755.05,5.245,1.0
1326478535.84,5.44,1.0
1326483881.03,5.28,5.45
1326484601.7,5.28,0.9
1326484781.88,5.28,0.66
1326484841.94,5.28001,1.0
1326484902.0,5.244,1.0
1326484962.06,5.24,0.34
1326485442.54,5.24,44.0
1326485622.72,5.4,0.0045
1326499074.91,5.16188181939,5.49999
1326499134.92,5.15011000368,30.18279
1326499315.1,5.2699,3.0
1326500456.21,5.15011,28.0
1326500576.33,5.15011,3.0
1326500756.51,5.15011,70.44544
1326502378.06,5.15011,25.96781
1326503278.92,5.28796507708,31.85
1326522376.65,5.150236,1.5
1326525139.3,5.15011,1.0
1326528022.1,5.29947020833,4.8
1326533786.96,5.15011,10.0
1326542374.48,5.15011,0.67
1326545677.16,5.15231798757,48.73397
1326545857.34,5.10000690476,42.0
1326546938.33,5.0501,51.26603
1326552162.88,5.28767461414,46.0
1326556546.46,5.24925925926,13.5
1326559488.75,5.11005,0.24
1326571773.29,5.25,0.99999
1326572614.11,5.16529855072,2.07
1326572674.17,5.3,1.0
1326572734.23,5.3,12.73
1326573394.92,5.4,0.00137
1326575496.84,5.30008,0.57
1326577238.44,5.30008,3.16
1326577778.98,5.30019,42.78
1326579160.32,5.30008,1.0
1326586070.28,5.30008,2.0
1326588536.79,5.4157090688,4.65464
1326588596.85,5.42754,5.0
1326603537.51,5.43961631788,7.55
1326603597.57,5.43997,12.4
1326603717.67,5.43997999934,50.0
1326603897.86,5.43999999746,26.0
1326619245.74,5.438822861,3.0
1326628193.89,5.4,2.57
1326630956.46,5.30008,0.73435
1326631436.9,5.25000050586,0.99
1326643808.32,5.35,0.72749
1326649393.44,5.35,0.61292
1326651015.0,5.35014,0.25
1326657080.69,5.36735855856,2.22
1326658281.76,5.43812103774,8.48
1326658521.99,5.43999,41.96
1326658582.05,5.44,79.2
1326658642.09,5.44619664903,5.67
1326658702.15,5.4463,29.836
1326658762.21,5.4463,0.004
1326658822.27,5.44452118952,10.996
1326662065.4,5.50467913832,17.64
1326662906.13,5.50994617564,7.06
1326669031.96,5.53575333333,3.0
1326670833.47,5.54347666667,3.0
1326674677.0,5.46011,0.25
1326677559.76,5.46011,1.0
1326689647.77,5.56637,5.688
1326689887.99,5.57657092199,7.05
1326690428.52,5.59760076775,20.84
1326696554.12,5.5979639462,4.25087
1326696914.47,5.57011,37.4363
1326696974.51,5.57011,7.3837
1326697575.07,5.57011,1.0
1326699676.97,5.58959,20.0
1326700517.75,5.5896,15.89
1326700938.16,5.64,4.0
1326703640.55,5.58,0.5
1326703940.78,5.589,3.26
1326704661.47,5.58,0.44
1326705141.95,5.58,4.1289
1326705262.07,5.58,2.48
1326705502.31,5.58,114.2
1326705562.37,5.58,21.4191
1326705622.43,5.57,18.01
1326705682.49,5.56000383187,8.79467
1326708144.59,5.59966,0.15268
1326710426.66,5.57989,0.0023
1326711447.61,5.5,5.0
1326712768.79,5.57989,8.7
1326716071.75,5.55,17.24
1326718774.15,5.5,4.5
1326719314.59,5.54999,18.8
1326719855.11,5.55,0.6
1326720335.45,5.55,7.2715
1326721296.35,5.5,18.1413
1326722977.96,5.5,33.3367
1326723218.19,5.45,0.24153
1326726881.66,5.31478825693,16.27
1326727121.86,5.42,1.667
1326729704.33,5.576272,20.0
1326731926.47,5.35,0.59999
1326733788.27,5.32000010724,2.7975
1326735650.09,5.34,49.99999
1326735710.15,5.32011,16.85732
1326735830.27,5.34,3.54588
1326736190.61,5.34,29.45412
1326737031.43,5.3,1.8867
1326740995.14,5.3,13.01869
1326741235.39,5.25986397311,13.23084
1326741295.41,5.25001000499,10.0
1326741355.47,5.25000000003,3.0
1326741415.54,5.25,1e-05
1326742676.81,5.3,8.09746
1326744598.59,5.2001,8.0
1326744838.83,5.20611,6.09999
1326746580.59,5.201,0.4
1326746700.71,5.20011,3.6
1326748622.58,5.20027473684,2.85
1326749163.12,5.20020013913,89.12999
1326749583.55,5.20423863333,12.0
1326750064.01,5.28,4.99999
1326752105.86,5.29965198,10.0
1326753847.59,5.29989,30.0
1326753907.66,5.29989,31.23999
1326753967.7,5.29999999997,36.99999
1326754748.34,5.29999,10.0
1326754808.4,5.3,16.81
1326772704.92,5.32191106177,1.50334
1326791622.28,5.26,0.01
1326793664.1,5.30999,10.09999
1326795465.72,5.26043,9.56319
1326795525.75,5.30999,9.56319
1326795705.91,5.35791511116,18.9042
1326797987.95,5.35,0.59999
1326798408.36,5.47614239896,12.75829
1326802972.48,5.28,0.001
1326803092.56,5.47,0.001
1326803272.74,5.46,0.001
1326813842.12,5.27500100345,4.9828
1326813902.18,5.27,8.1709
1326813962.25,5.27,6.8281
1326814022.31,5.27,22.85499
1326814262.56,5.25101114475,8.57713
1326814382.68,5.251,21.43287
1326814442.74,5.24,24.99999
1326814502.81,5.234,0.99999
1326814622.92,5.2008306979,12.03848
1326816965.22,5.1751,37.99999
1326817025.28,5.1751,11.26917
1326821229.41,5.1751,4.3212
1326821469.65,5.175,1.425
1326821589.77,5.175,22.075
1326821649.83,5.17,33.0
1326821709.89,5.1662,84.0
1326821829.99,5.16613,50.0
1326822610.78,5.2786,146.2159
1326823391.55,5.2786,49.7841
1326823932.08,5.16,1.7995
1326827114.99,5.16,2.74806
1326827715.5,5.16,2.04
1326827895.68,5.28999956245,29.7087
1326828436.23,5.16000444383,8.41617
1326828796.59,5.1500001,1.0
1326828976.77,5.15,4.156
1326829817.47,5.1400001,1.0
1326831679.09,5.28,0.01
1326832399.6,5.15,20.0
1326833000.12,5.15,11.0
1326837023.65,5.2461075,2.0
1326838224.8,5.10010026068,4.987
1326839606.36,5.0900013901,1.79843
1326839666.49,4.82133100352,258.0
1326839726.54,4.8,64.7
1326839786.62,4.34698003611,9.47561
1326839906.75,3.903,6.0
1326839966.83,3.62141012631,15.0
1326840807.8,3.70009,157.0
1326849636.17,5.2,9.99999
1326862848.31,5.19999,3.84
1326873185.23,5.12,0.26
1326874086.08,5.10392852922,4.2311
1326875227.23,5.11,1.0
1326875287.29,5.11,1.0
1326876968.95,5.12,6.17
1326877929.91,5.11991,11.24
1326879971.96,5.08,1.71
1326880092.08,5.08,0.0333
1326881773.72,5.10435825,10.0
1326882434.35,5.1192299,5.0
1326883815.77,4.5,4.95125
1326883995.95,4.5,2.88
1326885016.9,4.98,0.41
1326889521.19,4.5,30.0
1326889581.25,4.5,0.05875
1326889761.43,4.41,2.833
1326892644.3,4.6,0.23599
1326894205.82,4.87589,20.27
1326895407.0,4.6,0.135
1326898087.27,4.41,2.05
1326898687.9,4.3501367298,150.0
1326898928.13,4.35009,70.0
1326904813.22,4.59981,40.255
1326904993.39,4.59981,0.7895
1326909016.96,4.59981,3.0
1326910998.83,4.59981,0.00141
1326915022.4,4.40109,0.06
1326916523.85,4.5998,14.055
1326917905.13,4.77691,103.187
1326917965.19,4.77691,1.256
1326921088.0,4.97331,0.01
1326921148.06,4.99981,1.0
1326921388.29,4.75,0.99999
1326921448.35,4.78,0.99999
1326921568.42,4.78,0.99999
1326921628.45,4.80999993333,1.49998
1326922289.11,4.75000159997,1.00002
1326922409.22,4.7400001,1.0
1326922769.58,4.7200002,1.0
1326923490.21,4.65103069096,2.4372
1326923910.57,4.8,0.47
1326925652.18,4.61,2.56279
1326926733.16,4.62,32.0
1326927814.27,4.58516556335,7.54998
1326927874.33,4.560000025,4.0
1326928114.61,4.55000001423,7.02623
1326935507.52,4.623,0.16884
1326936108.13,4.88991,6.308
1326937309.44,4.88991,0.1
1326946993.75,4.99837466667,75.0
1326947414.12,4.9997588,15.0
1326949095.57,4.65,0.00538
1326963447.03,4.98919721169,9.75
1326964107.69,4.97,4.47999
1326964588.17,4.97,1e-05
1326966269.78,4.97,4e-05
1326967290.77,4.989899801,5.0
1326967531.01,4.97,0.18515
1326985307.96,4.64869114,1.0
1326988851.36,4.95,0.0001
1326990713.18,4.623,0.20208
1326994016.35,4.96966254527,140.5
1326994076.41,4.96991,0.1
1327008429.8,4.62360395,2.0
1327011312.42,4.93848292732,0.69087
1327011732.84,4.95,1.03
1327041461.2,4.85,0.1
1327042602.34,4.910999824,1.24999
1327042662.41,4.822,0.75
1327043383.13,4.96808274207,2.09579
1327043443.19,4.9877458828,7.00598
1327045725.47,4.81857151701,2.09999
1327045785.54,4.8,1e-05
1327046205.96,4.9991033701,4.08
1327046266.02,4.9998,18.95538
1327046386.12,4.99996634172,11.29
1327047166.9,5.04979845108,9.92563
1327051070.64,4.9,4.6
1327059238.59,5.06815273864,88.0
1327064703.87,4.81,0.22722
1327065424.55,5.08,1e-05
1327068127.18,5.09534185621,50.0
1327069628.6,5.095,0.05
1327074913.83,4.8,4.91743
1327080319.0,4.9,1.0
1327081400.08,5.01108351246,1.2561
1327087345.78,4.9,75.0
1327090889.09,5.02859526946,1.5939
1327090949.15,5.0641,4.46606
1327091309.46,5.0641,1.0
1327092330.46,5.06498,12.221
1327092570.7,5.06498,4.92
1327093291.37,5.0641,5.99156
1327093711.8,5.0641,0.82089
1327094432.47,5.0641,11.0
1327094852.8,5.0641,1.12
1327095873.75,5.0641,0.00759
1327096354.14,5.02373,0.99241
1327096414.2,5.03,0.00759
1327096654.38,5.0,2.32241
1327096774.5,5.05,0.0001
1327097074.76,5.0,13.49337
1327097314.97,5.0,56.67997
1327097375.03,5.0,29.82665
1327098215.84,5.025,2e-05
1327099957.43,5.0,1.06846
1327100017.46,5.0,1e-05
1327100798.19,5.0125,0.99999
1327100978.37,5.0,56.99668
1327101038.43,5.0,93.00278
1327101999.27,5.04999252966,3.66449
1327104281.32,5.06381681798,10.0
1327105362.29,4.975,1.30664
1327106983.8,5.0,40.90044
1327107163.93,4.975,1.0
1327107584.35,5.0,157.3075
1327107644.41,5.0,153.6
1327107704.47,5.0,98.19
1327117433.59,5.06487474772,1.27179
1327136195.14,5.0,1.0
1327143281.82,4.9999,0.002
1327144182.64,4.91,0.25
1327144242.71,4.901,0.2
1327144603.01,4.92,4.7
1327145684.07,4.92,1.0
1327145804.16,4.92,0.42
1327146284.66,4.9,48.91029
1327146524.91,4.9,1.27179
1327146644.99,4.9,201.1
1327147726.02,4.9,1.17722
1327147786.07,4.9,0.872
1327148927.09,4.9,144.59733
1327148987.17,4.85018272628,0.8209
1327149287.43,4.85,1.47207
1327151930.03,4.85,0.27491
1327155653.61,4.85,4.1567
1327156254.16,4.97987352034,49.91
1327157215.07,4.9998996484,9.67
1327159497.31,4.95658494739,4.4763
1327164662.35,4.98833662145,15.5105
1327172469.76,4.99988,5.36575
1327174271.44,4.85011619403,2.01
1327176973.95,4.8066588785,2.0
1327232457.43,4.74849024182,5.5
1327241465.52,4.77,0.1239
1327242186.21,4.77,0.876
1327242246.25,4.89,2.70704
1327242426.41,4.89999,5.01401
1327244047.96,4.77001,0.81597
1327250774.45,4.77001,0.55
1327259122.42,4.89932162396,8.74469
1327259302.64,4.92,8.0
1327262725.82,4.95401885938,2.681
1327310171.98,4.76,0.16818
1327324166.54,4.94880380313,8.94
1327449929.11,4.7901,2.04
1327455934.84,4.8228,1.39
1327455994.9,4.8413,1.74
1327459658.44,4.8377,1.65
1327465123.8,4.858,1.57
1327467045.52,4.8324,1.56
1327468907.22,4.7901,0.4
1327469267.54,4.8152,1.0
1327471549.7,4.79001,1.756
1327472690.84,4.8756,1.79
1327476774.85,4.8044,1.28
1327482840.67,4.79,1.04
1327485242.91,4.8236,1.96
1327485483.15,4.7901,7.96
1327489206.69,4.845,1.77
1327490287.75,4.7901,0.5
1327492690.13,4.7983,9.51
1327494191.57,4.7901,0.28938
1327495212.51,4.88989858987,35.55
1327495332.63,4.8104,11.71
1327496353.53,4.888,14.78
1327501578.69,4.795,11.94
1327503019.98,4.8245,1.71
1327503260.22,4.79000102052,3.6158
1327504941.86,4.7564,12.32
1327506323.18,4.75111,2.5
1327508785.53,4.7828,5.24
1327510226.95,4.75111,6.9758
1327510287.02,4.751,4.56
1327510347.08,4.75066696419,8.15636
1327510407.15,4.72681281805,45.28364
1327510527.28,4.62160766667,30.0
1327511428.2,4.6957,9.84
1327513290.04,4.79990818405,10.0
1327514250.96,4.7378,6.04
1327515211.91,4.65,0.5
1327515692.5,4.52041,1.0
1327515812.64,4.49807778731,79.21055
1327516172.99,4.4,1.5
1327517194.02,4.5071,4.56
1327521037.85,4.4213,13.17
1327522299.11,4.69928486465,59.4
1327523440.22,4.5,2.53722
1327523560.34,4.475,22.0
1327523620.39,4.49991,0.6
1327523740.51,4.44,1.6832
1327523980.75,4.41143169921,4.31159
1327524100.93,4.39,0.18727
1327524281.11,4.25,0.3601
1327524581.41,4.4,1.00362
1327525362.23,4.39991,6.42393
1327526323.13,4.38,0.97335
1327526383.19,4.37991,77.01
1327526623.39,4.3,0.59302
1327526743.51,4.2608,10.07
1327526923.7,4.36,0.2
1327528245.01,4.25009,38.13337
1327528365.13,4.25009,37.5
1327530887.65,4.3088,12.78
1327531608.29,4.25009,1.265
1327535151.64,4.3102,1.78
1327537433.85,4.4998,4.74
1327539525.1,4.4338,5.94
1327542920.61,4.4225,8.92
1327544206.93,4.4625,12.81
1327546290.06,4.52991,1.0
1327550275.36,4.4575,5.44
1327552317.47,4.367,9.51
1327555380.67,4.4096,13.78
1327559585.1,4.398,6.49
1327560065.6,4.39,0.43432
1327560846.38,4.39,19.56568
1327565231.1,4.301,0.50698
1327567092.93,4.4,1.44
1327568474.37,4.3077,10.44
1327569375.27,4.4206,8.81
1327570636.58,4.28081081761,50.45
1327571117.13,4.43717210865,11.0
1327574720.85,4.3227,1.49
1327577483.71,4.3489,5.08
1327579766.21,4.43999,0.05405
1327579826.27,4.44,0.50698
1327580186.6,4.44991,1.4244
1327580932.27,4.35,124.0
1327580992.33,4.33170526882,1.86
1327583560.25,4.280138295,16.0
1327584581.3,4.38490268141,8.86236
1327584701.42,4.2834,7.38
1327585181.9,4.38491,22.5
1327587043.79,4.3502,10.66
1327589746.52,4.2802616625,4.0
1327590707.47,4.34149286497,5.63936
1327591308.09,4.28001802614,0.31066
1327591968.76,4.3411,9.67
1327592689.44,4.34284,22.22
1327592869.62,4.35,3.29293
1327593410.19,4.3124,5.88
1327594070.89,4.27010680854,347.535
1327595812.72,4.34992,2.0
1327598335.23,4.32,9.04
1327598395.3,4.32,10.96
1327598875.79,4.27000606061,165.0
1327599776.73,4.3707,8.87
1327600857.84,4.26827222959,84.5
1327602599.53,4.25,0.00017
1327606263.26,4.2197,12.91
1327608245.26,4.2234,11.04
1327609806.84,4.21009,12.92
1327614311.38,4.21,15.0
1327615332.38,4.2000800284,79.44
1327615512.55,4.2837,1.8
1327616173.16,4.25,1.01
1327619116.07,4.2,3.0003
1327620617.59,4.2369,11.25
1327620857.79,4.2,0.5697
1327622058.99,4.111,3.7104
1327622299.23,4.11033727614,24.57808
1327622839.69,4.2314,5.16
1327624581.35,4.2397,11.49
1327624821.57,4.11,2.08
1327625181.86,4.11,4.83
1327628605.2,4.11,1.80152
1327631667.87,4.1938,10.66
1327633649.59,4.1706,7.06
1327633949.85,4.00124,12.027
1327634190.11,4.00123622707,20.496
1327634310.26,4.00049004156,5.69015
1327634490.37,4.0,4.74151
1327638514.13,4.0471,2.72
1327640375.88,4.1269,11.27
1327645180.19,4.1067,9.5
1327645780.81,4.0,14.72398
1327648302.93,4.0,37.27601
1327648783.31,4.0871,12.12
1327653827.94,4.175,13.72
1327654428.56,4.0712,14.45
1327654728.86,4.012,2.24
1327655209.29,4.01208,1.28
1327658632.53,4.0989,3.38
1327661154.94,4.01208,15.5
1327663076.79,4.0501,7.31
1327663497.15,4.0178,13.85
1327664518.09,4.01208,0.25423
1327668781.78,4.19583326985,15.0
1327668841.84,4.24249394737,1.9
1327669922.81,4.1078,10.68
1327670643.47,4.01221839683,12.39029
1327671484.21,4.0965,6.1
1327676648.54,4.1,36.34999
1327677489.33,4.01324390756,59.57999
1327677549.39,4.012,47.99999
1327679230.97,4.0582,4.12
1327679351.06,4.19999,1.0
1327681633.31,4.0997,10.0
1327687218.67,4.1427,8.75
1327690761.9,4.1945895,2.0
1327690821.95,4.2,0.3681
1327692563.52,4.1132,11.92
1327697968.45,4.0264,7.64
1327700370.55,4.0924,9.71
1327703553.45,4.1,1.36
1327703913.82,4.0757,6.82
1327707096.75,4.1596,1.5
1327711660.99,4.0922,11.7
1327712321.56,4.0946,12.31
1329585325.8,3.4841,1.06
1329585806.28,3.513,35.99
1329586586.97,3.48565596466,11.44499
1329586647.01,3.40300022875,3.54536
1329586887.25,3.4295,46.72
1329587307.63,3.6027,43.69
1329587788.09,3.4461,29.22
1329589761.76,3.4154,18.38
1329591340.4,3.5806,38.93
1329608167.56,3.42,20.5
1329609188.34,3.56,35.67
1329610929.63,3.5271,14.82
1329611169.77,3.4968,31.24
1329612610.77,3.4349,3.21
1329612850.95,3.4227,41.76
1329613271.27,3.41,4.48
1329614412.07,3.4627,33.33
1329615733.09,3.5817,18.26
1329637287.86,3.41,25.5
1329642811.54,3.4822,27.69
1329643531.92,3.4609,34.53
1329644252.41,3.4403,14.41
1329644792.68,3.41,11.5
1329645092.92,3.4261,6.42
1329645753.39,3.4373,35.7
1329646113.66,3.41,0.01
1329647194.33,3.4859,6.71
1329648034.92,3.4484,44.42
1329648935.58,3.4211,6.99
1329649115.68,3.4749,13.45
1329649355.92,3.4125,20.48
1329649596.03,3.4446,42.37
1329650376.38,3.4808,2.46
1329651877.34,3.4588,16.78
1329652417.7,3.40495081967,1.83
1329655299.48,3.42,1.0
1329655419.56,3.49,1.0
1329655899.93,3.42,0.535
1329660523.19,3.49,0.939
1329660883.38,3.52564422078,3.08
1329661183.52,3.463,11.24
1329661964.09,3.4658,13.11
1329662924.69,3.4686,35.54
1329664185.64,3.5261,17.87
1329665806.84,3.5196,19.6
1329667548.0,3.53138671308,3.447
1329667728.16,3.5,0.003
1329668148.46,3.4686,0.01
1329668508.73,3.5294,44.65
1329669349.41,3.4686,0.01
1329670130.04,3.5008,33.79
1329671030.78,3.56641988333,36.0
1329671210.94,3.4686,0.01
1329672712.09,3.46480230789,5.7
1329674573.46,3.57996251539,23.84979
1329676615.03,3.421,0.01
1330056304.41,3.77407561278,54.99836
1330066453.54,3.69508,0.63388
1330071377.61,3.69508,1.12
1330073299.35,3.56353179653,41.57
1330078163.52,3.79,0.88367
1330085069.51,3.79,7.81633
1330085129.57,3.8663725,20.0
1330088912.87,3.9,7.07169
1330088972.93,3.94999,16.27069
1330089933.72,3.94999,33.0
1330091194.74,3.59656233577,5.48
1330093716.77,3.58017,0.09
1330101342.97,3.85,0.8028
1330101763.31,3.92,0.999
1330102303.75,3.94,5.0
1330102363.8,3.938,5.0
1330102423.86,3.98508960772,63.0
1330103204.54,3.67386877167,30.0
1330113713.33,3.92826377953,0.508
1330115514.87,3.75,7.85999
1330118997.55,3.75,0.01
1330149005.52,3.72008,0.87
1330158311.72,3.88993,35.0
1330161194.27,3.72,3.6
1330168039.38,3.72,0.4
1330169840.62,3.72,0.4
1330170801.26,3.72,0.45
1330171581.74,3.7489,5.0
1330173923.58,3.67,3.92
1330180228.91,3.7,3.67999
1330181610.29,3.7,1e-05
1330186895.67,3.65755102041,1.96
1330188397.16,3.655,0.14
1330188997.77,3.624002125,8.0
1330191159.94,3.62007334448,5.98
1330195424.33,3.6,3.35
1330196985.89,3.5992719377,4.09
1330197166.18,3.71322137707,2.22051
1330202211.3,3.6,0.03
1330202571.66,3.6,0.46689
1330203052.14,3.72,1e-05
1330205094.21,3.59990084,0.06
1330210199.32,3.58819989817,2.35
1330210259.38,3.57371677541,4.62
1330221192.56,3.57061378805,5.02
1330224435.86,3.57,0.15
1330242753.19,3.57007,1.68
1330247677.86,3.699,1.99999
1330247918.07,3.66,0.99999
1330250860.98,3.69899987,3.00001
1330251521.65,3.6999845432,4.4
1330251581.71,3.69999999999,14.98
1330253323.41,3.6,2.00132
1330253383.47,3.57177,1e-05
1330253623.69,3.58,0.03
1330256626.49,3.59007,1.0
1330263352.88,3.59009,0.03
1330263412.94,3.73881285229,3.58
1330264914.44,3.57223663011,16.47
1330265514.97,3.57077,1.35
1330270379.43,3.66666,0.7693
1330273021.9,3.7339996633,2.00001
1330273081.96,3.74391670488,37.06377
1330273262.08,3.81,2.77383
1330275544.23,3.8,2.0
1330284372.36,3.8,0.52631
1330284432.42,3.75,34.47369
1330285213.17,3.75,0.9
1330288876.63,3.85922010976,24.6
1330288936.64,3.94,0.95
1330293080.59,3.97051546392,48.5
1330303710.66,3.75,4.04
1330305092.0,3.75,5.0
1330331623.95,3.75,1.29
1330336968.9,3.75,2.29631
1330339731.57,3.66,3.57
1330341172.96,3.7,6.5
1330344055.5,3.66507,15.69676
1330350240.75,3.67006672706,8.84199
1330350300.81,3.67,7.17871
1330354924.97,3.78,1e-05
1330358828.32,3.668,1.30712
1330361110.19,3.6712,1.0
1330361170.22,3.668,1.69288
1330361230.28,3.66707,18.84712
1330362851.7,3.71,0.40109
1330362911.76,3.78179594136,24.59891
1330366874.98,3.78194494239,11.63109
1330366995.05,3.8,0.1
1330367115.14,3.8,0.15
1330367235.25,3.8,0.05
1330370117.9,3.81,0.5235
1330370177.96,3.8,0.04
1330370598.32,3.8,4.0
1330370898.59,3.8,13.4765
1330371018.71,3.86,10.0
1330372880.26,3.8,50.99999
1330376543.19,3.8,50.0
1330377083.72,3.96847189643,14.0
1330377624.16,3.985,1.08267
1330377684.18,3.989,1.0
1330377744.24,3.98999019608,51.0
1330377924.42,4.00712401055,30.32
1330378044.54,4.05,0.31
1330378645.06,3.80001,49.21225
1330384697.92,3.9,0.0095
1330387160.29,3.8,2.16
1330389622.39,3.8,0.04
1330390042.77,3.8,3.93
1330399951.56,3.8,100.0
1330410303.38,3.8,1.10472
1330410964.04,3.8,1.0
1330413666.74,3.84,10.0
1330417690.77,3.8,0.24461
1330423516.59,3.85196521739,23.0
1330423576.65,3.86,4.91
1330428681.77,3.81,0.01
1330429702.79,3.81,51.23
1330432174.08,3.81,14.62
1330432354.2,3.8,105.8
1330432414.26,3.8,0.01
1330432654.5,3.8,1.0
1330435532.05,3.8,5.28
1330436432.98,3.8,87.14
1330446283.34,3.80001,4.16605
1330447544.67,3.80001,0.55435
1330447965.1,3.80001,4.04
1330449406.64,3.80001,3.52
1330449706.97,3.80000220574,38.35
1330453190.56,3.8,150.0
1330454331.82,3.8,2.10252
1330457455.1,3.8,0.04418
1330458416.09,3.88211111111,18.0
1330458476.15,3.9999,10.5
1330458536.22,3.99994004583,24.0
1330461839.62,3.875,24.6712
1330461899.69,3.875,10.7193
1330462440.26,3.80002421009,343.81519
1330462620.44,3.99977,24.0
1330462680.51,3.99977,12.5
1330462980.83,3.8,5.0
1330463401.25,3.79999,1.0
1330463581.44,3.79999,11.84477
1330464001.88,3.7,0.21477
1330464061.94,3.7,39.78522
1330467065.06,3.79934746129,62.0
1330477415.49,3.7,0.25954
