1309118027.53,15.4401,0.1
1309118267.7,15.3386,0.04
1309118327.75,15.3386,0.46
1309120068.53,15.1251,0.1
1309120848.8,14.9524748836,4.081
1309121929.57,15.2051,0.1
1309122229.77,15.5525588235,0.34
1309122289.83,15.8490285714,1.4
1309123730.71,16.24,1
1309125171.37,16.2273130761,5.858
1309125231.38,16.1333,1.1
1309125351.46,16.48493,1.0
1309125471.53,16.4592,0.2
1309127572.58,16.3017,0.125
1309127752.75,16.3017,0.0625
1309127872.86,16.1597235294,0.2125
1309129254.18,16.403175,0.8
1309129374.29,16.9238443249,5.1312
1309129494.41,16.8556,0.0156
1309129674.58,16.8556,0.15
1309129974.87,16.6894516746,0.3344
1309135560.03,16.4368,0.01
1309135680.15,16.3564962333,0.2177
1309135740.2,16.2999,0.2689
1309135800.26,16.2999,0.0846
1309135860.32,16.2999,0.1188
1309136580.99,16.49,0.5
1309137121.47,16.2949,0.1
1309141085.22,16.67,0.0156
1309148438.57,16.7608,0.0783
1309148858.96,16.7608,0.0217
1309149039.13,16.8521,0.1
1309152522.33,16.5712,0.1783
1309152702.5,16.5712,0.0391
1309152762.56,16.4789,0.3426
1309153243.0,16.7807,0.0195
1309153423.15,16.7807,0.0805
1309154083.8,17.0348,0.3
1309154984.21,17.1584,0.0104
1309156605.44,16.5607789657,7.0
1309156665.5,16.6193,0.1
1309156785.6,16.7308,0.0298
1309156845.65,16.7308,0.1702
1309156965.72,16.9539,0.0149
1309157626.23,16.9539,0.1195
1309160328.55,16.9539,0.2656
1309164591.36,17.2953095238,2.1
1309172636.8,17.0,1
1309184103.9,16.941,0.1
1309195812.86,17.0,0.547
1309196113.0,17.0001,0.2735
1309196293.14,17.0001,0.1374
1309196533.23,17.0001,0.0691
1309197013.35,17.0001,0.0343
1309197193.38,17.0001,0.0171
1309198874.4,17.0001,0.058
1309200015.16,17.0001,0.0193
1309200915.49,17.1951,0.1
1309201155.59,17.0001,0.5677
1309201335.62,16.7918,0.1
1309225985.94,16.7868,0.1
1309230396.63,16.8,2
1309230636.86,16.8,1
1309236639.95,16.8,0.5
1309236700.01,16.8,0.5
1309236820.05,16.8,0.5
1309237000.23,16.8,5
1309237180.32,16.8,1
1309238441.02,16.8,0.1
1309243124.38,16.8,0.3753
1309243184.43,16.8,0.1876
1309243364.58,16.8,0.0938
1309243544.67,16.8,0.0469
1309243724.78,16.8,0.0235
1309243844.87,16.8,0.0117
1309244445.16,16.9892,2.0
1309245706.02,16.8,15
1309251289.93,16.85,0.01
1309256213.77,16.8,0.01
1309280354.54,17.0878166667,1.2
1309281075.11,17.2051,0.01
1309281135.17,17.2051,0.01
1309281255.25,17.1,0.01
1309281315.31,17.1,0.01
1309281795.72,17.1532562986,6.43
1309282095.97,17.4,0.259
1309282156.03,17.4,4.251
1309283056.79,17.4,3.7
1309283296.93,17.4,1.2
1309283657.18,17.4,0.0595
1309287860.46,17.4,18.39
1309289661.93,17.5,3.826
1309292664.35,17.5,8.624
1309292724.41,17.4,11.42
1309293444.93,17.4,4.3242
1309300590.81,17.4,38.0295
1309301671.63,17.4,5.4
1309310377.27,17.4,0.1368
1309311578.18,17.1835,0.2
1309311758.25,16.863672093,4.3
1309316500.59,16.8368,2.088
1309316920.91,16.9991478697,0.5985
1309324406.39,17.1,1.75
1309325607.37,16.9188,0.2
1309328188.75,17.2135,0.2
1309328248.75,17.24404,0.5
1309328428.85,17.0295,0.1551
1309328609.01,17.0295,0.0776
1309328729.11,17.0295,0.0388
1309328909.22,17.0295,0.0194
1309329389.69,17.0295,0.05
1309336294.84,17.0295,0.0591
1309336715.26,16.8368,1.1409
1309386111.13,17.2529,0.0286
1309386351.27,16.9582,0.0143
1309386531.36,17.0555,0.0143
1309386711.52,17.0555,0.0143
1309386891.62,17.1128576488,0.4857
1309387071.8,17.348,0.0143
1309387131.86,17.49,5.5
1309387191.92,17.2457,0.0143
1309387312.02,17.2457,0.4857
1309387372.08,17.1028,0.0143
1309387432.08,17.1028,0.01
1309387492.14,17.1028,0.01
1309387552.15,17.1028,0.0143
1309387612.18,17.1028,0.9514
1309387672.24,16.9582,1.2714
1309387732.29,16.7636,2.1
1309387852.32,16.7,5.5
1309387912.38,16.5558735583,1.8728
1309387972.42,16.7153,0.01
1309388032.44,16.7153,0.04
1309388092.46,16.7001348018,4.54
1309388152.48,16.7153,0.01
1309398898.35,16.7285143998,1.0521
1309402620.9,16.8624,0.3
1309402740.99,16.94,0.4453
1309403341.33,16.94,0.25
1309406822.74,16.94,20
1309406882.76,16.94,38.0047
1309414026.44,16.6304,0.1
1309414086.45,16.63,0.9395
1309420810.07,16.8,0.346
1309420930.13,16.8,0.304
1309421650.67,16.3369049595,16.8002
1309421710.73,15.2753,0.1
1309421770.78,16.3838571429,1.4
1309467158.38,16.57018924,5.0
1309467218.4,16.57,7.195
1309467278.41,16.57,20.0
1309467638.58,16.7046,0.2
1309469859.44,16.7,4.5
1309474781.07,15.7001884464,6.7096
1309474901.1,15.2402,0.9474
1309474961.12,15.2482856344,4.043
1309475321.16,16.0069,0.057
1309477721.97,16.29842,2.0
1309486546.14,16.35,0.4971
1309487506.72,16.29,6
1309487866.99,16.35,5.5215
1309491290.21,16.4583,0.0209
1309491470.38,16.4583,0.0104
1309512906.42,16.2,0.2
1309517769.97,16.09,3.2
1309537765.74,16.0,5
1309537885.86,15.53474,0.5
1309538786.56,15.5,0.5
1309538966.74,15.6951,0.2
1309539146.87,15.6858095238,0.21
1309539867.54,15.5,0.01
1309539927.6,15.5,0.01
1309540047.72,15.6951,0.02
1309545211.91,15.6951,0.18
1309546472.88,15.8452,0.3
1309547913.99,16.0,5
1309548334.39,16.04366,1.0
1309554098.94,15.85,1.8927
1309554339.12,15.7889,0.1
1309556140.58,15.7,1.2873
1309556440.87,15.7,11.5427
1309556681.07,15.8973333333,0.3
1309561124.88,15.6209,0.2
1309561184.9,15.5000449104,10.3014
1309561244.95,15.5,3.395
1309561304.99,15.4885,0.1497
1309561485.15,15.4885,0.075
1309561665.27,15.4885,0.0376
1309561785.38,15.4885,0.0377
1309562085.6,15.753175,0.4
1309562986.35,15.5822,0.0185
1309564607.41,15.5822,0.0815
1309567609.14,15.4731,0.2
1309568930.06,15.4731,5.253
1309569170.25,15.4731,4.719
1309571572.29,15.58,5.2
1309571992.63,15.68,2
1309580999.28,15.481,0.1
1309591325.49,15.65,0.7761
1309591385.53,15.65,6.2792
1309638646.94,15.4661,0.1
1309643989.57,15.373,0.4
1309645550.62,15.7430514286,1.75
1309648072.26,15.4357,0.2
1309648612.54,15.2502,0.8
1309667283.65,15.3002,3.9
1309697661.96,15.44,4.536
1309706185.46,15.44,0.2469
1309707206.31,15.44,0.2171
1309708227.19,15.6780430857,7.0
1309720656.17,15.68,0.1
1309731764.34,15.3014889577,14.2
1309761854.15,15.5638,0.1344
1309786421.07,15.4886,0.1
1309786481.13,15.4585,0.1
1309786601.24,15.3984,0.034
1309786781.52,15.3984,0.017
1309787021.76,15.3984,0.049
1309789304.17,15.324,0.1
1309789364.23,15.2942,0.1
1309789424.29,15.2348,0.2
1309790205.14,15.1756,0.1469
1309790385.32,15.1159,0.2
1309791466.41,15.0,1.0509
1309792427.51,14.3033242726,2.2717
1309792487.57,14.3122904308,1.0283
1309794049.41,14.3486,0.1
1309795310.69,14.51074,2.5
1309795430.81,14.8334,1.0
1309795490.87,14.6765,0.5
1309795550.94,14.6823427972,0.6671
1309795671.05,14.6328,0.0329
1309795731.12,14.754420406,14.6663
1309795911.3,14.6299,0.042
1309795971.36,14.6438,0.5
1309796091.48,14.6299,0.021
1309796271.66,14.6299,0.0105
1309796391.78,14.7237321112,6.437
1309809967.99,14.489,0.5497
1309810028.05,14.489,0.0503
1309810088.11,14.45,0.505
1309810208.23,14.45,0.3
1309810268.28,14.45,0.235
1309810568.58,14.2611,1.4
1309810748.77,14.159,1
1309813331.39,13.8052,0.1319
1309813391.45,13.7713072869,6.6681
1309813511.61,13.5,0.0675
1309813691.8,13.5,0.0339
1309813751.86,13.5,0.15
1309813871.99,13.5,0.0171
1309814232.4,13.8,2
1309814712.88,13.8587,0.1
1309830270.22,13.5,0.3627
1309830450.39,13.5,0.3418
1309830570.51,13.4829336,0.0875
1309835256.08,13.8063219862,0.3907
1309835316.14,13.9,0.132
1309836036.85,13.5776,0.0481
1309836096.91,13.5776,0.0519
1309836517.31,13.45,0.5513
1309844563.92,13.4502,0.0639
1309846365.72,13.8996183813,0.6289
1309848407.69,14.1783,0.3
1309865944.0,13.3580334633,6.0
1309866724.69,13.35,0.4303
1309867445.28,13.5,0.1377
1309870267.55,13.25,1
1309875371.61,13.1438,0.4
1309875731.92,13.0761,0.4
1309876572.55,13.0,4
1309876692.67,12.9407,0.5
1309877173.15,12.6698,2.0
1309880175.77,12.7,0.3922
1309880536.08,12.7,0.1559
1309881076.5,12.6699698182,7.3879
1309883478.55,12.4,0.9
1309884739.66,12.9,0.01
1309888222.57,12.6504,5
1309888282.61,12.6502,0.2325
1309888522.79,12.6502,0.03
1309888822.93,12.6502,0.5732
1309888882.99,12.6502,0.2866
1309889003.1,12.6502,0.1211
1309889063.16,12.6502,0.56
1309889123.22,12.6502,0.84
1309889183.25,12.6502,0.84
1309889363.41,12.6502,1.5166
1309890384.35,12.4002,0.8656
1309891825.63,12.0453334637,5.113
1309892005.75,12.03,4.601
1309892065.81,12.03,0.15
1309892245.95,12.03,0.0402
1309892426.09,12.0160794545,11.0
1309893747.28,12.0,5.8812
1309897230.86,13.1915,0.5
1309897290.88,13.2688,1.5097
1309897350.94,13.3601217914,5.7229
1309897591.13,13.2688,0.0538
1309898611.89,13.5593,0.5848
1309898732.02,13.6487713656,0.0227
1309898852.12,14.0300041553,1.0974
1309899632.86,14.1,0.3631
1309899752.96,14.1,0.0628
1309899813.02,14.1,2.1821
1309899873.03,14.1,0.2804
1309900593.59,14.3719,0.3951
1309900653.65,14.3719,0.6049
1309901494.31,14.1,4.1116
1309901914.67,13.8301,0.0628
1309902094.79,13.2688,0.23
1309902214.91,13.1915,0.1689
1309902335.03,13.05,1.9689
1309902395.08,13.05,1.1015
1309902515.2,13.05,0.0507
1309902575.26,13.05,0.5
1309902635.32,13.05,0.3789
1309902695.35,13.05,0.4
1309903836.15,13.05,0.06
1309903956.24,13.05,1.61
1309909720.81,13.05,1.0417
1309910021.06,13.044415,1.0
1309910321.32,13.0,7.0
1309911582.43,13.0,7
1309918127.87,13.1735454545,2.2
1309918187.92,13.5692,0.6
1309918368.01,13.67,0.1
1309918668.21,13.7315,0.0736
1309920830.06,13.8874131661,1.4355
1309920890.12,13.9,0.4354
1309921010.24,13.9,0.01
1309921130.36,13.9,0.0731
1309922451.43,13.9,0.9236
1309928155.46,14.0,1.0417
1309929116.15,14.1007,0.5807
1309929176.21,14.1007,0.1859
1309929236.22,14.1007,0.0334
1309940538.17,14.1566,0.7
1309940658.29,14.08,5.019
1309941138.65,14.099,8.2754
1309941318.72,14.099,0.1275
1309941799.09,14.1,0.59
1309941859.15,14.1,0.0983
1309942279.49,14.1,4.1152
1309944020.73,14.1,7.0056
1309944321.02,14.1,5
1309951465.51,14.1,14.99
1309953506.89,14.1358,0.1249
1309953686.97,14.1722,0.5694
1309953807.09,14.2145,0.1
1309954167.4,14.327025,0.4
1309954527.75,14.468600549,0.3643
1309954767.91,14.4414021841,4.9951
1309954827.93,14.5826,0.3857
1309955728.67,14.6758,1
1309956749.23,14.7493,0.4
1309957049.38,14.8739,0.353
1309957589.73,14.8739,0.1359
1309957889.88,14.9920830882,0.1768
1309958069.98,14.9790308452,2.3083
1309958130.04,14.843,0.7724
1309958190.11,14.9,0.2738
1309959330.95,14.9,0.0423
1309961312.36,14.9,0.5
1309965634.8,14.90014545,8.0
1309965694.81,14.9001312,8.0
1309966595.01,15.0077693041,0.2098
1309966895.08,15.20868,0.5
1309966955.1,15.1819750285,0.9643
1309967195.18,15.2236,0.1918
1309967255.19,15.3638957486,0.1082
1309967495.24,15.1941606058,1.0598
1309968155.4,15.0,5.108
1309968575.46,15.1293,0.1
1309969235.59,15.2151,0.4
1309970376.31,15.2956,0.4
1309971757.28,15.4566,0.5
1309972177.64,15.689640935,1.2449
1309972237.66,15.69,11.4017
1309972477.92,15.69,4.0568
1309972537.98,15.75,1.25
1309972598.03,15.2946872,0.1
1309973078.42,15.9998,0.0327
1309975060.12,15.9998,0.0775
1309975420.45,15.9998,0.5421
1309975780.76,15.75,0.2707
1309976741.53,15.75,5.918
1309976801.6,15.9998,0.5667
1309978122.69,15.2034035754,10.013
1309978242.85,15.1378601516,1.187
1309978302.91,14.8946555556,0.9
1309978603.2,14.9187467565,0.9727
1309978903.5,15.1156860624,0.4843
1309978963.53,15.3801,0.6
1309979083.66,15.7379,0.1
1309982206.13,15.5777462177,0.2168
1309982326.24,15.3443100298,0.2014
1309982866.61,15.1839,0.1
1309986830.67,14.9854780051,0.4692
1309987070.92,14.8128312175,0.731
1309987311.15,14.73,0.2
1309987371.21,14.73,0.7
1309987431.28,14.7298334445,0.5998
1310000943.31,14.7,1
1310002444.57,14.7,0.1849
1310004065.83,14.7,9
1310006528.0,14.8685,0.0668
1310010732.04,14.9511758148,0.2332
1310011212.49,14.9077387092,0.6771
1310019499.19,14.8718179915,0.8743
1310021481.11,15.0063898185,0.5068
1310021661.3,15.1316,0.4844
1310023763.39,15.0827106764,1.2907
1310033492.95,15.131091042,0.8071
1310033853.35,15.461851986,5.0404
1310033913.41,15.4306,0.2567
1310033973.48,15.4062,0.2591
1310034273.76,15.4993945311,0.8722
1310034393.88,15.4507406222,0.45
1310034453.94,15.42,0.45
1310034574.01,15.42,0.45
1310034634.07,15.4198,0.45
1310035174.63,15.5305170884,1.0709
1310035294.74,15.4901,0.4455
1310037997.4,15.403529619,0.8687
1310039438.83,15.2863,0.4477
1310039498.89,15.26,2.2114
1310039558.96,15.4472434936,1.2726
1310044003.29,15.4183433144,0.7748
1310044063.35,15.3574,0.3963
1310044784.07,15.2863,0.2
1310045024.28,15.3741498177,0.713
1310045624.88,15.3147,0.023
1310047486.65,15.2861238742,1.3391
1310047546.71,15.1587630587,0.8971
1310047726.89,15.2320009154,0.4588
1310048327.48,15.2562,0.0331
1310048387.54,15.2562,0.162
1310049468.61,15.2562,0.01
1310049949.04,15.2562,0.01
1310050429.52,15.3591476049,1.1461
1310054393.44,15.35,3
1310054573.61,15.375,2
1310055474.44,15.4451,0.3733
1310055594.56,15.4882,0.3951
1310056014.96,15.5,1
1310056555.48,15.45,1
1310056855.76,15.42,1
1310057156.05,15.42,1
1310059618.22,15.4104,0.3997
1310060819.28,15.3777,0.34
1310061840.21,15.3205706942,3.0308
1310064061.98,15.2307584931,7.2
1310064422.33,15.1570457025,0.8982
1310065323.17,15.2254,0.1171
1310065383.23,15.3015,0.0232
1310065503.29,15.2977,0.1
1310070367.4,15.2283,0.4478
1310070427.45,15.1996,0.3942
1310071388.18,15.1423,0.1
1310071748.49,15.1421,0.4517
1310071928.65,15.1031,0.3988
1310072048.69,15.025,0.4005
1310076131.92,15.05,3
1310076394.29,15.0,4.829
1310077174.97,15.0,0.5855
1310077235.03,15.0,0.2927
1310077415.26,15.0,4.8824
1310077475.31,14.9719157887,1.2889
1310079096.71,14.8655,0.4555
1310079156.77,14.8307,0.4625
1310082339.6,14.9061,0.1206
1310082399.66,14.9406872774,1.0556
1310088045.08,14.975,0.0732
1310092969.86,14.8950644745,0.8591
1310100116.85,14.9525,0.01
1310100957.69,14.8819,0.2758
1310101017.75,14.8819,0.1044
1310101978.67,14.9652205,0.5
1310103840.53,14.92,14
1310104020.71,14.807166645,6.0
1310104080.77,14.92,0.4922
1310104981.67,14.92,0.25
1310105522.2,14.92,0.4
1310105582.26,14.92,0.8
1310106062.74,14.92,9.8099
1310106182.86,14.92,0.15
1310106242.92,14.92,0.02
1310110447.1,14.92,4
1310110927.58,14.92,5
1310110987.64,14.92,0.18
1310111107.76,14.92,0.18
1310111227.88,14.92,0.1
1310111287.94,14.92,0.2
1310111348.0,14.92,0.3
1310111408.06,14.92,0.2
1310111468.12,14.92,0.2
1310111528.18,14.92,3.66
1310112369.09,14.92,3.989
1310113089.79,14.92,0.0709
1310113149.85,14.92,10
1310113209.91,14.92,0.3
1310113269.98,14.92,1.4
1310113330.04,14.92,0.7
1310113390.1,14.92,9.7488
1310113450.17,14.9164183908,9.1981
1310113510.22,14.92,0.2839
1310113570.28,14.92,0.6224
1310113630.34,14.92,0.2287
1310113870.59,14.92,0.0355
1310113930.64,14.92,0.0177
1310113990.7,14.92,0.014
1310114831.54,14.92,0.3133
1310114891.6,14.92,0.0522
1310114951.66,14.92,0.0261
1310115191.9,14.92,0.5
1310115912.62,14.92,0.7
1310115972.69,14.92,1.1
1310116032.75,14.92,0.7
1310116092.81,14.92,0.9
1310116152.87,14.92,0.6
1310116272.99,14.8475,0.2141
1310116333.05,14.7181137062,4.5731
1310118255.28,14.92,0.1
1310118315.34,14.8942011019,1.0527
1310118375.41,14.7002,1.0
1310118435.46,14.7002,1.2
1310118495.53,14.7002,0.6
1310118555.59,14.6506601058,1.0395
1310118615.65,14.6,1.6
1310118735.86,14.5024834311,0.1364
1310119096.22,14.42,0.1
1310119336.46,14.4007142857,0.252
1310119396.52,14.3729007042,0.4544
1310119456.58,14.3660622951,0.4575
1310119516.8,14.3641,0.0262
1310119636.92,14.287,0.0211
1310119696.98,14.2022133903,0.0702
1310119938.38,14.1302,0.1
1310119998.44,14.1302,0.7
1310121259.76,14.2131,0.2715
1310121319.83,14.2552,0.2684
1310122400.98,14.2887,0.282
1310123121.7,14.38801256,0.5
1310123181.76,14.383425731,0.0513
1310124683.43,14.3198,0.194
1310125944.67,14.2481,0.0608
1310127806.72,14.218,0.1
1310127926.85,14.1999590825,0.4839
1310128587.87,14.1889,0.016
1310139278.83,14.2589,0.2454
1310139459.02,14.32028319,0.9072
1310140059.61,14.391536839,1.3464
1310140119.67,14.2529000066,7.6124
1310140179.72,14.4582,0.6885
1310140299.83,14.445,2.1835
1310140600.15,14.4637,1.4786
1310140660.21,14.4637,5.6527
1310141080.62,14.5936535948,1.8485
1310141140.67,14.6580633109,0.8463
1310141200.73,14.6620326695,1.18
1310141260.78,14.6646,0.8188
1310141320.84,14.7556250715,1.2943
1310141380.9,14.7001757381,0.8874
1310141440.96,14.9546487674,3.5007
1310141501.02,14.5925220404,0.3117
1310143362.78,14.5856,0.1883
1310146726.15,14.53,0.1
1310146906.3,14.53,0.01
1310147927.24,14.53,0.3
1310149969.03,14.5359,0.7
1310152371.51,14.53,9.59
1310154593.84,14.5198,0.01
1310154834.08,14.5198,0.04
1310154954.2,14.5198,0.4057
1310155314.57,14.433,0.1627
1310155975.21,14.3883,0.2
1310156215.45,14.3883,0.2
1310158979.04,14.3883,0.0207
1310166667.44,14.3945,0.1506
1310169490.29,14.3945,0.0494
1310171952.75,14.405,1.6
1310172012.81,14.405,2.0
1310172072.87,14.405,1.4
1310172613.7,14.405,5
1310172733.82,14.3202417021,10.117
1310172793.98,14.32,0.883
1310174115.51,14.35,5.41
1310177959.51,14.35,0.01
1310178379.92,14.35,0.01
1310178560.1,14.35,0.05
1310178620.16,14.35,0.1
1310178680.22,14.35,0.06
1310181022.63,14.35,3.477
1310181443.25,14.35,0.08
1310188351.47,14.3505,0.5
1310191174.33,14.3505,9.5
1310201984.96,14.3133580258,0.3252
1310207330.62,14.2907,0.1626
1310212135.44,14.3708494464,1.1018
1310212796.13,14.4079285208,0.4516
1310213576.99,14.4905081399,3.9165
1310218622.15,14.5,3.0655
1310219462.81,14.5,0.1
1310221324.46,14.5171025692,1.7943
1310221384.53,14.5507666382,0.9364
1310229131.6,14.6563030704,0.824
1310229371.84,14.9951880841,27.6169
1310229491.96,15.0,1.9044
1310229732.14,15.0,6.023
1310230092.47,15.0,2
1310232074.18,15.1,1
1310232194.25,15.0,0.9946
1310232674.7,15.0,58.5865
1310233155.06,15.0,2.8746
1310235857.49,14.99,5
1310236337.91,15.0,2.2132
1310236638.14,15.0,19.8098
1310237478.94,15.0,3.2679
1310238079.51,15.0,1.7091
1310239220.52,14.57,3
1310241262.24,14.6345,0.2
1310241562.52,14.5697,14.0
1310241742.7,14.5697,6.8974
1310242463.38,14.5475,0.2295
1310243003.89,14.503,0.2271
1310243724.53,14.595741184,1.2568
1310243784.59,14.6,4.2432
1310244445.13,14.5179,0.2292
1310249489.29,14.4783,0.2314
1310249549.34,14.429,0.1848
1310252491.65,14.5179,0.7708
1310252791.95,14.5179,0.2292
1310259578.95,14.41455784,1.0
1310259819.19,14.41,0.3
1310261080.75,14.4901,0.2496
1310262042.28,14.5,8.7504
1310267206.63,14.5,0.01
1310267266.69,14.5,1.54
1310271891.01,14.5,7.45
1310285705.05,14.51828,1.0
1310293453.46,14.522625,2.4
1310295375.35,14.5291342945,0.2601
1310295495.48,14.5984399919,2.2352
1310295735.71,14.6505652419,0.9569
1310297537.76,14.75,0.01
1310297597.9,14.79,19.655
1310297657.97,14.79,9.802
1310297718.03,14.9221861791,10.2171
1310297778.09,15.0,4.901
1310297958.26,15.0,4.899
1310298438.76,15.0,0.0992
1310298498.83,14.9999990879,10.8756
1310298558.88,14.9998,0.3304
1310298739.06,15.0,4
1310298799.17,15.0,2.0
1310298859.24,15.0,6.6248
1310298919.3,15.0,0.9496
1310299039.42,15.0,0.3
1310299099.47,15.0,0.9
1310299279.65,15.0,0.9
1310299339.7,15.0,0.6
1310299519.87,15.0,3.0436
1310299639.99,15.0,12.4968
1310299700.04,15.0,0.2
1310300180.51,15.2445343333,9.57
1310302462.65,15.2498,1
1310302582.76,15.0358294953,1.2246
1310302823.0,14.9095,2.1
1310303063.25,14.8941576329,1.0612
1310303123.3,14.7971629983,2.6188
1310303303.49,14.853226714,4.3685
1310303723.85,14.9163336423,0.6474
1310304504.56,14.95,0.2304
1310306786.63,14.9998451223,7.606
1310306846.69,15.0593758636,2.7212
1310307026.87,15.1999707692,0.325
1310307867.62,15.0499729922,2.3608
1310309188.75,15.0053182805,0.9305
1310309849.4,14.8585,0.2251
1310310089.63,14.9848250658,5.243
1310310149.7,14.9865,0.6183
1310310209.76,14.9865,0.2519
1310310269.81,14.9865,0.0794
1310310630.16,14.8767,0.0681
1310313092.35,14.9867,0.225
1310313152.41,14.9867,2.775
1310315374.48,15.1040765071,0.4827
1310315434.54,15.1989,0.0011
1310315554.66,15.0852,0.2248
1310317236.31,14.9046358574,5.89
1310317296.37,14.9,11.78
1310317896.97,14.9,3.4553
1310319878.86,15.0071,0.2385
1310320119.09,15.0713517986,0.5838
1310328224.38,14.894797555,0.9039
1310328464.56,14.8913,0.1944
1310328644.7,14.9292,6.0888
1310329185.06,14.9,5
1310329425.22,14.85,5.871
1310329545.24,14.85,4.129
1310330385.72,14.85,5.871
1310330445.72,14.85,4.129
1310330505.76,14.85,5.871
1310330925.89,14.85,5.871
1310332486.53,15.218972383,10.0
1310332606.6,15.1512651255,0.2271
1310332666.63,15.1145,0.1205
1310332846.71,15.1145,0.0247
1310333266.89,15.0233,0.2013
1310335008.29,14.92,0.399
1310337530.53,14.823086957,0.9047
1310339452.21,14.7049,0.2266
1310340713.05,14.7981270033,11.7482
1310340773.11,14.8,0.6878
1310340833.17,14.6895465374,0.1444
1310342454.79,14.7988585147,1.9942
1310348580.37,14.8417,0.0846
1310349000.72,14.8713,0.2145
1310349901.56,14.6875411064,1.0575
1310351162.81,14.6184,0.1517
1310351823.47,14.6872197836,0.5823
1310352604.64,14.7,3.8276
1310352664.7,14.7,5.5901
1310366177.65,14.7,1.2334
1310367979.65,14.7196,0.0855
1310368760.43,14.7542,0.421
1310368820.49,14.7651069709,0.1994
1310369721.39,14.7911,0.1104
1310370502.17,14.7911,0.0395
1310370622.29,14.8781181818,0.1716
1310370682.35,15.0458585542,2.9839
1310370802.47,15.05,0.4918
1310370862.53,15.05,0.2467
1310370922.59,15.05,0.124
1310370982.69,15.05,6.1536
1310379752.55,15.1,2.297
1310388522.78,15.0000826104,2.854
1310388582.85,15.0,18.9074
1310388642.92,15.0,51.6199
1310388763.04,14.9196162471,0.1748
1310389844.23,14.8035,0.0813
1310390324.72,14.7572,0.0899
1310390384.79,14.6646,0.1428
1310390444.85,14.5783,0.2601
1310391826.26,14.5,1
1310391886.33,14.5,1.4537
1310391946.4,14.2287668152,0.2468
1310392006.47,14.6121,0.6603
1310393988.48,14.6121,0.0681
1310395429.95,14.5,3.4939
1310396751.47,14.5,0.0816
1310396871.59,14.3432229131,4.7955
1310397292.05,14.3315,0.0861
1310397352.12,14.3715,0.0887
1310397892.81,14.4002,0.0857
1310398313.26,14.4517,0.0939
1310401076.15,14.5000092507,0.1081
1310401256.33,14.5647335247,0.1742
1310402457.68,14.5,3.0
1310402998.22,14.5,4
1310403058.28,14.5,2.5043
1310404079.26,14.5,10.3037
1310405040.22,14.4979,0.01
1310405100.28,14.4540217306,0.1017
1310405640.81,14.3951,0.01
1310406361.59,14.365,0.1092
1310407742.97,14.2532138196,15.7363
1310408223.6,14.2500183997,10.0703
1310408283.66,14.25,0.079
1310410205.87,14.25,4.8036
1310413149.45,14.2010518191,10.3074
1310413209.51,14.3336223044,0.3784
1310413269.57,14.34,5.1216
1310423240.34,14.3422,0.01
1310426903.92,14.3565,0.0795
1310427324.34,14.3843,0.0895
1310427384.4,14.4773,0.0875
1310429606.4,14.323,0.0968
1310432729.03,14.2107,0.7189
1310432789.09,14.2107,1.2811
1310435010.35,14.3541,0.0903
1310442937.01,14.26,10
1310447861.35,14.3856336283,0.1695
1310448942.31,14.2845,0.0885
1310457048.87,14.2845,0.175
1310457108.95,14.4076914684,0.4876
1310457529.31,14.4199,0.2202
1310457589.37,14.4281667818,2.7798
1310457649.43,14.445127287,2.4891
1310459390.92,14.5,10
1310460531.91,14.4022350665,10.5277
1310463113.9,14.2845,0.175
1310463173.95,14.2611088377,0.2693
1310473983.25,14.2177,0.487
1310482572.16,14.2104327869,0.61
1310483593.24,14.15,7
1310484013.66,14.0978275119,0.9276
1310488878.86,14.05,9.859
1310489479.53,14.0016505772,9.095
1310494104.63,14.18,8.5568
1310494525.05,14.18,0.1289
1310494945.58,14.18,0.3
1310495125.76,14.18,0.3
1310495786.42,14.18,0.7143
1310502633.65,14.07,0.01
1310504615.83,14.0664312268,2.69
1310504675.89,14.066,2.4
1310504796.01,14.066,0.6
1310516360.87,14.066,0.3
1310516420.88,14.066,0.3
1310517501.71,14.1,2.7
1310517561.77,14.1,0.6
1310519663.06,14.1,0.9
1310521164.04,14.1,1.2
1310521224.1,14.1,0.6
1310527349.29,14.17,0.3
1310527409.35,14.17,1.8
1310527469.41,14.17,1.2
1310527529.44,14.17,1.8
1310527589.5,14.17,2.4
1310527649.56,14.17,0.15
1310527829.7,14.1668705188,23.71
1310527889.76,14.1,0.6
1310528009.88,14.1,0.3
1310528310.13,14.1,0.15
1310528370.18,14.1,1.89
1310528490.29,14.066,4
1310528910.56,14.0011556667,3.0
1310528970.62,14.001,0.08
1310530351.68,14.3879627579,34.381
1310530411.69,14.5,0.619
1310530892.14,14.1946341463,0.41
1310532393.26,14.1687,0.0564
1310535936.24,14.079,0.075
1310537017.1,14.001,0.93
1310557193.69,14.0926413878,1.8201
1310557253.74,14.1,1.5
1310557313.79,14.1,1.5
1310557373.85,14.1,1.5
1310557433.91,14.1,1.8
1310557493.97,14.1,1.5
1310557554.03,14.1,0.3
1310561397.52,14.1,0.0799
1310577071.38,14.0002723363,1.2811
1310578092.22,14.0,10
1310580974.65,14.0,1
1310582596.16,14.0,0.0161
1310582896.44,14.0,0.8169
1310585298.68,14.0999243795,3.9
1310586259.5,14.0139,0.0251
1310586319.55,14.0201029984,0.4936
1310592565.04,14.0344558417,1.2813
1310594366.66,13.9688,0.01
1310617186.96,14.0,0.1
1310619648.71,13.9688,0.3
1310629494.88,13.8354671875,0.64
1310629554.94,13.9204,0.0195
1310629615.0,13.9204,0.0218
1310640060.88,13.9243,0.0262
1310661195.48,13.99728,10.0
1310661255.49,13.927,0.0225
1310661856.03,13.8948,0.0295
1310663897.06,13.8304,0.0437
1310667079.28,13.8513,0.1
1310674283.75,13.8513,0.08
1310675904.92,13.896502693,0.2785
1310675964.97,13.9,13.51
1310676085.08,13.9,11.2115
1310677045.8,13.9268057778,0.6075
1310678426.78,14.4289166374,70.677
1310678486.84,14.4996972706,29.3689
1310678546.9,14.2165537336,0.1299
1310678666.95,14.4970772689,31.9839
1310678727.0,14.5,0.0477
1310678787.06,14.5,0.0254
1310678847.12,14.5,0.0254
1310678907.16,14.5,2.0387
1310678967.2,14.5,0.0254
1310679147.35,14.5,3.6552
1310679267.43,14.5,0.2276
1310679447.57,14.4067,0.0254
1310679687.81,14.3554,0.0358
1310679927.96,14.1423430752,0.1769
1310680288.11,14.1325,0.02
1310680348.13,14.1762,0.0232
1310680408.14,14.2636,0.0294
1310680528.16,14.076272063,0.5337
1310681728.47,13.969,0.08
1310690015.61,14.0567,0.0204
1310691516.93,14.0,0.3
1310691877.29,14.0642536571,7.0
1310691937.35,14.05,0.3
1310692117.53,14.05,0.7
1310692778.1,14.1375,0.0217
1310692898.22,14.1,5.0
1310692958.25,14.18148,0.0265
1310693018.31,14.2044,0.0191
1310693318.55,14.1138,0.0257
1310693438.67,14.1244175283,12.0
1310693678.85,14.2146690028,0.4723
1310693738.91,14.2159,19.568
1310694219.37,14.2,2.0309
1310694339.49,14.201567131,10.0
1310694940.06,14.1195,0.0269
1310695120.23,14.0644,0.0362
1310697762.62,14.1,5
1310697882.71,14.1,8.88
1310702385.21,14.0137,0.0251
1310703045.43,14.1029971138,2.1204
1310703105.44,14.103,1.2
1310703165.5,14.103,0.9
1310703345.58,14.103,0.7796
1310703525.75,14.12,1
1310703886.04,14.102,1
1310710491.91,14.1999740885,40.0
1310711452.81,14.1000514636,1.5271
1310711512.87,14.1,1.5
1310711572.93,14.1,2.7
1310711632.99,14.1,0.6
1310711693.05,14.1,2.7
1310711753.11,14.1,1.2
1310713555.0,14.0471,0.039
1310716799.18,14.1498614941,1.8205
1310733619.56,14.1,1.8746
1310734520.5,14.0738,0.0228
1310737283.83,14.0386,0.0303
1310737824.36,14.0308,10
1310739205.94,14.0308,4.82
1310748937.17,14.255912338,15.0
1310749057.29,14.2089988792,0.0803
1310749117.35,14.1633,0.0354
1310750498.72,14.0837,0.0235
1310750618.84,14.0453,0.0317
1310751339.56,14.1399197969,4.9331
1310751399.62,14.14,2.063
1310752660.97,14.0013768088,1.899
1310762091.09,14.003,6.1555
1310762872.14,14.0001,2.11
1310762932.2,13.99,78.5911
1310762992.26,13.99,16.98
1310763352.62,13.99,2.2737
1310763472.8,13.99,15.43
1310765094.5,13.99,5.6995
1310765454.9,13.99,13.81
1310765995.42,13.9684,0.0958
1310766776.21,13.9,1.5
1310766836.27,13.9,0.5
1310766896.33,13.91,3.3
1310766956.39,13.91,1.8
1310767016.65,13.91,1.2
1310768878.76,13.91,49.7734
1310769179.06,13.91,1.2
1310769239.12,13.91,2.1
1310769299.18,13.91,1.5
1310769359.23,13.91,2.4
1310769419.29,13.91,2.1
1310769479.35,13.91,1.68
1310769539.41,13.91,2.1
1310769599.47,13.91,1.5
1310769659.53,13.91,2.1
1310769719.59,13.91,2.1
1310769779.65,13.91,2.1
1310769839.71,13.91,1.8
1310769899.76,13.91,0.6
1310770079.93,13.91,0.6
1310770920.73,13.91,0.5
1310771521.36,13.91,0.5
1310772061.89,13.8897,0.0239
1310772842.67,13.8516,0.0233
1310772902.73,13.8516,0.1155
1310776086.42,13.8,2.9931
1310776146.47,13.8,0.1299
1310776206.53,13.8,1.5
1310776266.59,13.8,1.2
1310776386.71,13.8,0.05
1310776687.02,13.7999782888,22.1499
1310777107.44,13.749993191,15.0301
1310777287.66,13.7,0.1
1310778789.16,13.7,2.064
1310778849.22,13.7,2.1
1310778909.39,13.7,2.4
1310778969.45,13.7,1.8
1310779029.51,13.7,0.6
1310781972.42,13.7,0.0483
1310782152.67,13.7,0.8877
1310782573.22,13.6818,0.1554
1310785336.01,13.6121,0.1041
1310785456.13,13.6,0.9532
1310787077.7,13.6,9.0468
1310788459.07,13.6,0.623
1310791041.42,13.6,0.3302
1310795005.98,13.5947,8.86
1310807439.11,13.6701,0.0195
1310807679.32,13.7008,0.0208
1310811162.53,13.6248016817,1.4271
1310835605.14,13.5888,0.0254
1310835965.48,13.7859040617,0.4604
1310836025.52,14.0804262479,2.1396
1310836145.61,13.7068,0.0277
1310838307.53,13.6500095471,14.97
1310838367.59,13.65,13.82
1310839148.34,13.6452074592,78.8366
1310843292.23,13.65,0.3
1310843352.28,13.65,5.7554
1310846775.42,13.7105849515,0.0412
1310856084.43,13.8,1.3436
1310856144.49,13.8121,0.0218
1310858066.32,13.75,1.8
1310858126.38,13.75,1.7017
1310858186.44,13.75,1.6963
1310858246.5,13.75,1.3066
1310858306.56,13.75,0.1522
1310860408.54,13.75,0.6
1310860708.83,13.75,0.0132
1310867435.46,13.9994950207,15.0
1310867495.53,13.8731915789,0.0665
1310867555.58,13.8035,0.0515
1310868336.33,13.75,0.1
1310868396.39,13.75,0.6
1310868456.44,13.75,0.2
1310868576.51,13.75,0.6702
1310868636.57,13.75,0.3702
1310873020.72,13.75,1.2
1310873080.78,13.75,1.8
1310873140.84,13.75,1.8
1310873200.9,13.75,2.1
1310873260.96,13.75,1.5
1310873321.02,13.75,1.9686
1310873381.08,13.75,1.8
1310873441.14,13.75,2.82
1310873501.2,13.75,1.8
1310873561.25,13.75,1.8
1310873621.31,13.75,2.1
1310873681.37,13.75,1.8
1310873741.43,13.75,1.021
1310873801.47,13.7423,0.0631
1310875903.44,13.6539939163,0.0526
1310875963.53,13.61,0.01
1310876023.59,13.6,0.2309
1310876203.77,13.6,12.37
1310876744.26,13.6,0.6
1310876804.32,13.6,1.2
1310876864.38,13.6,0.8572
1310876924.44,13.6,1.5
1310876984.5,13.6,1.5
1310877044.56,13.6,30.08
1310877104.62,13.6,0.0139
1310877164.68,13.6,0.05
1310877344.86,13.6,1.598
1310878065.53,13.5788,0.013
1310878125.58,13.5607384988,1.5707
1310880707.97,13.5067854625,1.9804
1310884071.32,13.435878882,1.61
1310884131.38,13.4302,2.0458
1310884191.44,13.4302,1.5689
1310884251.5,13.4302,10.1011
1310884311.56,13.4302,1.0868
1310884371.62,13.4302,1.0369
1310884431.68,13.4302,0.94
1310884551.8,13.4302,20.898
1310884731.98,13.4302,15.63
1310884792.04,13.4295264926,12.562
1310885272.52,13.3688,0.0207
1310887194.22,13.412,0.0235
1310893620.64,13.3372,0.0247
1310893680.7,13.3014,0.0333
1310893740.76,13.2602,0.3
1310893800.82,13.2601,0.6
1310893860.88,13.2602,1.8
1310893920.94,13.2602,0.6
1310893981.0,13.26015,2.4
1310894041.06,13.2600965406,1.243
1310894221.23,13.26,0.557
1310894281.29,13.2602,0.6
1310899626.64,13.2157,0.0438
1310899686.69,13.2000666667,0.9
1310899986.99,13.2,15.689
1310900047.05,13.2,13.051
1310900527.53,13.2,10.2115
1310909537.19,13.183,0.0659
1310909717.42,13.1022,2.0
1310910498.18,13.1725,0.0202
1310910558.24,13.060942514,0.5163
1310910678.36,13.2492219934,10.1112
1310911579.23,13.3005,0.022
1310913260.88,13.25,0.3
1310913561.18,13.25,0.7
1310913801.42,13.2219,0.026
1310914462.07,13.2,0.2792
1310915302.89,13.1819,0.0358
1310917945.71,13.2,10.0
1310919627.8,13.2792526316,0.0399
1310919807.98,13.3255,0.0203
1310924192.59,13.2928,0.0402
1310935904.95,13.2546,0.024
1310936445.6,13.0517400758,0.5013
1310936505.66,13.1831,0.0273
1310938787.94,13.2617501217,0.0411
1310940710.0,13.25,24.4
1310940770.06,13.25,23.496
1310940830.12,13.25,13.027
1310940890.18,13.25,1.52
1310941070.36,13.25,51.557
1310941490.77,13.29,0.2534
1310941610.89,13.31,0.6
1310941670.95,13.31,0.29
1310941911.19,13.32,0.03
1310941971.25,13.32,0.07
1310942031.31,13.32,0.02
1310942331.61,13.3211131605,0.1003
1310946236.23,13.3,0.01
1310946656.65,13.25,1.443
1310946836.83,13.2369,0.0246
1310947077.07,13.2025,0.0245
1310947257.3,13.950101562,10.0
1310947317.36,13.9832684147,3.9645
1310947437.48,13.403071831,0.1207
1310947497.54,13.2534367418,0.0577
1310947617.66,13.202,0.0243
1310949239.28,13.1691,0.1888
1310949960.0,13.202,0.0486
1310950080.12,13.2392,0.0201
1310950380.42,13.2712,0.02
1310950981.02,13.3022,0.0349
1310952542.88,13.2652708962,1.06
1310952723.06,13.2098,0.0312
1310957407.79,13.1294,0.0187
1310957828.21,13.1,0.585
1310958188.57,13.1,0.6
1310958248.63,13.1,1.5
1310958308.69,13.1,0.9
1310961492.3,13.1,0.6
1310968340.32,13.1002,0.1038
1310971944.2,13.1002,1.75
1310990623.31,13.17,5
1310991103.78,13.1,0.3
1310995789.09,13.0951,0.0356
1310999573.03,13.0593,0.0444
1311000353.92,13.0005,18.3822
1311000594.19,13.0005,1.6178
1311000654.25,12.9877,0.0744
1311000774.37,12.9201351299,0.6234
1311000834.43,12.92,0.985
1311000894.49,12.8973,0.0302
1311001435.03,12.87,0.9
1311001495.09,12.87,0.691
1311001615.21,12.8446,0.1079
1311009601.6,12.8,0.2
1311010442.33,12.7762,0.025
1311010622.51,12.7451,0.0333
1311011223.05,12.6828,0.0497
1311011283.1,12.5647545181,0.1992
1311011823.56,12.64959948,1.0
1311012123.75,12.65,0.0677
1311012183.76,12.6306677632,1.52
1311014285.08,12.65,0.3
1311014345.14,12.6693941606,13.7
1311015005.38,12.6,0.4123
1311015425.61,12.560476525,0.3246
1311015725.78,12.5584,0.0693
1311019628.39,12.57,0.723
1311021429.91,12.6376,0.0322
1311021489.92,12.67,0.1
1311023170.97,12.67,2
1311023471.26,12.6804,0.0361
1311023771.5,12.7563,0.0317
1311024011.61,12.7954,0.0352
1311024251.77,12.8737,0.0425
1311024311.83,12.939,0.0425
1311024431.96,12.9707,0.0452
1311024492.03,13.0067,0.065
1311024552.09,13.0868,0.05
1311024612.17,13.0868,0.0143
1311024672.24,13.0997475138,3.0629
1311024912.47,13.1738,0.0637
1311025092.55,13.0975,0.0259
1311025152.56,13.1725,0.0247
1311026293.4,13.2065657459,0.0724
1311028334.76,13.2,3.1006
1311029415.36,13.2521,0.0764
1311029595.43,13.3178,0.0286
1311029775.58,13.373772843,0.0707
1311030496.04,13.5715718609,0.4197
1311030556.05,13.5998383492,11.8636
1311030736.19,13.5314,0.01
1311030796.24,13.5997302365,11.84
1311031697.02,13.6802,0.0304
1311031757.08,13.7495566536,8.409
1311032357.46,13.8601194378,0.1245
1311033257.97,13.4827649528,0.0953
1311033918.34,13.6083458194,0.1495
1311033978.4,13.72,0.6
1311034398.7,13.5906291262,0.0824
1311034578.83,13.6436,0.0318
1311034999.02,13.4161843621,1.0628
1311035059.03,13.8343916414,0.792
1311035479.31,13.8692027638,3.763
1311035839.6,13.8989616667,12.0
1311036199.9,13.8997,2.0597
1311036379.93,13.8999,10.99
1311036439.99,13.8999,8.7871
1311036680.12,13.9491,0.05
1311036920.18,13.9491,0.0195
1311037280.41,14.0001,0.0287
1311037340.47,14.3259125369,3.5607
1311037460.56,14.4799079323,1.0287
1311037760.68,14.3782079208,1.515
1311037880.74,14.05,2
1311037940.75,14.1718264012,0.0678
1311038000.77,14.2215067468,0.7322
1311038180.91,14.3012,0.1
1311039321.29,14.2229,0.013
1311039381.33,14.1862,0.0227
1311039561.41,14.0170895636,0.1054
1311040822.57,14.0388,0.029
1311041002.8,14.1363232604,0.1006
1311041122.95,14.2884047836,0.1317
1311046452.07,13.9688,0.0772
1311046632.37,13.8813,0.0841
1311047053.0,13.7609847059,0.102
1311048374.3,13.7494,0.0121
1311048434.36,13.7494,0.0207
1311048674.6,13.6560714286,0.0546
1311049515.44,13.6995449438,0.0534
1311052758.61,13.626,0.0278
1311055761.63,13.5735,0.136
1311059906.1,13.51,5.0
1311060026.22,13.52,0.3014
1311060206.4,13.51,10.0
1311060687.08,13.5772,0.0292
1311060747.14,13.6053,0.0321
1311062368.8,13.6616,0.0312
1311062849.3,13.7105,0.0308
1311062969.42,13.7555,0.0471
1311064711.35,13.6704,0.026
1311064771.61,13.65,0.974
1311065131.96,13.6253,0.0362
1311065372.2,13.5799,0.0366
1311065552.38,13.55,0.9634
1311066032.96,13.56,1
1311066333.26,13.56,1
1311066753.68,13.56,1
1311067354.25,13.56,1.604
1311067414.31,13.5617829196,5.0479
1311067474.45,13.597179921,1.0638
1311068615.68,13.6629997792,0.0906
1311068675.75,13.7593444595,0.074
1311069336.41,13.8411,0.029
1311070837.91,13.8112322835,0.0508
1311070897.97,13.742,0.0283
1311071798.88,13.6831,0.0418
1311073961.07,13.5611844696,1.857
1311077264.43,13.6413,0.0305
1311079606.91,13.6832,0.0348
1311083631.55,13.767,0.0432
1311084232.35,13.8389,0.0292
1311084412.53,13.8709,0.0586
1311085854.27,13.9475,0.0296
1311093782.55,13.8775,0.015
1311094623.65,13.8481,0.0195
1311095044.07,13.7892,0.0362
1311096185.27,13.8978395055,0.364
1311096245.33,13.7954313894,0.0583
1311106337.21,13.7378,0.0249
1311108379.26,13.6969,0.0619
1311110601.56,13.6656121951,0.2296
1311110961.91,13.73,0.9191
1311111922.85,13.75,21.3
1311111982.91,13.75,1.6765
1311112583.77,13.7970723183,0.0289
1311113124.34,13.8964600454,0.8362
1311113184.4,13.9,21.13
1311113244.46,13.9,11.86
1311113304.52,13.9,12.09
1311113364.58,13.9,12.1
1311113484.7,13.9,11.9
1311113544.76,13.9,22.35
1311114445.71,13.9,7.7338
1311115346.6,13.949910869,10.3643
1311115406.66,13.95,13.259
1311115466.72,13.95,8.35
1311118710.42,13.95,4.1608
1311118770.48,13.95,16.2978
1311118830.54,13.95,2.5449
1311118950.66,13.95,42.4811
1311119371.08,13.8687,0.0245
1311119671.38,13.8279,0.0273
1311119731.44,13.7501303419,1.7227
1311120572.48,13.8192,0.029
1311122374.67,13.8485,0.032
1311123035.33,13.9,2.4
1311123095.39,13.9,2.1
1311123155.45,13.9,0.8
1311123515.81,13.9,0.485
1311125618.37,13.9,21.6
1311125738.5,13.9,1.2
1311126219.0,14.6818673471,14.0
1311126279.06,14.2361,0.0127
1311126399.18,14.0646867187,0.0512
1311127180.05,14.8652892984,71.5587
1311127240.11,15.0,16.0766
1311127300.17,14.9993235296,12.3797
1311127420.29,14.2359293878,0.049
1311127480.35,15.3788540228,18.0
1311127600.47,15.4818512969,1.7465
1311127720.59,14.465519015,0.0731
1311127780.65,14.2876,0.0259
1311127840.71,14.0122232558,0.1806
1311128080.95,15.4720253941,23.726
1311128141.01,15.5,3.548
1311128201.07,15.5,3.0119
1311128261.13,15.5,1.8119
1311128321.19,15.5,1.8238
1311128381.25,15.5869,0.0286
1311128441.31,15.5090618468,5.2588
1311128501.37,15.5,0.0119
1311128561.43,15.5,0.0235
1311128621.63,15.5,0.0235
1311128681.69,15.5,0.0235
1311128741.76,15.5,0.0235
1311128801.82,15.5,0.034
1311128861.88,15.5,0.0124
1311128921.94,15.5,0.0124
1311128982.0,15.5,0.045
1311129042.06,15.5,0.045
1311129102.12,15.5,0.0225
1311129162.18,15.5,0.0225
1311129222.24,15.5,0.0225
1311129282.3,15.5,0.045
1311129342.36,15.5,1.545
1311129402.42,15.5,0.0225
1311129462.48,15.5,23.0225
1311129522.54,15.5,0.0225
1311129582.6,15.4813034039,0.1087
1311129642.66,15.4072,0.0006
1311129882.89,15.3595,0.0219
1311130363.36,15.4188060811,0.0444
1311130423.54,15.3652,0.0201
1311130483.6,15.3315,0.0262
1311130543.66,15.264,0.0483
1311130663.78,15.0099947502,0.1581
1311130723.84,14.6771176528,0.1031
1311130783.9,14.4534106489,1.125
1311130844.09,14.7,0.25
1311130904.15,14.2681931909,1.3952
1311130964.21,14.7726,0.25
1311131024.27,14.0115441801,0.433
1311131144.39,14.3012944651,0.215
1311131204.45,14.1624859489,0.0548
1311131324.57,14.3005585526,0.1216
1311131504.75,14.2929,0.0114
1311131564.81,14.3,0.1629
1311131925.17,14.2202741946,0.3073
1311132225.46,14.1214,14.1
1311132345.58,13.885450216,0.324
1311132645.88,13.6728440975,0.2914
1311132705.94,13.5551240199,0.1811
1311132826.06,13.7734863988,0.0647
1311133486.72,13.8738,0.0415
1311137210.5,13.9466420301,0.133
1311137270.55,14.0,17.52
1311137510.79,14.0,7.347
1311137991.36,14.0509,0.1078
1311138051.42,13.9703,0.024
1311138171.54,14.0,26.01
1311138291.66,14.0,27.911
1311138351.72,14.0,13.35
1311138531.9,14.0,0.1072
1311139612.98,14.0,50.0001
1311139793.23,13.9999426886,39.6544
1311140574.01,14.2194619186,0.3784
1311140814.25,14.49871168,1.0
1311141234.79,14.3235870506,0.3143
1311141294.85,13.7048371995,0.9277
1311141415.03,13.6961619048,0.1008
1311141475.09,14.4550963135,0.5154
1311141535.15,14.1825064915,0.0647
1311141655.27,13.9473823322,0.0283
1311141775.39,14.2069551031,0.1891
1311141835.45,14.35,0.1556
1311141955.57,14.2290488995,0.1681
1311142015.87,14.0151356289,1.0542
1311142135.98,14.1697631399,0.0293
1311142196.04,14.2356453865,0.0802
1311142316.3,14.5759,0.0287
1311142436.42,14.5933592201,0.5103
1311142496.48,14.4880277736,0.265
1311142556.54,14.1431119919,0.0984
1311142616.6,14.5998,0.6692
1311142676.66,14.1556,0.0163
1311142796.78,14.1414,0.1062
1311142856.84,14.2822840278,0.1152
1311142976.96,14.404,0.0288
1311143097.06,14.2158,0.01
1311143157.12,14.2682938259,0.0988
1311143397.49,14.247588716,0.0257
1311143457.55,14.1151232919,0.0966
1311143517.61,13.94,0.0256
1311143637.73,13.9341,0.0798
1311143817.91,14.0215,0.0306
1311143877.97,14.3097496119,0.2834
1311144358.45,14.3295,0.0223
1311149343.45,14.5897243267,1.5
1311149403.51,14.4082,0.011
1311149883.99,14.3127,0.0261
1311149944.13,14.2068742586,0.0843
1311150124.31,14.0160346582,0.0629
1311150244.43,13.9065,0.0259
1311150484.67,13.8587,0.1
1311150544.73,13.7685022356,0.1163
1311150604.79,13.7861,0.0228
1311150664.85,13.5733652174,0.1334
1311150725.01,13.5131,0.2
1311150785.07,13.6467357278,0.1058
1311150845.13,13.52925,0.2
1311150905.19,13.5914320955,0.1131
1311166881.66,13.7695485,2.0
1311195592.28,13.7598117031,27.0955
1311195652.34,13.77,1.9045
1311197994.85,13.6686887543,0.0578
1311198175.07,13.5506897233,0.1012
1311199616.53,13.4190025189,0.4764
1311199676.59,13.41,0.5236
1311199796.71,13.3664438871,1.0306
1311199856.77,13.5284,0.0345
1311200817.75,13.6089,0.0305
1311202679.61,13.64,2
1311202739.67,14.4839521984,13.66
1311202799.73,14.3048232044,0.0181
1311202859.79,14.071592093,0.043
1311203039.97,13.8343295775,0.0355
1311203100.03,13.8332209424,0.0382
1311203880.81,13.651610208,0.6201
1311203940.87,13.65,0.2976
1311204000.93,13.6961979119,1.0823
1311204060.99,13.7499673415,20.0
1311204301.26,13.7629257587,3.15
1311204361.32,13.8,16.85
1311204421.38,13.7198,0.0247
1311204481.44,13.7,4.9753
1311204541.5,13.7,0.0247
1311204661.62,13.6998358516,12.1841
1311204721.68,13.6980590062,3.0912
1311204841.8,13.7,3.08
1311205142.1,13.8441763274,27.0034
1311205202.16,13.899871577,53.0577
1311205923.08,13.8,1.8
1311205983.14,13.8,1.5
1311206043.2,13.8,3.0
1311206103.26,13.8,3.3
1311206163.32,13.8,4.5
1311206223.38,13.8,1.8
1311206283.44,13.8,3.9
1311206343.5,13.8,0.2
1311206763.92,13.8,20.39
1311207004.16,13.8,22.36
1311207064.22,13.8,3.6
1311207124.28,13.8,15.2571
1311207184.34,13.8,1.5
1311207845.0,13.8,20
1311207965.12,13.8,1.7524
1311208205.36,13.8,15
1311209646.8,13.7880088378,0.1652
1311210607.79,13.7,0.0101
1311211088.27,13.7,20
1311211148.33,13.7,17.0048
1311211388.57,13.7,12.94
1311211628.81,13.7,2.4
1311211688.87,13.7,15.87
1311211748.93,13.7,12.53
1311211808.99,13.7,2.4
1311211869.05,13.7,2.7
1311211929.11,13.7,2.5314
1311211989.17,13.7,3.0
1311212049.23,13.7,2.5
1311212109.29,13.7,13.264
1311212169.35,13.7,0.6
1311212349.63,13.7,7.236
1311212409.69,13.7,6.8552
1311212649.93,13.7,25.61
1311212709.99,13.7,2.5485
1311212950.23,13.6798,0.0556
1311217755.11,13.7707,0.0292
1311217815.17,13.8124568627,0.0408
1311217875.23,13.7246376543,0.0648
1311219737.12,13.7999092342,2.1312
1311219797.18,13.8,22.38
1311219857.24,13.8,40.74
1311219917.3,13.8,20.21
1311219977.36,13.8,14.5388
1311220638.02,13.8,42.65
1311220698.08,13.8,19.37
1311220758.14,13.8,3.0
1311220818.2,13.8,18.94
1311220878.26,13.8,2.4
1311220938.32,13.8,1.8
1311220998.38,13.8,1.2
1311221058.44,13.8,1.8
1311221118.5,13.8,0.6
1311221358.74,13.8,78.9318
1311221599.16,13.8,25.54
1311222199.76,13.8,0.01
1311222440.0,13.8,4.0821
1311222560.14,13.879787625,4.0
1311225082.94,13.8117,0.0218
1311225623.48,13.8,10
1311226043.9,13.8115946756,44.8709
1311227185.08,13.5488754602,1.0648
1311227245.14,13.7094,0.0425
1311230067.96,13.75,23.02
1311232950.84,13.75,25.5
1311233010.9,13.75,24.65
1311233311.2,13.75,26.83
1311252951.82,13.77,14.51
1311257997.32,13.7024,6
1311258778.17,13.7023,0.022
1311258838.23,13.6746,0.0238
1311261240.78,13.600048487,25.79
1311261300.84,13.6,25.61
1311262502.48,13.6,12
1311271933.14,13.61,1.92
1311272954.37,13.6,25.83
1311273014.43,13.6,10.8019
1311273134.55,13.65,7.0
1311273434.85,13.5631712474,0.0473
1311273554.97,13.548,0.0243
1311275957.5,13.5103,2.0
1311294336.32,13.5105,0.6
1311294396.38,13.5103,1.0589
1311300943.51,13.56,25.89
1311301003.57,13.56,51.75
1311301243.81,13.58,10
1311301484.05,13.56,22.28
1311302084.65,13.56,20.05
1311303706.27,13.56,2.6294
1311303766.33,13.56,6.095
1311304487.05,13.8956475145,7.91
1311304547.11,13.7622889952,0.0418
1311304607.17,13.6815,0.0183
1311305087.69,13.799959067,25.6414
1311305147.75,13.7994968991,3.2797
1311305207.81,13.6836,0.0286
1311307730.69,13.6073,0.0467
1311308030.99,13.56,8.3
1311309713.2,13.638,0.0302
1311314638.47,13.679966887,2.92
1311320584.54,13.7067,0.01
1311321425.38,13.7067,0.0223
1311328092.45,13.7,21.4255
1311338602.95,13.6190983051,0.0472
1311341365.7,13.591,22
1311364249.79,13.837293815,6.0
1311364790.33,13.7355,0.0184
1311365571.15,13.6600848733,25.65
1311365811.39,13.8391339726,27.0
1311365871.45,13.7557491713,0.0543
1311369834.43,13.8995622983,24.0
1311369894.44,13.7811,0.0254
1311370074.62,13.7374,0.0352
1311371515.44,13.66,20.15
1311381362.52,13.661,0.3
1311381902.96,14.129198255,2.0115
1311381963.02,13.9316666667,0.0441
1311382023.08,13.7477469983,0.0583
1311384544.51,13.65,10
1311384964.73,13.65,17.14
1311385985.13,13.701,29.31
1311386045.16,13.701,10.69
1311386225.18,13.65,25.63
1311386525.28,13.7576023529,0.136
1311386585.29,13.787706422,10.464
1311386645.31,13.7988873904,29.66
1311386705.32,13.8,26.0824
1311386765.33,13.802,3.0
1311386825.34,13.8005263158,1.9
1311386885.4,13.8,2.25
1311386945.41,13.8,2.4
1311387005.47,13.8,3.0
1311387065.48,13.8,2.7
1311387125.49,13.8,1.8
1311387185.5,13.8,2.1
1311387245.56,13.8,2.7
1311387305.57,13.8,2.1
1311387365.58,13.8,1.5
1311387485.66,13.8,20.1076
1311387605.73,13.78,18.651
1311387965.9,13.7738834179,16.349
1311388025.9,13.75,9.1
1311392167.7,13.72,1
1311392227.71,13.7,1
1311392347.73,13.7,5
1311392527.81,13.6999,2
1311392647.89,13.69,1
1311393908.35,13.7,1
1311397030.38,13.69,1
1311398471.3,13.7,11
1311398591.37,13.69,1
1311408917.28,13.685,0.25
1311410718.6,13.6821501466,1.7732
1311410778.61,13.67,1
1311414201.26,13.66,0.6
1311414441.42,13.654,1.0
1311414681.54,13.6432342347,1.4792
1311416242.58,13.6,1
1311418464.29,13.536601931,2.0508
1311426570.04,13.9703111467,0.75
1311426630.1,13.7804696046,0.1214
1311428792.04,13.6258,0.0226
1311433775.44,13.61,3.25
1311435636.58,13.7930311195,0.1054
1311435696.63,13.8605526653,0.9211
1311438999.72,13.6925,0.0374
1311439300.08,13.62,0.6
1311449510.58,13.65,1.5
1311449570.64,13.65,3.3
1311449630.7,13.65,2.7
1311449690.76,13.65,21.8
1311459540.82,13.7246,0.0293
1311459600.88,13.7632616253,31.2307
1311459660.94,13.7,32.4655
1311466793.94,13.69,22.56
1311467454.07,13.69,2.44
1311468294.52,13.6800051032,20.06
1311468414.63,13.69,18.06
1311468955.03,13.71,10
1311470095.89,13.7,15.25
1311470155.93,13.7020949721,14.32
1311470215.99,13.75,13.55
1311470276.03,13.75,0.6
1311470336.05,13.75,13.52
1311470396.1,13.75,1.1146
1311470456.15,13.75,20.515
1311470516.2,13.75,1.8
1311470576.26,13.75,0.9
1311470936.59,13.75,1.2
1311470996.65,13.75,1.5
1311471056.71,13.75,3.0
1311471116.77,13.75,2.605
1311471176.79,13.75,1.644
1311471236.84,13.75,2.1
1311471296.9,13.75,2.4
1311471356.95,13.75,3.0
1311471417.01,13.75,3.0137
1311471477.07,13.75,1.2
1311471717.23,13.75,2.4
1311471777.23,13.75,1.8
1311471837.24,13.75,2.7
1311471897.26,13.75,2.4
1311471957.31,13.75,0.9
1311472137.49,13.75,8.104
1311476460.56,13.8583007226,27.8444
1311476520.62,13.8437831579,0.0475
1311477481.37,13.6429210333,0.3
1311478261.96,13.7306,0.0299
1311481564.67,13.6204438547,0.3222
1311483846.55,13.9955007899,7.4815
1311483906.58,13.9998,10.6185
1311483966.63,13.8640825436,0.0401
1311484026.69,13.8421,0.0108
1311484146.81,13.8,1.2
1311484206.87,13.8,2.7
1311484266.92,13.8,2.1
1311484326.98,13.8,1.5
1311484387.04,13.8,3.0
1311484447.07,13.8,3.4
1311484507.1,13.8,0.6
1311485407.61,13.9764792695,0.3121
1311485948.07,13.8594189655,0.058
1311488049.67,13.7601,0.0453
1311489911.23,13.6183296348,1.9197
1311527920.34,13.8960174454,44.9907
1311527980.4,13.7988489112,0.0597
1311528881.3,13.8797169162,11.2874
1311528941.36,13.88,2.6595
1311529001.42,13.88,1.94
1311529061.48,13.88,5.1475
1311529121.54,13.88,2.4
1311529181.6,13.88,3.3
1311529241.66,13.88,2.7
1311529301.74,13.88,3.0
1311536265.42,13.8961779088,33.5092
1311537287.04,13.9499620525,24.4467
1311537347.1,13.95,23.22
1311537407.16,13.95,22.13
1311537467.22,13.95,3.0
1311537527.28,13.95,2.1
1311537587.34,13.95,3.0
1311537647.4,13.95,1.9
1311537707.46,13.95,1.5
1311537767.52,13.95,0.6
1311537827.58,13.95,0.9
1311537887.64,13.95,2.1
1311537947.7,13.95,1.2
1311538127.88,13.95,18.66
1311538187.94,13.95,0.6
1311538488.3,13.95,0.6
1311538608.53,13.95,0.5
1311538728.65,13.9502,0.3
1311542572.51,13.96,10
1311543893.83,13.9995637746,19.3243
1311543953.89,14.0,44.49
1311544013.95,14.0,13.0022
1311544074.01,14.0,2.4
1311544134.07,14.0,1.4
1311544194.13,14.0,0.9
1311544254.19,14.0,10.05
1311544314.25,14.0,17.176
1311544374.31,14.0,7.322
1311544434.37,14.0,0.0108
1311545995.93,14.0,10
1311546476.33,14.0,0.1501
1311551700.11,14.0525658171,0.0667
1311554461.72,14.1,14.395
1311554521.78,14.1,5.6043
1311554581.79,14.1,3.0
1311554641.8,14.1,3.0
1311554701.8,14.1,2.1
1311554761.84,14.1,3.0
1311554821.91,14.1,3.3
1311554881.97,14.1,0.3
1311555602.4,14.1,15
1311555842.49,14.1,0.0538
1311555902.54,14.1,0.1017
1311556202.72,14.1,0.6
1311556262.78,14.1,2.0
1311556322.81,14.1,1.8
1311556382.83,14.1,1.8
1311556442.87,14.1,2.7
1311556502.93,14.1,2.4
1311556562.94,14.1,2.1
1311556622.96,14.1,1.5
1311556803.08,14.1,3.48
1311556983.21,14.1,0.1
1311557583.43,14.1,5
1311558063.64,14.1,0.02
1311558423.77,14.1,2
1311558483.78,14.1,2
1311558543.78,14.1,64.6366
1311558603.8,14.1,1
1311558663.8,14.1,2
1311559204.11,14.1,0.42
1311560885.11,14.1,6.59
1311560945.17,14.1,0.1274
1311562326.22,14.0954782609,2.3
1311562386.28,14.0031818182,2.2
1311562446.33,14.0136111111,1.8
1311562506.34,14.0063253012,1.66
1311562566.4,13.9981903379,0.5889
1311563887.37,14.0210891089,1.01
1311564007.54,14.0533,0.0614
1311564127.66,14.0782,0.0307
1311564187.71,14.1350711864,0.0885
1311564247.78,14.278,1.7243
1311564307.82,14.2922,0.1008
1311565928.81,14.4012,6.0
1311565988.87,14.41333662,1.0
1311567250.13,14.3,1.0724
1311567310.19,14.3,2.932
1311567370.25,14.3,2.1951
1311567430.31,14.3,3.6
1311567490.37,14.3,0.2005
1311567730.61,14.3,0.6
1311567790.67,14.3,2.1
1311567850.73,14.3,3.6
1311567910.79,14.3,20.1
1311567970.86,14.3,11.6839
1311568030.91,14.3,2.1
1311568090.98,14.5167396783,11.5
1311568151.03,14.3,1.8
1311568211.09,14.3,2.7
1311568271.15,14.3030869565,2.3
1311568391.27,14.3,4.3969
1311568451.33,14.30355,2
1311568571.45,14.3,0.21
1311568631.51,14.3071,1
1311568751.63,14.4849713592,11.3258
1311568811.69,14.5,10
1311568931.81,14.5,1
1311569592.47,14.4,5
1311569832.71,14.4,0.11
1311570253.13,14.4,0.0567
1311571334.21,14.4,0.6
1311571514.39,14.4,2
1311572114.99,14.4,10
1311572475.37,14.4,2
1311573676.57,14.4,62.0195
1311575959.14,14.2218638356,0.073
1311577700.9,14.0795,0.0656
1311578661.86,14.1996372093,0.9288
1311578721.92,14.2,41.676
1311578781.98,14.2,2.1
1311578842.04,14.2,19.65
1311578902.1,14.2,17.65
1311578962.16,14.2,3.0
1311579022.22,14.2,1.8
1311579082.28,14.2,2.1
1311579142.34,14.2,3.0
1311579202.4,14.2,2.4
1311579262.46,14.2,1.786
1311579322.53,14.2,1.8
1311579382.58,14.2,3.3
1311579442.64,14.2,2.1
1311579502.98,14.2,3.3
1311579563.04,14.2,13.4092
1311604669.84,14.2211,0.0324
1311605150.42,14.3159,0.0427
1311607432.95,14.25,1.9622
1311607613.13,14.3733,0.0301
1311615841.98,14.2508017019,4.4891
1311618364.86,14.26,3.28
1311618484.98,14.2632,6.72
1311618545.04,14.23,0.9676
1311618965.46,14.21,24.69
1311619025.52,14.21,37.31
1311619445.94,14.3402979609,33.0
1311619506.0,14.2771285714,0.0476
1311619566.06,14.3983991974,69.4748
1311619626.12,14.3998091392,30.5727
1311619866.36,14.35,17.68
1311619926.42,14.35,2.32
1311620046.54,14.3,0.0171
1311620226.72,14.3,2
1311620286.78,14.3,17.9829
1311621007.5,14.24,8.1
1311621307.8,14.2397,0.022
1311625031.72,14.2069,0.0295
1311626533.26,14.1119,0.0493
1311628214.98,14.0533,3.0266
1311628275.04,13.938959656,2.151
1311629175.94,14.0333,0.0307
1311633200.05,14.05,5.74
1311634521.33,14.0534864464,11.473
1311641968.67,14.05,6.8752
1311642148.85,14.05,79.8811
1311650497.74,13.9526,0.0111
1311650557.79,13.9526,0.0112
1311651338.57,13.95,0.0158
1311654581.81,13.95,0.9842
1311659506.73,13.9526,0.0032
1311659566.79,14.2981423298,10.0069
1311659626.85,14.1128660714,0.0336
1311667975.88,13.9585,0.0235
1311685455.98,13.9211005707,8.3063
1311689239.9,14.0335,8.22
1311695726.62,13.93,0.3
1311695846.74,13.93,0.189
1311704048.63,13.9998,8.5231
1311704829.41,13.9998,2
1311704889.75,13.9999558667,15.0
1311706811.84,14.0,13.31
1311706871.9,14.0,11.98
1311706931.96,14.0,10.78
1311706992.02,14.0,9.703
1311707052.08,14.0,8.732
1311708073.1,14.0,7.859
1311715821.18,13.95,0.3
1311715881.24,13.95,9.173
1311715941.3,13.95,1.5
1311716001.36,13.95,2.1
1311716061.42,13.95,1.8
1311716121.44,13.95,1.8
1311716181.46,13.95,1.8
1311716241.49,13.95,0.6
1311716601.67,13.95,0.6
1311716661.73,13.95,1.2
1311717202.13,13.95,0.3
1311717262.18,13.95,8.466
1311717322.21,13.95,1.53
1311718402.87,13.95,15.73
1311719783.95,13.95,15.66
1311719844.02,13.95,0.6
1311719904.07,13.95,1.8
1311719964.14,13.95,2.7
1311720024.18,13.95,1.7909
1311720084.24,13.95,1.8
1311720144.3,13.95,2.7
1311720204.32,13.95,2.4
1311720264.38,13.95,1.5472
1311720324.44,13.95,2.4
1311720384.49,13.95,1.634
1311720444.55,13.95,0.7473
1311721825.49,13.95,0.3
1311721885.54,13.95,0.3
1311722125.78,13.95,25.22
1311722786.19,13.95,0.6
1311722846.25,13.95,1.8
1311722906.26,13.95,2.7
1311722966.32,13.95,1.52
1311723026.37,13.95,2.76
1311723086.39,13.95,1.87
1311723146.45,13.95,0.9
1311723206.47,13.95,1.5
1311726208.75,13.95,1.592
1311727289.69,13.95,0.6
1311727349.75,13.95,2.1
1311727409.8,13.95,0.2433
1311767754.42,13.96,0.3
1311775799.05,13.96,22.72
1311775859.11,13.96,38.85
1311778020.36,13.96,0.9
1311779521.38,13.96,16.56
1311780001.72,13.96,1.8
1311780061.78,13.96,16.71
1311780121.84,13.96,1.8
1311780181.9,13.96,1.5
1311780241.94,13.96,1.5
1311780302.0,13.96,2.4
1311780362.06,13.96,1.5
1311780422.12,13.96,2.4
1311780482.18,13.96,1.8
1311780542.23,13.96,2.7
1311780602.29,13.96,1.3
1311780662.35,13.96,2.7
1311780722.41,13.96,1.2
1311780782.47,13.96,2.4
1311780842.5,13.96,0.3
1311780902.57,13.96,1.3
1311780962.62,13.96,1.2
1311781022.68,13.96,2.4
1311781082.74,13.96,1.5
1311781142.79,13.96,0.6
1311781262.9,13.96,0.1
1311782463.71,13.96,13.41
1311786306.35,13.96,12.07
1311786426.41,13.96,10.87
1311786486.41,13.96,9.78
1311790749.22,14.5777408153,19.0
1311790809.23,14.2639,0.0664
1311790869.26,14.360635841,0.4227
1311790929.32,14.2771001412,0.354
1311790989.34,14.4504,0.0385
1311791049.4,14.185276773,0.3229
1311791109.45,14.1275021314,0.1689
1311791529.79,13.9603917429,19.2028
1311791589.83,13.96,1.5
1311791649.89,13.96,1.8
1311791709.95,13.96,2.7
1311791769.97,13.96,0.3964
1311791830.02,13.9481,0.0934
1311792970.94,13.9481,0.0934
1311795312.64,13.95,0.7
1311795612.91,13.95,0.4
1311795913.13,13.95,0.4
1311797894.68,13.96,0.0964
1311797954.74,13.98,2.1
1311798014.8,13.98,1.5
1311798074.81,13.98,2.1
1311798134.83,13.98,1.5
1311798194.83,13.98,1.8
1311798254.85,13.98,1.8
1311798314.91,13.98,1.5
1311798374.96,13.98,1.8
1311798434.97,13.98,3.0
1311798494.98,13.98,1.5
1311798555.0,13.98,2.1
1311798615.01,13.98,1.8
1311798675.02,13.98,1.2
1311798735.04,13.98,2.4
1311798795.05,13.98,2.1
1311798855.07,13.98,1.2
1311801917.62,13.98,26.04
1311806240.91,13.98,2.7
1311806300.97,13.98,1.8
1311806361.03,13.98,2.1
1311806421.09,13.98,2.4
1311806481.15,13.98,2.4
1311806541.18,13.98,1.8
1311806601.23,13.98,2.1
1311806661.26,13.98,1.5
1311808582.58,13.98,25.15
1311808642.63,13.98,1.2
1311809123.07,13.98,0.8
1311809363.27,13.98,0.414
1311809423.3,13.98,2.1
1311809483.35,13.98,2.4
1311809543.41,13.98,0.1
1311809663.5,13.98,0.9
1311809723.52,13.98,0.4114
1311810504.09,13.98,0.6
1311810564.15,13.98,0.3
1311810864.31,13.98,24.258
1311811404.59,13.98,37.95
1311811464.69,13.98,34.5882
1311811524.74,13.98,10.2169
1311811584.8,13.98,22.22
1311811644.81,13.98,0.9
1311811704.86,13.98,1.5
1311811764.92,13.98,1.7502
1311811824.98,13.98,1.7098
1311811884.99,13.98,0.9
1311812485.53,13.98,0.25
1311812905.9,13.98,27.6411
1311812965.96,13.98,2
1311813266.18,13.98,15
1311813326.23,13.98,12.404
1311815607.39,13.885,0.9
1311815667.44,13.885,2.0
1311815727.45,13.885,2.7
1311815787.45,13.885,0.674
1311816147.68,13.885,0.6
1311816207.7,13.885,2.5
1311816687.96,13.8787641236,0.9031
1311820230.62,13.8863013524,1.6933
1311820290.68,13.89,1.8
1311820350.72,13.89,2.1
1311820410.73,13.89,1.2
1311821551.38,13.89,1.2
1311821611.44,13.89,0.1078
1311822271.92,13.89,0.6
1311822331.98,13.89,1.5
1311822392.0,13.89,2.1
1311822452.05,13.89,1.5
1311822812.33,13.89,0.3
1311822872.38,13.89,2.1
1311822932.44,13.89,0.9
1311822992.49,13.89,2.1
1311823052.51,13.89,25.33
1311823292.59,13.89,1.2
1311823412.63,13.89,0.9
1311823472.65,13.89,1.8
1311823532.66,13.89,7.403
1311823652.73,13.89,1.6
1311823712.76,13.89,2.1
1311824012.81,13.89,1.2
1311824072.82,13.89,4.4
1311824132.88,13.89,2.4
1311824192.89,13.89,1.5
1311824252.9,13.89,3.0
1311824312.94,13.89,2.1
1311824373.0,13.89,1.2
1311824673.16,13.89,0.14
1311826474.34,13.89,0.01
1311826714.53,13.89,0.1163
1311828095.19,13.89,0.83
1311828155.19,13.89,0.086
1311828515.29,13.89,2.8765
1311828755.39,13.89,12.514
1311829235.51,13.89,4.4725
1311829415.58,13.89,27.56
1311829475.6,13.89,2.01
1311829535.62,13.89,2
1311829595.68,13.89,2
1311829655.74,13.89,2
1311829835.82,13.89,3.585
1311830496.01,13.89,0.1177
1311834098.12,13.9,1.775
1311839982.26,13.93,0.01
1311840342.52,13.93,23.14
1311841843.55,13.93,0.76
1311841963.66,13.93,10
1311846947.21,13.93,2
1311847127.3,13.93,1.9754
1311847487.41,13.93,18
1311847607.47,13.93,34.5
1311847787.52,13.93,12.279
1311848207.86,13.93,2
1311848267.91,13.93,2
1311848327.92,13.93,4
1311848387.94,13.93,4
1311848447.99,13.93,2
1311855233.2,13.93,1
1311855293.26,13.93,2
1311855353.27,13.93,2
1311855413.33,13.93,1
1311858595.24,13.93,0.0439
1311866641.15,13.915,2
1311867241.39,13.729781352,1.4956
1311869282.9,13.7003,0.0944
1311871864.94,13.63,0.626
1311872405.37,13.729776014,0.3994
1311872465.43,13.73,1.8
1311872525.49,13.73,3.6
1311872585.55,13.73,1.5
1311872645.6,13.73,3.0
1311872885.79,13.73,0.492
1311873366.16,13.73,3.435
1311874446.92,13.68,1.9076
1311874927.29,13.7547,0.1037
1311875107.46,13.755,7.9618
1311875287.61,13.755,4
1311875347.64,13.755,2
1311875467.75,13.755,4
1311875888.07,13.755,18.8536
1311878230.03,13.755,1.6004
1311878290.07,13.755,1
1311878470.19,13.755,85.3447
1311878770.36,13.755,0.5
1311878830.38,13.755,2.0
1311879070.56,13.755,7.6358
1311879190.68,13.6317752567,0.1948
1311882853.27,13.7,16.3918
1311882973.37,13.7,14.1655
1311883033.42,13.7,4.7967
1311884534.6,13.56738584,0.25
1311884834.78,13.5200018255,9.97
1311885075.0,13.5200375,8
1311885195.12,13.5101563333,30.0
1311885315.21,13.51,5.469
1311885435.33,13.4661516005,0.3124
1311892941.54,13.5999344537,55.1029
1311893722.28,13.6,24.75
1311893842.35,13.6,2.9838
1311894502.87,13.6,17.1633
1311899006.16,13.5,1.2403
1311902428.44,13.4308082275,7.5017
1311913718.78,13.5699303464,25.0
1311917742.23,13.6,1
1311919363.85,13.6000010165,19.0646
1311920385.12,13.62832412,2.0
1311920505.24,13.6915352154,0.7474
1311920625.52,13.7898,0.21
1311921346.24,13.8223144144,0.2886
1311921406.3,13.850414871,80.748
1311921526.42,13.85,0.5776
1311921586.48,13.85,1
1311921646.54,13.85,10
1311921706.6,14.0055878503,0.7564
1311921766.66,13.85,26.9014
1311921826.72,13.85,0.5171
1311921886.78,13.85,4.4108
1311922187.33,13.9,0.1508
1311922307.45,13.9,4
1311922367.51,13.9,0.1508
1311922487.64,13.9,1.994
1311923448.59,13.9,6.2044
1311924469.61,13.9768,0.0101
1311924710.08,13.9768,0.0924
1311924950.32,14.0,0.0101
1311925130.5,13.8721,0.0848
1311925250.62,13.843,0.0436
1311925310.68,13.843,0.0458
1311925370.74,13.7848,0.0871
1311925490.86,13.7447,0.097
1311928974.39,13.7143,0.0874
1311931076.67,13.7,0.0481
1311932878.81,13.7,0.0165
1311934981.01,13.7,0.0136
1311935341.43,13.7,0.4124
1311940446.64,13.7,2.5563
1311940746.94,13.7,42.16
1311944050.48,13.7,0.7822
1311947174.08,13.7,0.1523
1311947714.62,13.7,2
1311948255.16,13.7,11.3586
1311948735.64,13.7,9.7854
1311952159.14,13.7,12.5674
1311952399.38,13.75,0.3244
1311955102.8,13.75,0.1082
1311956904.62,13.8,13
1311958165.88,13.6757,0.0989
1311958225.94,13.6176125057,0.2183
1311963691.44,13.7,1.5551
1311963751.5,13.7,0.2295
1311964352.1,13.7,0.0154
1311971919.66,13.8633802138,16.0
1311972280.02,13.7589130568,0.1302
1311974021.76,13.7407,0.0449
1311974141.88,13.7,0.0145
1311975102.84,13.6851,0.099
1311976003.74,13.6,0.9962
1311982010.29,13.78185176,0.5
1311983991.86,13.7674,0.0753
1311984111.95,13.7428427617,0.0898
1311984171.97,13.7159637931,0.0174
1311988915.51,13.6005508773,14.02
1311988975.57,13.6,5.5152
1311991617.76,13.574,0.1176
1311992818.66,13.574,7.3824
1312004585.9,13.8584873557,4.02
1312006507.32,13.7674,0.0852
1312006567.35,13.7399,0.0897
1312006627.35,13.6849,0.0988
1312010830.39,13.6849,0.3747
1312010890.43,13.6849,0.2922
1312010950.43,13.6849,0.1584
1312011070.48,13.6849,0.4105
1312011610.88,13.6849,0.1112
1312011730.96,13.6849,0.1085
1312011790.98,13.6849,0.1059
1312011851.04,13.6849,0.1034
1312011911.09,13.6849,0.1009
1312012931.5,13.6849,0.8379
1312012991.52,13.6849,0.1803
1312013051.54,13.6849,0.2545
1312013111.55,13.6849,0.3143
1312013231.62,13.6849,0.2989
1312013291.65,13.6849,0.3031
1312013351.68,13.6849,0.1973
1312029800.39,13.73566672,1.0
1312036283.77,13.6202,0.0891
1312044570.06,13.5749,0.0907
1312044630.12,13.4927892214,0.2941
1312057779.33,13.5503,0.1011
1312059640.64,13.5784,0.1057
1312074768.94,13.6202,0.0633
1312074828.96,13.6347,0.1149
1312074889.02,13.7373830734,4.0587
1312074949.04,13.7982939771,5.3894
1312075069.06,13.8670997926,5.7849
1312075429.2,13.8688,2.684
1312089415.69,13.5784,22.7254
1312092417.82,13.4,1.6477
1312093799.22,13.3579,0.0325
1312103950.27,13.3579,0.1153
1312106713.08,13.3200197165,0.7689
1312111397.97,13.2502,0.8866
1312189340.26,13.4000192039,32.2382
1312189580.42,13.3718,16.8816
1312189820.65,13.3022708316,3.1109
1312189880.71,13.2006872156,0.2769
1312195646.13,13.3005,0.103
1312196426.87,13.3295,0.1076
1312205315.45,13.3874,0.1133
1312205375.51,13.3874,0.0037
1312216486.18,13.42,2
1312217266.95,13.4102,3
1312217867.55,13.4102,2
1312218167.85,13.4102,2.9584
1312222552.28,13.5,7.407
1312223212.97,13.3824790749,0.1816
1312223273.04,13.31,31.974
1312223393.16,13.31,42.4076
1312223693.46,13.2473809467,6.7096
1312230600.64,13.197,0.027
1312232222.24,13.197,0.0631
1312233003.01,13.1653,0.096
1312234204.15,13.14,2
1312235765.59,13.2,1
1312245194.74,13.2811405931,0.4114
1312249098.73,13.25,25
1312249338.92,13.25,1.5256
1312249398.98,13.3622683776,0.1695
1312249879.53,13.4122,0.1153
1312250059.71,13.4122,1.7158
1312250119.77,13.25,8.2842
1312250720.35,13.25,27.9014
1312254864.59,13.124339468,2.3006
1312254924.65,13.0596077756,4.2273
1312444953.07,10.9999276272,1.5159
1312445013.14,11.0,1.25
1312445073.2,11.0,0.9
1312446334.24,11.0,0.15
1312468616.64,11.0,0.5
1312469877.91,11.0,2.125
1312470178.2,11.0,0.1875
1312471139.16,11.0,0.0153
1312473361.38,11.0,6.31
1312473481.5,11.0,0.0281
1312473601.62,11.0,0.0321
1312473721.74,11.0,11.7708
1312473901.93,11.0,0.1401
1312473961.98,11.0,25
1312476424.44,11.0195,0.01
1312580606.18,10.2418187125,1.2847
1312580666.23,10.18113125,0.0432
1312580966.54,10.08380978,1.0
1312581026.59,10.0318328969,0.0611
1312581266.83,10.0,0.0604
1312581386.96,10.0,0.1896
1312582287.86,9.9199,0.3689
1312582708.27,9.8121953271,0.0321
1312582768.33,9.7762,0.5
1312583068.63,9.7957,0.0021
1312584810.37,9.8689,6
1312585110.67,9.78275205871,2.3437
1312585170.73,9.78,1.5937
1312585230.79,9.78,0.25
1312585350.92,9.78525168455,1.3327
1312587993.55,9.8689,0.25
1312588474.03,9.8689,0.0937
1312588834.4,10.1501593982,0.5916
1312588894.45,10.9629808521,0.4084
1312589555.11,10.9026,0.0167
1312589615.17,10.6840526128,0.0842
1312589975.53,10.3328,0.0354
1312592017.57,10.499789396,10.0
1312592377.94,10.2425,0.0178
1312592918.41,10.0244324264,0.4484
1312592978.47,10.0,0.5
1312593038.54,10.0,5.1426
1312593338.79,10.09,0.5
1312593398.84,10.09,0.4466
1312593699.09,10.09,0.25
1312594179.5,10.10953564,2.2601
1312595560.71,10.0316,0.0108
1312596461.47,10.0,1
1312596521.53,10.0,1
1312596581.59,9.95,1
1312596641.64,9.95,1
1312597422.35,9.94503046489,1.011
1312600605.07,9.91013914262,2.0341
1312602106.32,9.7907,0.0104
1312605649.37,9.86895007324,0.4779
1312952269.5,10.3,4.558
1313335707.21,10.7064527027,1.48
1313335767.28,10.7342477114,1.5315
1313335827.29,10.72745,0.5
1313335887.32,10.7503053108,12.1188
1313336067.5,10.7502,4.36
1313336127.56,10.7502,2.3611
1313336247.65,10.9845608417,3.4976
1313336307.7,10.94,0.9
1313337268.61,10.9222,0.0821
1313337388.72,10.958,0.1739
1313337448.79,11.0013992056,0.5035
1313337508.85,11.2441,0.3232
1313341412.63,10.9222,0.0821
1313341893.1,10.71145145,1.0
1313344055.27,10.72,1
1313344175.38,10.5704002498,1.0009
1313352823.92,10.61,0.7402
1313377388.21,10.9065,2.01
1313377448.28,10.9065,4.02
1313377868.69,11.0994108865,6.8663
1313377928.77,11.0998992278,32.3735
1313377988.84,11.0999,19.0942
1313378048.9,11.0999,20.518
1313378108.95,11.0999,2.0168
1313378229.11,11.2537333333,1.5
1313378289.18,11.3249875095,1.313
1313378349.24,11.3952596398,10.6714
1313378409.3,11.4678,1.8758
1313378469.36,10.7423,1.8611
1314065331.88,11.0,20.5773
1314065932.43,11.0,1
1314065992.49,11.0,0.5
1314066052.54,11.0,3.75
1314066412.83,11.0,44.1727
1314067493.84,11.0715103275,0.1588
1314067854.2,11.142539645,20.6326
1314067914.25,11.0,18.6845
1314068514.8,10.9931333333,0.75
1314068574.86,10.9897,4.42
1314068634.92,10.9897,2.5
1314068694.98,11.1482776037,19.981
1314068815.1,10.9502,19.6842
1314068875.16,10.9897,3.85
1314070857.12,11.1236738186,22.791
1314072238.55,10.9385,4
1314072358.67,10.8303884469,5.0878
1314072598.91,10.9385,3.0336
1314075361.89,10.9372,0.25
1314079145.78,11.0164,0.2038
1314079506.16,11.018039843,0.1019
1314079806.46,11.0210880486,0.4443
1314079866.52,11.0277,0.5
1314079926.58,11.1205176471,17.0
1314092599.88,11.14,1.7594
1314092659.94,11.15,30.209
1314101369.35,11.1,16.5
1314119748.69,11.0100061294,50.4323
1314120649.59,11.0,13
1314120709.65,10.9802,0.0377
1314125574.84,10.9750238885,1.2123
1314125694.96,10.95636,1.25
1314126535.8,11.02535,0.5
1314127737.0,10.9383,0.25
1314130800.24,10.93795,0.5
1314130860.3,10.9337810709,3.0852
1314131280.86,10.919,1.0
1314131340.92,10.919,1.75
1314131400.98,10.919,0.75
1314131461.04,10.919,0.75
1314131521.1,10.919,1.25
1314131761.34,10.919,0.5
1314131821.4,10.919314223,20.4148
1314134885.14,10.8972916667,6.0
1314134945.2,10.8974,4
1315116953.66,8.365895,5.0
1315117073.78,8.3502,2
1315125121.82,8.35,2.4
1315130827.54,8.33855,0.5
1315131007.72,8.30046808511,11.75
1315131067.78,8.24317353002,9.2603
1315131127.84,8.17687346939,12.25
1315143139.85,8.18226887937,0.4203
1315157614.31,8.17415040946,0.3297
1315157854.56,8.25,5.93
1315158034.75,8.1714,0.25
1315158094.8,8.1699,0.0685
1315158815.52,8.16219873156,1.9315
1315158935.64,8.11105759435,8.0685
1315160136.85,8.107,0.5
1315160196.9,8.1,5.0
1315174851.54,8.06770025546,2.8184
1315177193.89,8.05014409336,5.0731
1315177253.95,8.035236,12.5
1315177314.0,8.01968128655,8.55
1315177374.06,8.01,4.9768
1315177434.12,8.00368268359,0.1103
1315177674.36,8.01,0.0249
1315177854.54,8.0,135
1315178575.28,8.0312826087,5.75
1315179235.95,8.27946,1.25
1315179356.21,8.34962222222,2.25
1315180076.92,8.2714,0.08
1315180377.22,8.2714,0.1707
1315180917.76,8.15098871452,0.4333
1315180977.82,8.1477,0.0667
1315181037.89,8.1413,0.25
1315181097.94,8.12855,0.5
1315181878.72,8.07478915663,1.66
1315182539.38,8.03004703669,5.315
1315186203.04,7.9733,0.25
1315187043.89,7.9541,0.4528
1315187103.95,7.95033749656,1.0897
1315187164.0,7.95,4.0
1315187464.3,7.9541,0.0854
1315187884.72,7.9,1.0
1315187944.78,7.9,1.0
1315188004.84,7.9,1.5
1315188064.9,7.9,0.75
1315188124.96,7.9,0.75
1315195151.98,7.8472,0.25
1315195212.04,7.8412,0.25
1315201218.04,7.9541,0.1221
1315201878.7,7.9541,0.5
1315201938.76,7.9541,0.75
1315201998.82,7.9541,1.5
1315202058.88,7.9541,1.5
1315202118.94,7.9541,1.75
1315202179.0,7.9541,1.0
1315202239.06,7.9541,1.2479
1315211308.13,7.91315,0.5
1315211368.19,7.895875,1.0
1315211428.25,7.8807,0.25
1315235453.0,7.84985714286,1.75
1315235633.17,7.8102,0.25
1315235873.43,7.81,1.0
1315236173.74,7.8,8.25
1315236413.97,7.8,0.25
1315236534.09,7.75,1.0
1315237134.7,7.7,4
1315238215.77,7.7,0.25
1315238395.96,7.7,0.75
1315239717.27,7.65053529412,12.75
1315240317.87,7.65,4
1315241338.87,7.65,2
1315243260.81,7.6,10.0882
1315243320.87,7.6,14.9118
1315243921.53,7.55,5.0
1315244041.66,7.5165,0.9554
1315244161.81,7.5,16.0
1315244281.93,7.42435862676,11.36
1315244522.18,7.42378888889,0.36
1315244642.31,7.4499,0.11
1315244702.36,7.4499,0.22
1315244822.49,7.44990457194,2.1107
1315244942.62,7.45,3.5
1315245062.73,7.45,1.4035
1315246263.94,7.43989731769,0.5965
1315246504.18,7.429,0.25
1315247405.11,7.4999,0.1009
1315247525.25,7.5165,0.0256
1315247825.54,7.49790979818,0.6491
1315248005.72,7.4807,0.25
1315248486.22,7.51218,1.25
1315248666.4,7.5073,1.0
1315248726.46,7.5165,0.1244
1315248906.65,7.49607474322,2.3756
1315249146.89,7.47454,1.25
1315249567.31,7.458,0.5
1315250167.91,7.4365,0.5
1315251429.19,7.4123,0.25
1315251549.31,7.4,1.0
1315251669.43,7.4,4.5
1315251729.49,7.4,0.98
1315254612.36,7.4,0.02
1315259116.88,7.4734,0.4635
1315260498.25,7.47609562612,0.5007
1315260618.38,7.4769,0.0358
1315264402.15,7.5093,0.25
1315268306.09,7.547,0.25
1315268366.16,7.50319714286,8.75
1315268546.34,7.44829714286,8.75
1315268606.39,7.4,5.0
1315268786.57,7.378375,2.0
1315268906.7,7.35022857143,5.25
1315270288.07,7.347,0.25
1315270468.25,7.33572869318,0.4224
1315270708.49,7.33001587302,0.3276
1315270768.56,7.3208,0.75
1315270948.74,7.30016666667,16.5
1315271128.92,7.2,11
1315281038.76,7.1006,2
1315282720.43,7.1,11
1315284041.75,7.0,11
1315285002.72,6.98,1.4003
1315286324.02,6.95,0.0398
1315286624.32,6.95,4.9602
1315287044.74,6.9,6
1315287164.87,6.85,5
1315290167.84,7.479,23.1656
1315292870.5,6.8,4
1315292990.63,6.76849048272,6.3411
1315294371.99,6.75,1.0039
1315298155.72,6.7,0.3448
1315298335.91,6.7,29.73
1315301098.37,6.7,4.9252
1315303080.22,6.61,10
1315303140.28,6.6,11.0
1315303380.48,6.5,9.5744
1315303560.66,6.5,2.4884
1315304161.22,6.61,10
1315304221.28,6.6102,1.7878
1315306443.25,6.61,2.5
1315306923.72,6.5,11.8772
1315311067.41,6.4,11
1315311487.83,6.3,11
1315311607.95,6.2,11
1315325360.82,6.9998,1
1315328363.55,6.7,1
1315328904.07,6.65,0.2935
1315329084.25,6.6,33.7
1315329925.05,6.7,2
1315331246.31,6.6,23
1315334249.17,6.7008,0.1
1315334369.27,6.7008,0.1
1315334429.33,6.7008,1.4923
1315334489.39,6.7008,7.66
1315334669.56,6.7008,13.793
1315335810.66,6.66,2.12
1315336050.85,6.6598,2
1315336771.55,6.56,9.9568
1315337372.05,6.6,23.82
1315337852.47,6.6596,2
1315337912.53,6.6,21.24
1315338873.45,6.6,0.8942
1315338993.57,6.6,3
1315339473.99,6.6,11.0458
1315340134.58,6.4202,34
1315345900.03,6.5,15.3
1315346440.52,7.44583269143,14.0
1315348122.05,7.4496,0.202
1315352566.24,7.4496,7.9
1315356830.09,7.0,20.2484
1315356950.18,7.0,2.3803
1315357250.46,6.9,4.9768
1315358931.81,6.9,0.09
1315359352.14,6.9,30.37
1315359472.26,6.9,13.3443
1315359532.27,6.8,2
1315359592.32,6.8,2
1315359712.43,6.75,2
1315359832.54,6.71,4
1315360012.71,6.67,2
1315360072.77,6.66,2
1315365237.14,7.0,33.0
1315366438.08,6.999,1.083
1315367518.9,6.7,0.6521
1315367999.35,6.9998,0.8
1315368179.51,6.7,0.25
1315376226.5,6.99999961555,2.6011
1315376586.96,7.275,10.0
1315376707.12,7.37790454765,24.892
1315376827.24,7.39151759755,11.2868
1315377007.41,7.399,8.78
1315378268.7,7.0001,1.8929
1315412562.98,6.9352,0.0131
1315412683.1,6.9082,0.0144
1315415385.8,6.999513734,10.0
1315416106.52,7.04184121147,0.5547
1315417007.42,7.0873,14.095
1315417187.6,7.0873,13.9768
1315417247.66,7.0873,0.9854
1315417307.72,7.0873,6.4984
1315417668.08,7.0873,2.7173
1315417788.2,7.0873,3.7591
1315418148.56,7.26746347273,0.55
1315418809.22,7.14,0.2676
1315418989.4,7.4488636027,3.7
1315424815.22,7.2104,0.1864
1315424875.28,7.43976390053,1.8136
1315425596.0,7.35435087041,0.0517
1315425896.3,7.2708,0.0062
1315427517.92,7.2128,0.0121
1315427938.34,7.2128,0.5351
1315428058.46,7.44816375458,24.0
1315428478.88,7.1942,0.0129
1315429620.02,7.2,7.4652
1315429680.08,7.2,5.5348
1315432202.6,7.1568,0.0145
1315432803.22,7.1001,0.0198
1315432983.4,7.2249,0.1
1315433043.46,7.0822,0.0245
1315435565.98,7.1465,0.1871
1315440490.9,7.19982232813,29.44
1315440611.02,7.2,26.5
1315441091.5,7.1998,10.97
1315441391.8,7.1465,0.01
1315441451.86,7.14025202056,1.8287
1315442172.58,7.1402,0.01
1315442773.18,7.14,9.6638
1315444334.74,7.15,0.25
1315444454.86,7.13137713,1.0
1315446316.72,7.00125734352,54.0
1315447037.44,7.0,24.0
1315447577.98,7.0618,0.1889
1315448118.52,7.0859,0.1925
1315449620.02,7.06736874777,32.1865
1315450280.68,7.1,2
1315450641.05,7.18816856471,0.85
1315450701.1,7.1976,0.15
1315452142.54,7.18,4.9588
1315454064.46,7.1231,0.0303
1317013071.42,5.4,1.1257
1317013792.14,5.4,19.95
1317014272.62,5.4,1.1607
1317014873.22,5.4,0.0409
1317017695.79,5.4,10.3569
1317017755.8,5.4,0.75
1317017815.86,5.39995970328,19.547
1317018056.1,5.35345,0.5
1317018116.16,5.35,21.3488
1317019317.15,5.35,1.9754
1317028143.71,5.35,0.0249
1317028263.83,5.35,0.025
1317028624.08,5.35,0.0252
1317028684.13,5.35,0.025
1317037149.6,5.35,0.01
1317039911.35,5.35,0.0101
1317040031.47,5.35,58.9966
1317040091.53,5.32177448771,31.6765
1317040151.58,5.3,2
1317040211.62,5.3,2
1317040271.69,5.3,1
1317040331.73,5.3,14.63
1317040391.79,5.3,2
1317040451.82,5.3,2
1317040571.93,5.3,1
1317040632.0,5.3,2
1317040692.01,5.3,2
1317040752.07,5.3,1
1317040812.12,5.3,2
1317040872.16,5.3,2
1317040932.22,5.3,2
1317040992.28,5.3,1
1317041052.34,5.3,1
1317041112.4,5.3,2
1317041172.41,5.3,2
1317041232.45,5.3,2
1317041292.48,5.3,2
1317041352.53,5.3,2
1317041412.59,5.3,1
1317041472.65,5.3,2
1317041532.68,5.3,17.37
1317041652.74,5.3,2
1317041712.75,5.3,2
1317041772.81,5.3,2
1317041832.87,5.3,2
1317041892.93,5.3,2
1317041952.94,5.3,11.23
1317042013.01,5.3,2
1317042073.05,5.3,1
1317042133.1,5.3,1
1317042193.16,5.3,2
1317042253.2,5.3,1
1317042313.2,5.3,2
1317042373.26,5.3,1.0219
1317043153.77,5.2714,1.0171
1317043213.82,5.27103748,1.0
1317043273.86,5.2502,2
1317043333.92,5.2502,1
1317043454.0,5.2502,3
1317043574.01,5.2502,1
1317043694.09,5.2502,3
1317043754.13,5.2502,2
1317043814.19,5.2502,2
1317043874.22,5.25019658,1.0
1317043934.26,5.25,2
1317043994.32,5.25,1
1317044654.79,5.25,0.0137
1317045015.08,5.25,7.2833
1317045555.44,5.25,0.012
1317046396.22,5.25,82
1317047417.24,5.25,4.9799
1317047477.3,5.24329829944,3.2401
1317047657.48,5.20006403923,8.1981
1317048498.32,5.19144583333,0.48
1317048558.38,5.17457459355,0.4121
1317048618.44,5.1739,0.1284
1317048918.74,5.036153847,28.3416
1317048978.8,4.9721,0.6135
1317049038.87,4.9721,0.1018
1317052642.53,4.92070201681,0.119
1317052702.59,4.91001257979,1.0183
1317053243.16,4.8733901698,6.1189
1317053303.23,4.8477,0.0136
1317053543.47,4.8477,0.2233
1317054144.07,4.950157425,10.0
1317054684.61,4.81079969871,2.4561
1317054744.67,4.78733247684,4.5223
1317054864.79,4.8074,0.25
1317054924.85,4.82,0.26
1317055345.27,4.93261300586,4.6579
1317055465.39,4.9335,0.3421
1317057567.49,4.95,9.8422
1317058588.51,4.96,1
1317058648.57,4.95,5
1317058708.63,4.94,5
1317059008.93,4.94,1
1317059969.89,4.95,1
1317060090.01,4.93,0.257
1317060630.55,4.935,1.257
1317060750.67,4.935,0.743
1317060810.73,4.93,1.743
1317061050.97,4.94,0.2569
1317061111.03,4.98938441098,1.129
1317061291.21,5.06057490924,0.2479
1317061351.27,5.1,13.3011
1317061471.39,5.0338,0.8473
1317061591.51,5.0338,22.2
1317061891.81,5.39833945,7.0
1317061951.87,5.4598,0.22
1317063873.79,5.35,0.2
1317064234.15,4.99,0.199
1317066696.61,4.99,1.0
1317067117.03,5.05,1
1317067177.09,5.05,3
1317067357.27,5.4398,29
1317068017.93,5.05,31.6257
1317070180.09,5.3,46.36
1317070240.15,5.3,4
1317070300.21,5.3,2.6312
1317070360.27,5.3,3.0088
1317070420.33,5.35,0.99
1317070480.39,5.35,11.0826
1317070660.57,5.35,54.6264
1317071621.53,5.0,0.25
1317076786.69,5.01,1
1317076846.75,4.99435953812,19.3298
1317077086.99,4.90296767356,18.87
1317077147.05,4.890002125,16.0
1317077987.89,4.99,0.5
1317078228.13,4.99,5.5
1317078348.25,4.9949,0.1
1317078408.31,4.99145067698,0.1034
1317078648.55,4.9949,0.1
1317088378.27,4.8239,0.7966
1317090420.31,5.0,2.45
1317095945.83,4.85,0.2993
1317101711.59,5.05,1
1317102792.71,5.05,10.7421
1317108318.26,5.0074,0.0495
1317108378.32,4.97524118603,0.1231
1317112642.6,4.96678965517,0.0696
1317113243.2,4.9735,0.47
1317113603.58,4.9174,0.1593
1317127537.5,4.96537255521,0.0317
1317127657.62,5.00532454027,0.4731
1317127717.68,5.04805703919,0.0689
1317127777.74,5.0999,0.53
1317129999.96,5.03449061876,0.0501
1317130360.32,4.90061977333,6.0
1317130420.38,4.9,6.3463
1317131381.34,4.8861,0.0121
1317131741.7,4.9,2.2939
1317132102.06,4.9,2.2939
1317132342.25,4.9,2.2939
1317132402.32,4.9,2.2939
1317132942.87,4.9,20.2
1317134864.79,4.9,23.4082
1317134924.85,4.9,0.7078
1317135105.04,4.9,5.6062
1317135165.1,4.9,7.8104
1317135345.28,4.9,3.8647
1317135765.7,4.9,5
1317135945.88,4.9,24.2271
1317136846.78,4.98,0.19
1317137026.96,4.98,8.7849
1317137267.2,4.99,16
1317137387.32,4.99,4
1317138828.76,4.99,21
1317138888.82,4.99,0.27
1317139008.94,4.99,6.4496
1317139429.36,4.97555555556,9.0
1317139489.42,4.965,2.4186
1317139549.48,4.96410753328,14.9178
1317139609.54,4.98808571552,29.0
1317139669.6,4.99,30.0
1317140390.32,4.95,5.0
1317141591.52,4.98667176683,60.0
1317142011.93,4.925,10
1317142792.72,4.95,5
1317142852.78,4.95,5
1317143693.57,4.915,8.46
1317143933.81,4.915,1
1317144834.74,4.93,10
1317145435.34,4.93,17.3883
1317145735.64,4.965,1.9924
1317145795.7,4.965,0.1396
1317145855.76,4.965,1.4428
1317145975.88,4.9691,0.0145
1317146096.0,4.989,1.7035
1317146516.42,4.99,30
1317148558.46,4.99,10
1317149819.72,4.99,37.0
1317150960.86,4.99,4.012
1317151501.4,4.99,60
1317158768.65,4.98,10.0
1317158888.77,4.96904761905,10.5
1317158948.83,4.92627118644,29.5
1317159008.89,4.9499,0.25
1317159068.95,4.97430194805,4.62
1317159129.01,4.96,1.25
1317159189.07,4.96,0.5
1317159249.13,4.96,0.5
1317159309.19,4.97,0.183
1317159369.25,4.98,1.5399
1317159549.43,4.99,3.9092
1317159729.61,4.99,1.1296
1317159789.67,4.9918,0.0239
1317159849.73,5.0,44.9761
1317160810.69,5.0,50
1317163933.81,5.0,59.0
1317164894.77,5.0,16
1317167897.76,5.0,23.77
1317172342.22,5.0,7.2539
1317173303.18,5.0068,0.0241
1317173363.24,5.11259088232,0.9509
1317173423.3,5.34788643094,31.025
1317173663.54,5.3498,2
1317173723.6,5.3498,2
1317174324.2,5.0,0.08
1317176306.18,5.3498,1
1317176426.3,5.25,40.0
1317176486.36,5.25,0.8
1317182372.26,5.2515,1
1317182792.68,5.2018,0.0177
1317182852.74,5.12101285097,0.0926
1317182912.8,5.00908992061,0.2897
1317182972.86,5.0015,0.75
1317183032.92,5.0,1.25
1317183092.98,5.0,0.75
1317183153.04,5.0,0.75
1317183213.1,5.0,0.75
1317183333.22,5.0,1.5
1317183393.28,5.0,1.0
1317183453.34,5.0,1.0
1317183513.4,5.0,1.25
1317183573.46,5.0,1.0
1317183633.52,5.0,1.25
1317183693.58,5.0,1.0
1317183753.64,5.0,0.75
1317183813.7,5.0,0.75
1317183873.76,5.0,1.0
1317183933.82,5.0,1.0
1317183993.88,5.0,1.0
1317184053.94,5.0,1.0
1317184114.0,5.0,1.25
1317184234.12,5.0,2.0
1317184294.18,5.0,1.0
1317184354.24,5.0,1.0
1317184474.36,5.0,0.75
1317184534.42,5.0,1.25
1317184594.48,5.0,1.0
1317184654.54,5.0,0.85
1317185795.66,5.0,170.5
1317185855.72,5.0,0.75
1317185915.78,5.0,0.5
1317186035.9,5.0,0.5
1317187717.58,5.0,0.01
1317187897.76,5.0,0.75
1317190660.54,5.0,0.38
1317190720.6,5.0,0.76
1317190780.66,5.0,0.38
1317190840.72,5.0,1.14
1317190900.78,5.0,1.14
1317190960.84,5.0,1.14
1317191020.9,5.0,0.76
1317191080.96,5.0,1.14
1317191141.02,5.0,0.76
1317191201.08,5.0,1.14
1317191261.14,5.0,0.38
1317191381.26,5.0,1.14
1317191441.32,5.0,0.38
1317191501.38,5.0,0.76
1317191561.44,5.0,1.52
1317191621.5,5.0,1.14
1317191681.56,5.0,0.76
1317191741.62,5.0,1.52
1317191801.68,5.0,0.38
1317191861.74,5.0,0.76
1317191921.8,5.0,1.14
1317192041.92,5.0,1.9
1317192101.98,5.0,1.52
1317192162.04,5.0,0.5161
1317196606.48,5.0,6.0
1317196666.54,4.99087911217,0.2523
1317198228.1,4.9062852,0.1
1317202672.54,4.905,0.005
1317202732.6,4.83267086602,13.995
1317203153.02,4.8309,0.2
1317203213.08,4.8309,12
1317203333.2,4.83038571429,21
1317203633.5,4.82345407692,26.0
1317208498.36,4.839,1.72
1317210119.98,4.8587,0.0165
1317210300.16,5.206879225,1.2
1317214624.48,5.13292454175,0.0982
1317215465.32,4.97317601918,0.0417
1317217327.18,4.9005,0.0214
1317218168.03,4.83938642529,0.87
1317218288.15,4.839,7.7854
1317218348.21,4.8346,0.0202
1317219669.59,4.82625,0.5
1317219729.65,4.81706250602,6.2298
1317219849.77,4.79921125311,10.6415
1317219909.83,4.77574855172,0.0725
1317220210.13,4.7616,0.2816
1317220750.67,4.7616,0.2276
1317220810.73,4.7616,0.1718
1317220870.79,4.74681343173,1.355
1317221591.51,4.72,2.735
1317222912.82,4.98810899461,6.9008
1317222972.88,5.0,1.5
1317225074.98,4.86759543379,0.1095
1317225315.22,4.89650436552,0.9827
1317225495.4,4.91520543988,5.4799
1317225555.46,4.911,0.02
1317226756.66,4.8358,0.0178
1317226816.72,4.80105442308,0.052
1317228378.29,4.7871,0.034
1317228438.35,4.96940908266,4.2961
1317228618.53,4.8165,0.0216
1317228678.59,4.95580135065,0.385
1317228738.65,4.96964980452,5.0132
1317228798.71,4.8,5.5175
1317228858.77,4.77928534438,14.4825
1317228918.83,4.84692567827,11.7099
1317228978.89,4.85,5.98
1317229038.95,4.85,1.0
1317229099.01,4.85,1.5
1317229219.13,4.85,3.49
1317229339.25,4.84214285714,1.75
1317229399.31,4.82875,1.0
1317229459.37,4.825,0.75
1317229519.43,4.825,0.7
1317229579.49,4.825,0.25
1317229759.67,4.9775,1.0
1317229819.73,4.98,1.75
1317229879.79,4.98,1.25
1317229939.85,4.98,1.75
1317229999.91,4.98,1.5
1317230059.97,4.98,2.3328
1317230120.03,4.99013523746,1.5055
1317230180.09,5.09999805928,42.2935
1317230240.15,5.1,4.5127
1317230300.21,4.93460780031,0.0641
