1309156605.44,100.0,0.468
1309156965.72,100.0,0.733
1309157205.84,100.0,0.001
1309158046.64,102.0,0.5
1309221242.8,100.01,1
1309230276.51,100.005,2.0
1309230876.93,100.0,0.084
1309231297.2,100.0,0.189
1309245645.96,100.01,1
1309247387.18,100.01,0.05
1309251470.1,102.0,0.5
1309257835.08,100.01,0.63
1309316800.84,109,1
1309325427.26,107,1
1309341820.36,100.01,0.7
1309396617.28,105,1
1309397998.02,106,1
1309413186.25,106.9,4
1309414266.48,105.5,1
1309415586.86,105.01,2
1309417988.01,105.01,0.2
1309420810.07,105.01,0.1
1309424472.47,100.0,0.5
1309424532.52,100.0,0.5
1309435759.93,100.01,1.7
1309482463.76,100.003333333,3
1309484144.52,100,1
1309487806.93,100.0,1.777
1309499095.93,100.0,4.5
1309500537.05,101,2
1309506661.4,100,1
1309508883.15,100,2
1309522093.48,90.0,0.2
1309548934.88,100,1
1309585321.9,100,1
1309597329.69,95.0,0.2
1309625516.63,97.0,0.5
1309651794.32,96.0,0.5
1309651854.32,91.01,0.64
1309668604.83,96.0099009901,2.02
1309674548.91,96,2
1309676590.18,91.01,1.64
1309681693.85,91.01,2.47
1309682054.01,91,2
1309687756.52,91.0,2.18
1309749960.67,92,1
1309752844.2,96,4
1309755066.52,97.0,0.48
1309764377.43,92,3
1309771464.96,96,2
1309771825.32,97.0,2.52
1309788583.39,92.01,0.017
1309788823.63,92.01,1
1309788943.75,92.01,0.133
1309789123.93,96.0,0.007
1309818377.59,91.01,0.5
1309818437.65,90.0,0.5
1309820359.88,90.0,0.39
1309828588.57,90.0,0.45
1309833994.83,90.0,0.66
1309836397.2,88,4
1309842341.62,88.0,4.5
1309843001.98,88,5
1309850809.99,90.0,0.34
1309856155.78,86.04,0.48
1309857837.15,88,1
1309858017.31,96.0,0.04
1309863301.86,86.53,0.1
1309868165.88,86.52,0.58
1309899993.07,90,4
1309902875.51,90.0,0.49
1309916746.65,90.0,0.5
1309921070.3,90.0,0.01
1309922511.49,89.0,3.995
1309924312.98,86.9,5.05
1309932118.3,86.9,0.27
1309938857.26,89.0,0.005
1309944561.21,89,5
1309945101.57,87.0,0.26
1309948283.47,87.0,1.91
1309960231.57,89.7,0.05
1309961912.86,90.0096153846,1.04
1309968215.41,95.99,0.022
1309968575.46,89.7,4.95
1309970616.38,90.0,0.04
1309972357.74,96.0,1.153
1309973198.49,97.007518797,1.33
1310013134.34,89.39,1
1310019799.46,94.9661538462,2.6
1310019979.62,94.9966666667,3
1310025204.78,95,1
1310035655.09,95,1
1310038057.46,95.01,0.77
1310038117.52,95.01,0.23
1310043943.23,99.8603614458,0.83
1310044183.47,99.87,0.01
1310051210.3,99.87,0.1
1310091228.24,98.0,0.358
1310098315.06,99.875,1.0
1310098375.12,99.88,0.71
1310103059.75,99.89,0.004
1310106242.92,99.89,1
1310106363.04,99.89,3.286
1310106423.1,98.01,0.642
1310119576.86,98.0,0.83
1310119998.44,98.01,0.13
1310120058.5,98.01,0.04
1310142642.07,95,4
1310170631.43,95.0,0.35
1310179220.76,95.0,0.65
1310190934.09,95,1
1310194417.55,92.01,2.35
1310200963.95,92.01,0.68
1310201564.54,92.00776,1.25
1310205168.01,92.0,0.971
1310221084.22,93,1
1310221264.41,93,1
1310227510.09,97.78,1.022
1310230332.69,95.0,0.106
1310254954.47,92.0,0.1
1310255855.3,94.92,3
1310260960.63,92.0,0.16
1310261381.5,92.0,0.084
1310279097.96,92.01,0.251
1310279218.08,92.0,0.229
1310296876.84,94.98,0.3
1310297597.9,94.98,2
1310299880.21,94.994,3.25
1310303063.25,98.0,0.197
1310350682.33,94.98,1
1310351102.75,94.98,1
1310352244.24,94.9933333333,3
1310356991.76,93.5,1.56
1310366838.32,93.5,0.7
1310372184.07,93,1
1310375067.62,95,5
1310375548.1,95,5
1310388102.12,93.6,0.74
1310390024.41,93.6,0.16
1310391105.51,93.5136986301,0.73
1310392246.7,90.9452554745,1.37
1310400355.29,91,1
1310402337.56,90.5,0.638
1310406481.71,90.0967914439,1.87
1310410085.75,90.0,1.213
1310439393.69,95.98,1
1310439453.75,95.98,0.045
1310443717.83,95,1
1310444738.93,92.0,0.5
1310448281.76,95.48,1
1310449122.44,95.98,1.955
1310449963.12,95.0,0.05
1310456148.08,96,1
1310457889.68,96,1
1310458069.77,96.88,4
1310458370.06,97.0,0.1
1310458430.11,97.0,0.9
1310461252.51,95.3389830508,2.95
1310461432.61,93.0,0.049
1310462933.79,95.21,0.81
1310464374.71,95.21,0.19
1310465395.51,95.11,1
1310469178.45,94.51,1
1310469238.51,94.01,1
1310469358.63,93.0,0.951
1310471640.81,95.2,1.05
1310477046.5,94,1
1310477286.74,95.0,0.39
1310477647.1,95.2,1.95
1310478848.3,95.21,0.52
1310480109.56,95.21,0.01
1310482572.16,95.3,5
1310482932.58,95.0306333333,6.0
1310482992.64,94.0,0.25
1310511883.21,93.56,0.25
1310516841.18,93.0,0.89
1310517501.71,95,1
1310517561.77,95.0,0.11
1310518822.48,95.01,0.89
1310520503.59,94.0,1.23
1310523806.19,92.0,2.0
1310525127.43,92.0,0.5
1310525367.65,91.08,10
1310530952.2,93.0,0.05
1310531732.82,91.1,0.34
1310533233.82,91.1,3.0
1310534194.77,91.5,1
1310534795.32,91.1325,4
1310538098.1,91.2,1.23
1310538818.65,91.2375,4
1310539719.34,91.3,0.3
1310541460.78,93.0,0.95
1310541520.84,93.01,0.05
1310542721.97,91.25,1
1310546625.32,91.3,0.54
1310547105.69,93.01,0.45
1310549928.01,93.9,0.3
1310550228.28,94.78,1.7
1310551789.38,93.02,0.08
1310552870.28,94.7,1
1310555512.35,93.02,0.47
1310567402.69,94,1
1310568844.01,94.7774285714,1.75
1310568964.13,94.78,0.25
1310569264.43,94.8,0.1
1310569444.59,94.8,0.01
1310570045.16,94.78,1
1310571186.12,93.0,0.5
1310575990.45,93.01,0.982
1310596228.12,93.3958333333,1.2
1310596288.18,93.02,0.46
1310605896.79,94.78,1
1310607758.5,93.17,1
1310609079.63,93.16,1.03
1310609560.03,93.16,1.11
1310609740.18,93.16,2
1310612442.6,93.0836363636,0.22
1310615085.05,93.05,1.02
1310615565.46,94.78,1
1310616166.04,94.78,1
1310616226.08,94.94,4
1310616406.21,96.0,0.2
1310619528.62,96.0,0.007
1310620129.03,96,1
1310623311.44,95.99,1
1310623551.6,93.1,0.5
1310624572.45,93.3,2.5
1310626732.99,94.99,1
1310627273.23,93.3,0.9
1310627333.27,93.1,1.1
1310631356.23,93.12,0.01
1310631836.61,93.11,0.5
1310633097.27,94.98,0.5
1310635319.01,93.12,0.56
1310635919.52,93.12,0.01
1310636699.9,93.12,0.481
1310637179.98,93.12,0.001
1310640060.88,94.7,0.1
1310644383.63,93.7,0.7
1310648465.56,93.6,0.4
1310648585.63,94.5992063492,3.78
1310648645.67,94.8271323529,2.72
1310648705.73,94.99,1
1310651167.73,94.9905,2.0
1310658433.31,93.11,1.2
1310660174.81,93.1005016667,6.0
1310660234.84,93.1,3
1310662216.32,93.09301,2.0
1310663776.94,93.0254355556,4.5
1310674163.67,93.0,0.243
1310689595.21,91.75,4
1310697282.15,94.0,2.0
1310697522.39,94.165,1.0
1310697582.45,94.55,0.187
1310702685.28,94.0,0.1
1310705446.97,94.0,0.22
1310705506.97,94.5,0.3
1310706227.64,94.5,0.02
1310706347.76,94.5,0.02
1310706587.99,94.5,0.065
1310715237.21,91.24,1
1310716979.36,94,2
1310719083.0,94.0,0.05
1310724609.12,93.55,10
1310735481.48,91.5647863248,2.34
1310736262.81,93.89,1.0
1310743170.25,94.0,1.0
1310743470.55,94.0,0.148
1310744972.75,94.0,0.127
1310746955.18,94.01,0.873
1310777347.72,91.99,0.77
1310777648.02,92,10
1310777768.14,91.1711845244,28.923
1310779510.03,94.0,0.01
1310783534.18,90.1,1
1310784014.67,90.02,0.001
1310784134.81,90.02,0.001
1310785636.31,90.03,1
1310786236.86,90.03,0.03
1310788879.44,91.0,0.2
1310790140.54,92.99,1.075
1310790801.19,92.99875,1.0
1310790981.36,93,1
1310791522.18,91.0,0.001
1310796207.61,93.0,0.126
1310797108.51,93.01,0.874
1310802334.18,93.0,0.4
1310803475.32,93.0,0.11
1310803835.62,93.5,0.004
1310803955.73,93.5,0.03
1310807679.32,91.1,1.1
1310807859.5,93.5,4.0
1310807919.56,93.5,0.34
1310807979.62,93.5,0.01
1310809060.66,93.5,0.5
1310815426.39,91,1
1310824434.72,93.5,0.599
1310830080.16,90.0075090909,5.5
1310831281.23,90.01,1.11
1310861549.64,90.01,1.39
1310868036.04,90.41,0.23
1310873441.14,90.01,0.23
1310873501.2,93.3,1
1310874642.29,93.7678782157,4.237
1310877284.8,93.88,0.763
1310879867.21,92.0,1.03
1310880047.39,92,3
1310880407.68,92.0,16.97
1310882449.67,92.0,0.05
1310886533.62,88.89224,10.0
1310887794.79,92.0,0.63
1310888335.33,92.0,0.1
1310892839.88,92.0,0.013
1310895302.31,91.99,0.1
1310897284.3,88.88,1.74
1310900827.93,90.8103448276,0.58
1310901488.53,90.45125,0.2
1310909056.72,87.434718,5.0
1310912480.11,91.4997219522,5.143
1310916263.89,91.0,0.016
1310935544.49,85.0297206261,5.047
1310947197.24,85.01,0.24
1310952843.18,85.01,1
1310953083.42,85.01,0.76
1310953143.48,84.51,0.7
1310960410.79,84.991,1.0
1310960651.19,84.6233333333,0.6
1310960891.43,84.5385714286,1.4
1310962033.11,85.0,0.1
1310962153.49,85.0,0.2
1310962454.04,89.2,0.267
1310962754.48,89.5,0.5
1310963535.26,89.99,1.3
1310964376.1,89.99,1
1310966718.7,85.11,0.98
1310966778.76,89.98556,1.0
1310969721.67,86.01,1
1310973325.54,86.0,0.83
1310974706.91,89.96,0.13
1310982695.05,86.0,4.17
1310982755.11,85.1286192469,7.17
1310982815.17,85.0,3.7
1310989121.81,84.5,0.1
1310991223.9,84.5,0.51
1310998792.13,85.0,0.08
1311000233.74,82.0348717949,1.17
1311003296.91,88.49,2.2
1311004618.1,88.49,0.69
1311005338.69,88.48,3.55
1311010562.45,84.88,5
1311017406.47,84.9,1.69
1311018307.2,84.9,0.26
1311020889.5,85,1
1311031997.2,85.9258715596,5.45
1311032237.37,88.5,3.81
1311037760.68,85.3272727273,1.1
1311038541.02,88.5,1
1311038601.03,89.7558,1.0
1311038661.05,89.93365,2.0
1311038781.08,89.987115,2.0
1311039741.44,89.9998075,4.0
1311040762.51,90.0,1.0
1311040822.57,90,2
1311041122.95,90.0,0.215
1311041363.19,90.0,0.462
1311064711.35,85.11,0.05
1311081889.62,89.88,0.001
1311082009.85,85.11,0.001
1311082069.91,87.495,0.002
1311082190.03,89.88,0.001
1311082250.09,85.11,0.001
1311082370.21,89.88,0.001
1311082430.27,85.11,0.001
1311082670.51,89.88,0.001
1311082790.63,88.29,0.003
1311082850.69,85.11,0.002
1311088737.23,87.55,0.002
1311088857.35,89.0,0.001
1311088917.41,86.1,0.001
1311090058.55,89.0,0.004
1311119551.26,86.1,0.68
1311121473.41,89.0,2.994
1311123455.75,89.0,0.006
1311125318.04,89.88,0.1
1311128201.07,88.44,0.002
1311130363.36,88.88,0.03
1311130543.66,88.88,1.0
1311131925.17,88.88,0.005
1311133546.78,88.88,0.2
1311136189.5,87.0,1.999
1311136489.8,88.8,1.102
1311137751.03,88.8,0.001
1311138591.96,87.45,0.002
1311143938.03,88.71,3.0
1311143998.09,88.8,0.05
1311144418.51,88.8,0.05
1311145259.35,88.5,0.09
1311145379.47,88.8,0.696
1311145499.59,88.88,0.065
1311145739.85,89.87,0.001
1311146040.15,89.935269,10.0
1311146160.27,90.0,4.105
1311146700.81,90.0,1.4
1311147601.71,90.0,4.495
1311149643.75,87.5,1
1311150905.19,87,1
1311153848.41,87.0,2.36
1311155470.03,87.0,3.24
1311156010.57,89.96,0.5
1311157632.19,89.96,1.0
1311157812.37,89.96,1
1311159133.74,87.0,1.31
1311159313.92,89.96,1.0
1311160815.55,87.0,0.6
1311162136.87,86.8848684211,3.04
1311162196.93,86.3,2
1311163758.5,86.0,0.26
1311164419.16,86.0,0.37
1311165740.52,89.4,0.001
1311170966.29,85.17,1
1311173008.69,85.17,1
1311216613.97,85.18,0.92
1311219496.85,88.86,0.01
1311219616.97,88.86,0.055
1311219677.03,88.86,0.002
1311228926.82,87,2
1311230488.38,86.81,1.5
1311230608.5,86.64,1.856
1311233311.2,87.0,2.05
1311234091.98,88.8,0.1
1311243401.83,88,1
1311245924.43,87.98,1.6
1311249768.51,85.19,1
1311255834.89,86,2
1311256195.25,85.1535942029,3.45
1311258237.64,85.15,0.48
1311258357.75,85.1281967213,1.22
1311260820.22,85.12,2
1311264784.91,85.13,1
1311265085.21,86,1
1311265505.63,86,1
1311265625.75,86,1
1311271392.56,85.12,0.1
1311285807.6,85.11475,4.0
1311286828.71,86.66,1
1311294996.98,85.11,1.25
1311298420.63,86.99,0.01
1311301303.87,85.11,5
1311301724.29,85.11,0.003
1311305988.95,85.58,2
1311306049.01,85.5,1
1311307130.09,86.96,2.2
1311311575.33,85.2,2
1311312536.37,86.49,0.1
1311312776.61,85.0895909091,2.2
1311323708.07,85.02,0.39
1311323828.19,85.0,0.55
1311323948.31,85.0,0.11
1311328572.93,85.0,0.427
1311328693.05,81.0,0.5
1311335299.65,83,1
1311338062.41,83.0,1.9
1311338182.53,83.0,0.35
1311342026.36,83.0,0.65
1311347371.76,85.5,1
1311347732.12,85.51,4
1311348753.14,85.9833333333,4.5
1311348813.2,86,3
1311349353.75,87.5,2.31
1311349413.81,87.98,4.706
1311350915.31,82.0,0.001
1311353558.02,88,3
1311365931.51,88,1
1311373076.47,88,1
1311373796.93,86.0,2.35
1311387485.66,86.0,0.7
1311396309.76,87.48,1
1311398351.21,85.975,2.0
1311406155.6,86.02,1
1311406335.69,86.01,0.07
1311409998.27,85.505,2
1311410058.33,85.09,0.8
1311411259.07,85.031,1.5
1311411319.11,84.173125,0.8
1311411379.16,86.996875,16
1311416482.72,86.98,0.385
1311421406.67,84.2305,2.0
1311422907.83,86.96,1.86
1311423568.48,86.96,4
1311428251.57,85.2,1
1311429152.3,85.11,2.11
1311430533.17,86.95,2
1311436537.15,85.0706279683,9.475
1311441462.45,85.98,1.5
1311445006.08,86.9,0.02
1311445246.32,86.9,0.02
1311445306.38,85.01,2.06
1311468474.68,85.8,1.3
1311470876.53,86.88,0.096
1311471356.95,86.88,1
1311471957.31,86.88,0.174
1311473398.45,86.88,0.1
1311474059.02,85.9,2
1311475800.34,85.1601085776,3.684
1311476580.62,86.8,1
1311479102.67,84.26,1
1311487629.36,86.26,0.4
1311487809.44,86.66,2
1311489671.02,86.58,2
1311490751.91,86.5,1
1311492013.0,86.26,0.6
1311492073.06,84.33,0.76
1311492553.54,84.3267692308,1.3
1311493034.04,84.2630395137,3.29
1311493154.16,86.5,0.001
1311496457.46,86.48,1
1311498980.23,86.474,5
1311500241.49,84.2693314955,2.902
1311504505.87,83.1505798067,3.001
1311506668.23,83.0020242915,0.247
1311506728.29,83.0,0.001
1311506788.35,82.0,0.5
1311506908.47,83.01,0.35
1311515076.94,86.46,0.1
1311516578.62,86.46,0.3
1311539869.81,86.4,0.1
1311554461.72,85.0,1.45
1311561905.94,86.3,1
1311561965.98,86.3,1
1311562506.34,86.3,4
1311562746.54,86.4039431913,4.788
1311562926.69,86.3657504521,2.212
1311563106.81,86.3,2.13
1311563166.86,86.3,2.871
1311564127.66,86.0,0.05
1311564307.82,86.0,2.169
1311564607.98,86.42,0.9
1311564788.13,86.4273261066,3.321
1311564848.19,86.45,0.8
1311565088.35,86.45,0.73
1311565568.65,86.46,4.6
1311565808.76,86.5,0.3
1311565868.76,86.46,1
1311566108.99,86.63993,5.0
1311566169.05,86.8117817818,4.995
1311566229.11,86.86,1.5
1311566289.17,86.8845666667,6.0
1311566349.23,86.46,2.9
1311566589.47,86.9,2.09
1311566829.71,86.945,4
1311566889.77,86.99,3.519
1311567310.19,86.984,1.0
1311567430.31,86.46,1
1311568631.51,87.9443839662,2.37
1311569472.35,88,2
1311570673.55,87.9892,11.0
1311571934.81,86.4898507463,1.34
1311572054.93,87.9740722735,6.171
1311576379.56,86.46,0.16
1311580884.36,86.46,0.14
1311581665.14,87.93,0.305
1311583166.68,87.93,0.5
1311584368.4,87.93,1.645
1311584428.46,87.94,1
1311584608.64,87.95,1
1311584728.76,87.95,0.7
1311584969.0,87.94,1.306
1311585689.72,87.94,0.54
1311590734.93,85.02,1.24
1311597762.3,87.88,1
1311599204.04,87.0,0.73
1311599564.54,87.1714285714,1.4
1311600885.85,87.88,2
1311601426.39,87.94,1.994
1311601546.51,87.96,3
1311603348.31,88.91,4
1311604129.3,89.8823803424,8.587
1311604189.36,90.0,1.413
1311604249.42,90.0,0.133
1311606532.05,90.0,0.954
1311606592.11,90.0,4.046
1311607132.65,88.0,2.386
1311609054.57,90.9770754717,4.24
1311609114.63,91,2
1311609174.69,91.9833333333,1.5
1311609234.75,92,1
1311609294.81,93.020746888,2.41
1311609354.87,93.99,1
1311609414.93,94.98,7.204
1311614280.42,94.38,2
1311626893.62,90,1
1311630377.3,90,1
1311632959.87,90,3
1311635181.99,89,4
1311641728.43,89.01,1
1311642208.91,89.01,1
1311642629.33,89.01,0.022
1311643229.93,89.01,1.24
1311643830.53,89.01,1
1311645332.03,89,1
1311645752.45,88.0,5.614
1311648695.84,89.0,1
1311649596.78,87.94,0.007
1311649837.02,88.69649,1.0
1311651398.63,89.9750418513,2.031
1311655722.96,89.88,3
1311658305.53,89,1
1311659086.31,88.22,1
1311659987.21,88.3,1.12
1311660047.27,88.11,1
1311660347.57,88.1,1.08
1311662389.65,88.1,0.5
1311665753.1,88.1,1.03
1311665933.28,88.1,0.245
1311666894.51,88.1010981697,6.01
1311667134.83,88.76,0.02
1311667495.4,88.76,1
1311671700.32,88.75,0.1
1311671760.64,88.75,0.025
1311672421.58,88.1,1.146
1311672962.12,88.75,1
1311673622.85,88.7539700375,1.335
1311681852.36,88.5,1.5
1311682332.84,88.5,0.44
1311682452.96,89.9826666667,1.5
1311683233.81,89.99,2.012
1311683413.99,88.51,0.56
1311683834.41,88.45,0.5
1311684374.95,88.2,0.11
1311691041.7,89.999826,50.0
1311692062.8,90.0,0.5
1311693083.82,89.95,0.105
1311696327.22,89.5,0.001
1311698643.12,89.5,0.198
1311715280.63,90.0,2.16
1311721825.49,90.0,1.169
1311722966.32,90.0,1.5
1311723446.68,90.0,0.171
1311725007.8,89.0,1.79
1311729151.15,89.01,1
1311730411.99,90.0,0.011
1311732093.39,90.0,1.1
1311733534.22,89.99,0.1
1311734915.07,90.03558,5.0
1311735515.61,89.0044642857,1.12
1311735815.85,89.0,2.59
1311735935.97,88.51,0.41
1311737436.92,88.51,0.59
1311737496.98,88.25,1.11
1311737556.99,90.2,0.568
1311746863.26,90.8,1
1311751126.19,90.0,0.799
1311751186.24,90.0,0.201
1311751486.53,88.4052673923,2.113
1311751546.57,88.39,0.006
1311755088.26,90.2,0.432
1311755688.47,90.0,0.9
1311755988.59,90.2,0.001
1311757309.15,90.2,0.567
1311758209.52,88.41,1.4
1311758269.53,88.4,0.5
1311759409.99,90.0,1.455
1311761270.64,88.39,1.445
1311761870.9,90,1
1311772436.63,88.43,3
1311772496.69,88.42,0.68
1311784024.76,89.88,3
1311784084.82,89.88,3.522
1311784805.44,89.88,0.478
1311786846.62,89.88,0.92
1311787086.84,89.99,3
1311787387.07,90.0,4.763
1311788287.74,89.8833090909,11.0
1311791830.02,89.88,0.49
1311805880.66,89.88,0.252
1311806000.69,89.56,0.748
1311810263.89,89.56,2.862
1311812425.47,88.5,0.063
1311817108.31,88.5,2.4
1311817228.42,88.5,2
1311820650.94,89.56,0.768
1311821311.33,90.1,5
1311822331.98,90,2
1311822452.05,90.0,0.92
1311822992.49,90.819,10
1311824733.17,90.98,3
1311824793.18,91.0,2.0
1311825814.01,90,2
1311829055.45,90.0,0.595
1311830135.87,90.0,0.008
1311831576.36,90.0,0.397
1311831756.51,89.56,0.232
1311833857.95,88.6,4.524
1311836439.94,88.634,5
1311843945.03,89.96,3
1311844425.35,89.64,1.5
1311847187.31,89.96,1.11
1311856553.88,89.9696774194,0.31
1311856914.08,89.97,0.69
1311856974.13,88.64,0.86
1311859615.84,88.64,1.24
1311860156.34,88.6397774781,2.966
1311860276.39,88.63,1.29
1311861237.09,88.63,1.644
1311861297.15,88.62,3
1311861357.19,88.52,1.356
1311863938.92,89.98,1
1311869643.25,88.532,5.0
1311869703.31,88.53,0.5
1311869763.36,88.5115311653,5.904
1311870423.82,88.55,0.5
1311870663.96,88.4,0.42
1311870724.0,89.88,0.09
1311874747.18,88.3987472202,1.349
1311882312.8,88.376,2.4
1311891740.56,88.0803532745,6.001
1311897925.46,88.0,17.759
1311906451.52,87.1,0.9
1311909274.34,89.5,0.9
1311909454.52,89.51,0.1
1311910655.72,88,2
1311911676.74,88,1
1311912457.52,87.0448,10.0
1311917922.41,88.0,0.1
1311920024.76,87.0,1.7
1311920445.18,87.0,0.3
1311922187.33,88.0,4.5
1311926151.57,88.11,0.1
1311926211.63,88.00152207,0.657
1311927232.65,87.9,0.1
1311927412.83,87.4011111111,0.9
1311938104.19,87.0141666667,1.2
1311940686.88,87.01,0.013
1311947354.26,88.0,1.66
1311949756.67,88.78,1
1311955463.16,88.78,1.5
1311955523.22,88.8,2.35
1311955583.28,88.86,2.5
1311955643.34,88.88,3
1311955703.4,88.98,4
1311955823.52,89.0,2.11
1311955943.64,89.0,0.2
1311987534.28,87.79,0.5
1311989756.22,88.88,1
1311990056.52,87.79,0.5
1311995760.68,87.25,0.3
1311995820.74,87.125,0.2
1311995880.8,88.5256797583,3.31
1311995940.86,89.0,2.1
1312001043.27,89.0,0.01
1312001583.65,89.54,0.099
1312001643.71,89.58,1
1312002003.93,89.57595,2.0
1312005906.96,88,1
1312008308.51,87.5,1
1312016353.46,89.569642,10.0
1312032081.23,88.98,0.622
1312032681.43,88.98,3.508
1312032741.48,89,2
1312033581.86,89.86,1
1312033641.87,89.95035,2.0
1312034002.09,90.0,5.43
1312034902.81,90,1
1312035383.11,87.82,0.4
1312052615.12,87.83,1.27
1312072367.85,87.8497,9.0
1312075249.09,89.9635535308,15.365
1312089595.78,88.77,0.69
1312089775.8,89.98,2.3
1312089895.91,87.8367650574,19.243
1312092237.64,87.63,1
1312092658.06,87.65,0.03
1312092718.12,87.6256969323,19.428
1312094039.45,87.0314285714,5.6
1312094099.51,86.7577272727,4.4
1312094159.57,86.71,2.6
1312094219.63,86.7001374663,7.42
1312094279.69,86.55,4.248
1312094519.93,86.02,2.753
1312098964.63,86.154,5.0
1312099145.04,86.00655875,16.0
1312099265.16,89.44,0.102
1312099385.28,86.0,0.72
1312101007.11,89.43,1
1312102028.2,89.42,0.1
1312107553.92,89.0,2.49
1312113800.37,85.9732,7.0
1312114040.61,85.8,0.217
1312115361.93,85.55,1
1312174446.81,86.35,0.1
1312176248.6,86.36,2.83
1312184836.01,87.9,1
1312185496.63,88.79226,10.0
1312186517.65,86.7351555556,4.5
1312190841.6,86.51,0.95
1312194384.95,87.5,1
1312194445.01,86.5004761905,1.05
1312194505.07,86.5,0.95
1312198348.78,86.66,0.01
1312201531.81,86.66,0.6
1312204895.03,88.65,0.146
1312206456.64,86.66,0.39
1312206877.04,86.51,2
1312207177.33,86.51,0.04
1312207837.94,86.51,0.029
1312208858.89,86.52,0.01
1312215405.14,86.5179935622,1.864
1312216606.3,88.4995461659,3.195
1312216966.66,88.51,1.805
1312221471.19,88.6,2
1312222071.8,88.6,1
1312222251.98,88.64,1.065
1312232882.89,88.65,0.009
1312238227.72,88.65,2.28
1312238768.25,88.65,0.39
1312238948.42,88.65,0.7
1312239188.66,88.65,1
1312239488.95,88.65,3.056
1312239669.11,87.62,1
1312240149.84,87.38,1
1312241831.45,86.564656296,4.757
1312245375.17,86.52,0.5
1312245435.23,86.5073333333,3.0
1312247236.96,86.236031389,19.115
1312258347.9,85.58569375,16.0
1312258528.04,85.0157435488,3.759
1312260149.57,85.0,1.26
1312265794.63,85.0,0.036
1312444832.96,71.0,1.76
1312448496.24,71,1
1312453181.18,71.7092198582,1.41
1312463511.54,78.8,0.035
1312471499.52,72.0,0.09
1312581507.07,67.659352785,35.027
1312581627.19,64.1787897311,4.908
1312599043.76,66.0,0.323
1312608051.41,66.1,0.6
1312608471.83,66.0,0.08
1312608652.01,66.0,0.002
1312608772.11,66.1,0.001
1312609372.62,66.0,0.007
1312609732.93,66.1,0.39
1312609792.99,66.1,0.009
1312612374.84,66.0,0.854
1313218004.67,61.1,0.05
1313220046.53,64.99,0.9
1313336007.45,64.9307692308,0.52
1313336367.75,67.0,2.0
1313336427.81,67.0,0.23
1313337328.67,67,9
1313337388.72,67.0,0.032
1313337929.22,67.48,1
1313341532.75,67.48,0.01
1313345076.26,67.48,1.9
1313345917.1,67.48,0.09
1313346037.21,67.74,0.018
1313346097.26,67.98,0.991
1313359010.04,69.9728,25
1313364595.53,69.99,1
1313370721.61,65.0,0.22
1313375286.11,68.67,0.01
1313375526.35,68.67,1.09
1313375586.41,69.0,4.426
1313375766.59,68.66,0.01
1313376247.07,68.65,0.01
1313376367.19,66.7858291457,1.99
1313376547.37,66.73,2
1313376607.43,66.73,3.07
1313376667.49,66.72,2
1313377988.84,66.73,2
1313378289.18,68.9988,3.0
1313378529.41,65.5449,1.0
1313379069.95,65.51,0.06
1313380871.74,65.53,0.1
1313381652.49,69.8959183673,4.9
1313382012.86,69.99,6
1313382132.97,69.9956408021,4.588
1313382193.03,70.3223846154,13.0
1313382313.15,70.5404530744,3.09
1314066112.6,68.11,0.28
1314068514.8,68.11,1.02
1314072478.79,68.11,0.07
1314074641.17,68.12,0.4
1314074761.29,68.12,1.485
1314076442.97,68.12,0.28
1314076863.44,68.12,0.022
1314078725.36,69.98,0.5
1314079506.16,68.12,0.61
1314079746.4,68.12,7.384
1314079806.46,68.11,8.616
1314081127.93,68.11,1.74
1314083770.61,68.12,0.05
1314084010.85,68.12,2.4
1314089476.56,69.96,0.05
1314092419.7,68.12,0.41
1314092840.12,69.96,0.946
1314092960.24,69.9706542056,3.21
1314095963.6,68.23,0.02
1314098005.9,69.99,0.599
1314098246.14,68.31,0.825
1314104552.53,68.34,0.128
1314106715.2,68.34,0.02
1314109838.55,69.99764,5.0
1314110919.63,70.0,2.8
1314110979.69,70.0,0.057
1314112661.37,69.85,0.01
1314113141.85,68.34,0.017
1314113742.47,68.34,0.01
1314114162.89,68.34,0.01
1314114343.2,69.9968086708,6.643
1314114643.51,68.34,0.01
1314114943.81,68.34,0.01
1314115184.05,68.34,0.01
1314118907.85,70.01,0.01
1314119208.15,68.34,0.01
1314119268.21,70.95,0.01
1314119868.81,68.34,0.01
1314120469.41,68.34,0.01
1314121009.95,68.34,0.01
1314121070.01,70.95,0.01
1315114851.56,54.0,0.22
1315115392.1,54.01,0.009
1315117253.96,54.0,4.009
1315117314.02,54.01,0.001
1315120076.78,54.05,0.13
1315120557.26,54.05,2.0
1315123259.96,55.868,5
1315123320.02,55.9,2
1315123380.08,54.8395061728,1.62
1315125001.7,54.2,0.81
1315130286.98,54.895,2
1315131247.97,54.1798767967,3.896
1315131368.08,53.8258727295,16.626
1315136653.37,53.6,2.03
1315139536.25,53.6,0.07
1315139596.31,53.5,4.18
1315140317.03,53.525,2
1315140377.09,53.5,2.32
1315140437.15,53.48,5.289
1315140497.21,53.01,1.651
1315140857.57,53.05,1
1315142178.89,54.675,2
1315144280.99,54.69,0.35
1315146202.91,53.0813464696,6.09
1315147404.11,54.69175,2.0
1315148965.67,53.04425,6.0
1315149025.73,53.01,3
1315150226.93,53.01,1.47
1315160377.08,53.05,1.88
1315163920.62,53.05,0.253
1315172509.2,53.0255980231,6.07
1315175151.84,53.0025895867,8.009
1315175211.9,53,2
1315176533.22,53.0,0.448
1315177013.71,53.01,0.5
1315177314.0,53.01,2
1315177374.06,53.01,3
1315177734.42,53.01,1.26
1315180377.22,53.02,0.5
1315182239.08,53.02,0.27
1315182539.38,53.0085,2.0
1315182599.44,53,2
1315182659.5,53,2
1315182719.56,53.0,1.37
1315185542.38,53.0,4.48
1315185602.44,52.1524738676,8.61
1315187704.54,52.11,1
1315187764.6,52.1,3.392
1315187824.66,53.0,0.193
1315187944.78,53,2
1315188004.84,53.0,0.807
1315188185.02,53.11,0.05
1315188305.14,52.0662905352,3.793
1315189025.86,52.01,10.0
1315189326.16,52.56,0.002
1315191248.08,52.01,3.03
1315194791.62,52.01,0.001
1315196653.48,52.02,2
1315197013.84,52.01,1
1315197073.9,52.0079542857,7.0
1315201758.58,52,4
1315204341.16,52.1,0.2
1315204581.4,52.0,0.75
1315205302.12,52.0,0.1
1315205362.18,52.0,0.24
1315207284.1,52.475175,2.0
1315210166.98,52.0000769231,1.3
1315210767.58,52.0,0.6
1315211548.36,52.0,0.588
1315211728.54,51.1,0.967
1315213530.34,51.15,1
1315213650.46,51.0965824742,1.94
1315214130.94,51.03,1.02
1315215332.14,52.994,1.0
1315219776.58,51.125,2
1315220497.3,51.15,0.61
1315220557.36,52.0,0.5
1315220737.54,51.16,0.01
1315220797.6,51.1501,1.0
1315221037.84,51.99,0.01
1315221278.08,51.16,0.01
1315221338.14,51.16,0.01
1315221938.74,51.16,0.01
1315222118.92,51.16,0.01
1315222239.04,51.99,0.01
1315222479.28,51.16,0.61
1315229266.81,51.2,0.3
1315229446.99,51.04,6.6
1315230648.19,51.04,1.6
1315232810.35,51.027397037,6.75
1315234311.85,51.03,0.52
1315235272.81,53.0,1.606
1315236413.97,51.016419598,7.96
1315237855.41,51.01,1
1315238035.6,51.0,4.4
1315239236.79,51,6
1315240137.69,51.0,0.388
1315241939.49,50.81,0.5
1315242059.61,50.23,8.3
1315242179.74,50.23,1.7
1315242299.86,50.1325,4
1315242419.98,50.13,1
1315242540.09,50.12,8.8
1315242960.51,50.12,0.75
1315243621.18,50.1036181818,11.0
1315244642.31,50.0243097256,6.961
1315245122.79,50.01103,3.0
1315246804.48,50.0031111913,13.85
1315251068.84,50.0,10.64
1315260017.78,50.0,2.68
1315261218.97,50.0,0.276
1315263741.49,50.0,2.0
1315266444.19,50.0,6.332
1315268306.09,50.0,0.27
1315269267.05,50.0,3.496
1315271309.09,50.0,13.562
1315271489.27,50.0,0.5
1315272630.41,50.0,4.103
1315272690.47,49.1397712834,8.657
1315273231.01,49.0,0.343
1315274432.21,48.2,1
1315274492.27,48.11,2.91
1315276053.83,48.02179374,4.984
1315276113.89,48.0,7.106
1315276414.19,48.0,9.94
1315277435.21,48.02,1
1315278876.63,48.02,0.66
1315279477.22,48,8
1315279837.58,48.0,10.954
1315280438.17,47.9,0.001
1315280678.41,47.0,0.63
1315284041.75,46.1,1
1315284101.82,46.1,0.595
1315284642.35,46.1,4
1315284702.41,46.1,0.405
1315284762.47,46.01,5.8
1315285002.72,45.8,1
1315286444.14,45.0086734694,9.8
1315286804.5,44.12,1.775
1315291128.79,44.13,1.018
1315291729.37,44.13,0.3
1315294071.69,44.1709159397,12.61
1315297435.01,45.0,0.099
1315297855.43,45.0,0.222
1315298095.66,45.0,0.679
1315298155.72,44.2,0.21
1315302179.41,44.5,1
1315302900.04,44.4290322581,1.55
1315303620.72,44.2853333333,3.0
1315303740.81,44.22,0.45
1315304101.15,44.21,3
1315304161.22,44.1941089838,6.79
1315304221.28,44.0966993281,3.572
1315304281.33,43.8888888889,3.6
1315309566.11,43.61,0.5
1315312028.35,43.603030303,1.65
1315312208.53,43.6,2.1
1315313409.66,43.6,1.5
1315314610.74,43.6717131474,12.55
1315316052.15,43.61875,16.0
1315316352.45,43.61,0.1
1315317613.63,43.6,1
1315317733.75,43.61,0.3
1315317913.93,43.61,0.64
1315319775.73,47.8,1.192
1315319835.78,47.8,3.808
1315320076.03,47.99,1
1315320316.26,47.9827008149,2.577
1315320556.49,47.99,0.24
1315322838.62,46.1,2
1315323018.8,45.01,6.618
1315323198.95,45.0,1.001
1315324760.33,44.3706293706,2.86
1315327763.08,44.0,1.02
1315327823.13,43.81988,2.5
1315330405.51,43.86056,5.0
1315330465.56,43.6077236982,9.41
1315331246.31,43.6,0.093
1315340434.87,43.6,2.945
1315340554.99,43.4,1
1315340795.22,43.0077380952,8.4
1315344338.6,43.0,1.6
1315356289.62,43.7,0.28
1315361754.18,45.0,3.7
1315362354.68,45,8
1315363375.56,44.2141843972,2.82
1315366197.85,44.159,1.0
1315366438.08,44.16,1
1315366798.33,44.1538461538,2.6
1315367819.17,44.0375,4.44
1315371482.36,44.0,1.67
1315373343.86,46.9966555184,2.99
1315374004.37,43.81,0.441
1315374604.88,48.18,0.001
1315376586.96,47.9946466809,1.868
1315376827.24,48,1
1315376887.29,48.1703241215,2.931
1315379409.83,44.0,0.68
1315383373.79,48.9,1.63
1315385896.31,48.9290596026,0.755
1315388238.65,46.5,0.32
1315388358.77,46.5,1.76
1315390100.55,49.3,1
1315390220.67,46.5,0.5
1315390581.02,49.6525454545,11.0
1315393403.84,50.0,0.5
1315393644.08,48.01,0.1
1315395025.46,50.0,1.0
1315395325.76,50.0,0.999
1315396707.14,48.0065693431,1.37
1315397908.34,48.0093457944,1.07
1315399289.72,48.3,1
1315399409.84,46.643,4.0
1315400250.68,49.49,1
1315400370.8,46.02,3.4
1315401572.0,48.8,1
1315402352.78,48.8966666667,3
1315402532.96,49.0014285714,7
1315402593.02,49.0007830854,12.77
1315403433.86,49.0,10.5
1315403553.98,49,15
1315403674.1,49.0,10.285
1315403794.22,49.0,7.79
1315403974.4,49.0,2.35
1315404394.82,49.0,6.4
1315404995.42,49.0,0.789
1315405235.66,49.0,15.1
1315406436.86,49.0,7.016
1315409439.86,46.0961538462,2.08
1315410220.64,45.0636363636,2.75
1315412082.5,45,2
1315413283.7,45.0037735849,2.65
1315413403.82,44.6128767123,7.3
1315415265.68,45.905,2
1315417668.08,47.9902676399,2.055
1315423433.84,44.9,1
1315423614.02,44.89,0.975
1315432562.98,47.60999001,1.001
1315434424.84,47.9966044143,2.945
1315434484.9,48.9610526316,15.2
1315434544.96,49.6605584642,2.292
1315436346.76,49.96,0.109
1315437608.02,45.51,0.2
1315439529.94,45.51,0.43
1315440971.38,47.5,0.21
1315444875.28,49.95,0.278
1315445596.0,49.1217790982,5.722
1315445836.24,49.01,0.4
1315446016.42,49.0044776119,1.34
1315446316.72,49.955,2.0
1315448538.94,49.96,0.15
1315450460.86,47.51,0.09
1315451782.18,47.5080530973,1.13
1315452803.2,47.5778210117,2.57
1315453043.44,47.3,1
1317013912.26,35.0,0.943
1317015954.3,35.0,1.057
1317019917.58,35.0,0.479
1317020638.06,35.4,0.55
1317020758.13,35.4,0.006
1317020878.22,35.4,0.001
1317022018.98,35.01,0.008
1317022259.08,35.01,20.0
1317022559.32,35.01,2.992
1317023760.24,35.0,0.464
1317024300.78,35.0,0.499
1317024420.9,34.88,10
1317027243.3,34.88,0.998
1317028323.89,34.88,1.379
1317028684.13,34.88,0.2
1317028744.15,34.88,0.11
1317028984.36,34.6098039216,20.4
1317029164.47,34.6,1.65
1317029344.53,34.59,28.81
1317030005.05,34.5482485876,1.77
1317030545.35,34.52,4.51
1317030965.57,34.5,2
1317031025.63,34.0,11.812
1317035408.3,34.0,0.99
1317036969.48,34.75,10
1317039851.28,33.7074133423,29.83
1317041112.4,34.4,4
1317041412.59,34.6,2.59
1317041472.65,34.6,1.41
1317041532.68,33.7,1
1317041652.74,33.7,0.1
1317041832.87,33.6,25.862
1317041952.94,33.58,23.75
1317042013.01,33.58,0.25
1317042073.05,33.51,3
1317043093.71,33.5,2
1317043814.19,33.58,0.21
1317044234.39,33.59,0.79
1317047297.12,33.5273451136,18.449
1317048137.96,33.01,1.49
1317048678.5,33.0047423764,9.51
1317048738.56,33.0,0.01
1317051501.39,33.58,1.97
1317051741.63,33.0,3.4
1317052162.05,33.0,0.06
1317053423.35,32.5636363636,11
1317053483.41,32.0045,20.0
1317053723.65,32.0,3.333
1317056005.93,31.9,0.11
1317062612.53,33.0,0.3
1317078948.85,33.58,0.5
1317082492.39,32.0895366269,5.87
1317086095.99,32.0830616839,19.989
1317086276.17,32.02,3
1317087056.95,32.02,0.52
1317092041.93,32.8,1
1317092222.11,32.06,3.52
1317092342.23,32.06,0.15
1317098708.59,32.9042934556,4.798
1317099068.95,33,2
1317102852.79,33.3,0.4
1317103573.51,33.58,2
1317106576.52,33.26,0.89
1317111321.26,33.26,0.834
1317112462.42,34.3203813559,7.08
1317113543.51,34.8,2
1317116426.4,34.7140552017,2.355
1317116486.46,33.3,0.645
1317117327.3,32.2267953931,49.925
1317119489.46,32.1,0.1
1317126096.06,32.15,0.52
1317131561.52,32.15,0.11
1317132102.06,32.9,0.499
1317132282.19,33.0,0.4
1317133843.77,33.0,0.226
1317134864.79,33.01,0.34
1317134924.85,33.01,0.8
1317138468.4,32.87092,2.0
1317168858.72,33.2089285714,1.12
1317169879.74,33.01,0.28
1317171141.02,33.565875,4.0
1317174984.86,33.01,0.72
1317175044.92,33.0,0.63
1317175285.16,33.0022883295,4.37
1317179249.12,33.48,1.003
1317179669.54,33.0,0.19
1317183633.52,32.61,0.3
1317183813.7,32.8,1
1317184834.7,32.8,2
1317186516.38,32.7026111191,6.997
1317186816.68,33.48134,2.0
1317186996.86,33.43,0.46
1317187177.04,33.43,0.3
1317188678.56,33.43,0.24
1317188738.62,33.31,0.003
1317192342.22,32.6,0.11
1317192522.4,33.0,0.452
1317193663.54,32.61,1.389
1317197567.44,32.65,0.196
1317199789.66,32.65,2.33
1317201531.4,33.0,1.6
1317203273.14,32.61,1
1317203333.2,32.61,2.5
1317203393.26,33.0,1.701
1317208378.24,32.61,0.12
1317210119.98,32.61,8.991
1317211801.66,32.6,3
1317212282.14,32.375,3.6
1317212342.2,32.28,5
1317212402.26,32.15,5
1317212522.38,32.1,6.0
1317212942.8,32.1098591549,7.1
1317213062.92,32.08,11.0
1317213303.16,32.1,0.9
1317218228.09,32.0435466667,3.0
1317218648.55,32.0003622222,18.0
1317218708.61,32.0,0.285
1317219549.47,31.6266666667,6
1317221231.15,31.61,0.006
1317221471.39,31.5907529012,17.665
1317223753.66,31.14,1
1317223813.72,31.125,2
1317224174.08,31.14,0.22
1317226276.18,31.5,0.218
1317247717.56,31.5,2.117
1317247837.68,32.4,1
1317247897.74,32.4,2
1317248017.86,32.41,1
1317252041.88,30.5879742,100.0
1317253363.2,30.11,1
1317253423.26,30.1,3.3
1317253483.32,30.0,5.0
1317255345.18,30.0,0.56
1317262192.02,31.99,2
1317263333.16,32,1
1317263993.82,32.0,0.18
1317268318.15,30.12,1
1317268438.27,30.11,3.421
1317269579.41,30.22,1
1317269639.47,30.21,1.293
1317271201.03,31.886031746,2.52
1317272161.99,32.3,0.02
1317272282.11,32.3,0.02
1317272342.17,32.3,0.02
1317272822.6,31.903968254,2.52
1317275044.82,31.11,0.201
1317283813.57,31.0827270115,3.48
1317286876.63,30.2849587719,11.4
1317288738.49,30.2,3
1317288978.73,30.19,2.626
1317289098.85,30.18210615,2.374
1317298107.86,31.595,2
1317298167.92,31.6,0.9
1317298888.64,31.9,2.67
1317299008.76,31.99,1
1317299729.48,31.91,0.33
1317300209.96,31.61,0.61
1317305134.86,31.61,1.49
1317305615.34,31.61,0.256
1317329699.39,31.609,10
1317329759.45,31.61,3
1317335104.85,31.61,7.844
1317346095.85,31.61,3.97
1317347417.16,30.6125,4
1317347477.22,30.58,2.8
1317351861.6,30.59,0.1
1317360570.3,31.0,0.01
1317362372.1,32.0,0.01
1317362432.16,32.0,0.2
1317364774.5,32,3
1317367236.96,32.0,0.001
1317367417.14,32.0,0.001
1317367657.38,32.0,1.0
1317368378.1,30.8390357698,3.215
1317371080.8,30.710275,10.0
1317389399.1,30.76,1.81
1317394023.72,30.99,0.7
1317422432.21,32.2464788732,3.408
1317424954.73,32.9215344377,21.793
1317425975.75,33.0,1.67
1317431381.15,33.0,4.537
1317433182.95,32.257332,5.0
1317436306.05,32.1,1.07
1317436906.65,32.026875,1.6
1317441471.24,32,1
1317472942.75,32.8,0.438
1317475225.03,32.0,0.65
1317479609.43,32.0,0.79
1317479669.49,31.9151832461,1.91
1317479909.73,31.2582894737,3.8
1317482252.07,31.25,1
1317484774.59,31.25,0.25
1317484894.71,31.1,0.01
1317487237.05,31.25,0.01
1317523213.08,33,5
1317523273.14,33.36675,2.0
1317525195.06,32.0,2.39
1317526936.9,32,1
1317527057.02,32.0,1.56
1317527177.14,32.0,0.05
1317527297.26,31.5,0.8
1317543033.01,32,3
1317554504.47,31.56,0.049
1317558048.01,31.56,4
1317558108.07,31.56,3
1317559129.09,31.56,2.951
1317559249.21,31.51,7.5
1317559609.57,31.5,0.57
1317560930.89,31.5,0.63
1317562072.03,31.34,0.45
1317564114.07,31.35,1
1317564174.13,31.28925,2.0
1317577747.63,31.3,3
1317579609.49,31.2628947368,1.9
1317580870.71,31.5,0.06
1317602852.67,32.9,1
1317603213.03,32.91,2.429
1317603753.57,32.91,0.571
1317604173.98,31.78,0.92
1317611561.36,31.78,4
1317612222.02,32.7,1
1317614684.48,31.79,1
1317614744.54,31.3712663755,4.58
1317620029.81,31.3,1.1
1317620089.87,31.2539769452,1.735
1317622252.03,31.15,0.245
1317625014.79,32.0,1.5
1317632101.87,32,2
1317634564.33,31.2,0.47
1317636726.49,31.2,1.21
1317637267.03,32.0,0.5
1317637927.69,32.01,0.5
1317638227.99,32.01,0.2
1317640209.97,32.02,0.3
1317640330.09,31.2,2.954
1317643693.43,32.7,0.4
1317643813.55,32.85,1.5
1317643873.61,32.86,8.15
1317649819.54,32.78,1
1317649879.6,32.8,1
1317649939.66,32.79,0.817
1317650540.26,32.79,3
1317651741.46,32.79,0.183
1317652282.0,32.81,1.06
1317653543.26,31.99,0.17
1317653783.5,32.828,3.0
1317654684.41,32.5,1.196
1317656065.81,32.83004,2.0
1317656666.41,32.84,0.08
1317657867.61,32.5,1.24
1317659008.75,32.9262666667,3.0
1317659489.23,32.94822,4.0
1317659849.59,32.95,16
1317659969.71,32.99644,10.0
1317661951.69,32.5,0.1
1317663032.77,32.5,2.294
1317663092.83,31.55,0.07
1317663152.89,31.55,0.006
1317684834.54,31.55,0.7
1317687957.66,33.0,0.5
1317690660.36,31.5146691635,3.204
1317690720.42,31.5,0.686
1317692942.64,31.53,0.868
1317701230.95,32.0,0.006
1317701291.01,31.6978571429,0.014
1317701351.07,31.8825,0.008
1317701531.25,31.718,0.005
1317701591.31,32.0,0.001
1317703333.05,31.503952419,10.004
1317708197.93,32.0,8.0
1317708678.41,31.5,0.9
1317714384.12,32.0,0.98
1317715345.08,32.0,0.4
1317718047.78,32.0,4.89
1317720990.72,32.0,1.414
1317722011.75,32.783622,5.0
1317722312.05,32.948998,5.0
1317722432.17,32.987302,5.0
1317722492.23,32.05,1
1317722552.29,32.0,1.249
1317722792.53,33.0,1.75
1317723993.73,33.4575862069,29.0
1317725795.53,32.25,0.12
1317731561.29,32.89,4
1317735765.51,33.2,1.811
1317737447.21,33,2
1317737507.27,33.3803641092,7.69
1317737567.33,33.5,0.31
1317740209.97,33.5,1.69
1317741351.11,33.3,3
1317742672.43,33.3,1.76
1317745975.73,33,1
1317746576.33,32.99,0.5
1317746636.39,32.99,0.2
1317746696.45,32.98,1.2
1317746876.63,33.0,1.3
1317748678.43,33.0,0.64
1317754924.71,32.9842105263,1.71
1317776426.22,32.98,2
1317776546.34,32.98,1.022
1317776606.4,32.98,0.96
1317776906.7,32.98,2
1317777026.82,32.98,0.468
1317777507.3,32.96,3.835
1317777627.42,32.96,1.165
1317778167.96,32.88,0.55
1317780029.81,32.96,0.847
1317782312.09,33.0,0.89
1317783693.48,33.0,0.11
1317786035.82,32.9,1
1317786095.88,32.88,5.45
1317786155.94,32.68,1.025
1317791801.59,32.98,0.97
1317794203.98,33.7,0.995
1317794924.7,33.71,1
1317795104.88,33.71,1.427
1317795164.94,33.71,1.584
1317795525.3,32.8927580284,13.39
1317796606.38,32.7,1.694
1317798107.88,32.7,0.306
1317798167.94,32.68,1.291
1317800390.16,33.7,0.5
1317803393.16,32.7,0.319
1317803873.64,32.7,0.509
1317806035.79,32.64747,10.0
1317808197.95,32.9,5
1317808318.07,33,5
1317810360.11,32.498989899,0.198
1317811140.89,32.3,0.07
1317812822.57,32.277518797,1.33
1317814564.31,32.3,0.001
1317818528.3,32.99,0.09
1317819789.56,32.9,0.09
1317823273.05,32.31,0.15
1317824354.14,32.31,0.524
1317825194.98,32.3054615385,0.78
1317825435.22,32.2783678756,2.316
1317825495.28,32.4359090909,2.2
1317825555.34,32.0007376898,16.267
1317826155.95,31.6,0.217
1317826996.79,31.6,1.283
1317827056.85,31.6,17
1317827116.91,31.6,0.016
1317829459.26,31.6504761905,1.05
1317829699.5,31.542813803,13.91
1317829939.75,31.5184299262,4.745
1317829999.81,31.4546802202,18.888
1317830059.87,31.3271126083,10.39
1317832642.47,31.3264410365,1.891
1317835345.52,32.59,1
1317839490.65,31.55,0.105
1317851027.35,31.5166112957,3.01
1317851087.42,31.2028148148,11.475
1317851147.48,31.1022810591,2.455
1317874222.06,31.2004449938,0.809
1317875303.75,31.99,2
1317878007.95,31.66,0.98
1317878849.59,31.95,2
1317881072.34,31.16,1.018
1317883835.81,31.5,2.43
1317885758.74,31.5,1
1317885878.89,31.5,1
1317887321.74,31.5,0.57
1317887682.32,31.2,1
1317887742.38,31.15,8
1317889304.59,31.15,5
1317889364.66,31.15,0.8
1317889424.73,31.136,6.0
1317889484.81,31.12,1.555
1317892190.72,31.12,5.645
1317892250.78,31.0,0.245
1317893212.13,31.0,0.53
1317893993.16,31.0,19.513
1317894053.23,31,2
1317903908.1,31.01,0.88
1317903968.2,31.0054312405,18.412
1317904268.57,31.1,0.73
1317904388.71,31.0525616698,5.27
1317904749.09,31,1
1317904809.16,30.99,1.929
1317904869.32,31.0,1.16
1317905710.52,30.99,1.371
1317906010.88,30.86,0.069
1317911418.45,30.95,0.991
1317911478.54,30.95,0.009
1317911538.7,30.9,5.381
1317914603.64,30.9,0.52
1317920252.88,30.806805,30.0
1317920853.68,30.71,1.771
1317921033.91,30.7,3
1317921815.43,30.7,2
1317921935.56,30.68,6.23
1317923737.72,30.6146405229,13.77
1317923797.78,30.5311572579,63.469
1317947350.71,30.58,2
1317949633.74,30.6,1.5
1317950955.86,30.6,3
1317951196.19,30.496,10
1317951256.36,30.3053333333,15
1317957685.87,30.3721212121,3.3
1317960208.41,30.41,0.35
1317962250.47,31.5,1
1317964412.63,31.5,0.003
1317964532.75,31.5,0.001
1317964652.87,31.5,0.003
1317964953.17,30.4271634615,2.08
1317965553.77,31.5,0.005
1317966514.73,31.5,0.978
1317966574.79,31.5,1.022
1317966694.91,31.5,1
1317967355.57,31.5,3.0
1317967475.69,31.1666666667,7.5
1317968316.53,31.44,0.5
1317973601.81,31,5
1317976364.57,30.45,0.265
1317977445.65,30.51,6
1317980628.83,30.510716435,13.958
1317980989.19,30.396056,10.0
1317981049.25,30.3229978571,14.0
1317981109.31,30.3006459016,6.1
1317981649.85,30.1866353029,37.623
1317982730.94,30.048,10.0
1317982791.0,30.027524,10.0
1317982971.18,30.1,2.377
1317986214.42,30.06,1.5
1317989577.75,30.56,1
1317990238.41,30.06,3.5
1317990418.59,30.04,10.347
1317991079.25,30.56,2.98
1317993241.41,30.6100798403,1.002
1317993301.47,30.5,0.001
1317993541.71,30.0558510638,18.8
1317994502.67,30.1,0.76
1317995343.51,30.89,1
1317997926.09,30.18,3.43
1317998226.39,30.10365774,1.531
1317999727.89,30.1,3.099
1317999848.01,30.05,1.811
1318000268.43,30.05,1.045
1318002010.17,30.0421875,6.144
1318003932.12,30.0318927203,26.1
1318004052.24,30.02,8.464
1318004112.3,30.0043735604,34.297
1318004532.72,30.0010326087,18.4
1318004592.78,30.0,14.3
1318007775.96,30.0061762087,31.44
1318010959.31,29.6557663861,7.842
1318011439.79,29.337175,20.0
1318011499.85,29.0,2.487
1318012340.69,28.0449671053,30.4
1318013061.41,28.0,10.7
1318013842.19,27.0,0.92
1318035822.92,27.2946428571,1.12
1318039486.67,27.3052,2.0
1318039546.73,27.20884,5.0
1318039606.79,27.2,0.01
1318039967.15,27.2,0.017
1318040207.39,27.2,0.283
1318040267.45,27.0,11.114
1318040327.51,26.0,5.5
1318040387.57,25.0108474576,11.8
1318040447.63,25,24
1318040507.69,25.0185,1.0
1318042369.55,25.5,1
1318042429.61,25.3,1
1318043150.33,25.6,1
1318043270.45,25.5,1.798
1318044411.59,26.99,0.9
1318047054.23,26.99,0.03
1318050657.83,26.1626268657,0.67
1318051859.03,26.16,1
1318052399.57,26.85,1
1318052880.05,26.85,0.1
1318054201.38,26.85,0.7
1318054982.16,27,1
1318057925.1,27.3,1
1318061048.22,27.5,1
1318062729.9,27.5,1
1318062789.96,27.6,1
1318063210.38,27.01,1.072
1318066633.8,27.02,0.39
1318069756.92,27.02,0.3
1318072039.2,27.3,0.5
1318072339.5,27.05,0.206
1318074321.48,27.05,1
1318074621.78,27.3,0.066
1318076063.22,27.03,1
1318076123.28,27.02,3.7
1318077865.03,27.02,0.84
1318077985.16,27.0138666667,3.0
1318078765.95,27.01,2.91
1318079366.55,27.0019680851,47.0
1318079426.61,26.5718818565,4.74
1318079606.79,26.56,1.5
1318080027.21,27.0,2.49
1318080507.69,27,3
1318081288.47,27.0,1.51
1318081468.65,27.1,3
1318082309.49,26.51,1.08
1318084351.55,26.51,0.997
1318086213.41,26.51,9.923
1318086273.47,26.0861111111,18
1318086393.59,26.0,0.01
1318086513.71,25.0064911648,55.46
1318090357.54,26.5,0.055
1318113480.64,25.25,5
1318113780.94,25.25,1
1318113901.06,25.25,4
1318117624.11,25.25,0.21
1318120086.13,26.45,2
1318121166.99,26.5,4.945
1318126690.67,26.9958715596,6.54
1318126990.86,27.1,1
1318128011.74,27.25,8
1318129812.78,27.4,2
1318130353.19,27,2
1318132154.42,27,3
1318132754.59,27,5
1318132934.65,27.0,9.79
1318137317.63,26.8,0.967
1318141580.88,26.5,0.698
1318143382.12,26.0047784535,2.302
1318143442.14,25.71,2.138
1318147885.01,26,1
1318149145.94,26.2,2
1318149386.16,26.5,1.35
1318149686.46,26.3,6
1318149866.5,25.75,0.59
1318150046.6,25.2194135,60.0
1318156651.8,25.3,0.204
1318156952.04,25.14,25.0
1318159774.2,26.5,0.132
1318162296.29,26.415,0.002
1318164097.73,25.05,1.16
1318165719.0,25.05,0.79
1318167520.36,26.2324951267,5.13
1318170402.53,25.1,0.689
1318172383.86,26.0240384615,2.08
1318173284.38,26.05,0.87
1318175386.12,26.0063291139,7.9
1318177728.05,26.0,0.02
1318182051.25,26,1
1318183492.3,26,3
1318188415.89,26.0,2.08
1318188536.0,26.5,3.518
1318188596.06,26.8,3
1318209912.18,25.2,5
1318214175.05,25.2,1.0
1318225462.23,25.8675097276,12.85
1318229424.81,26.7457723577,4.92
1318229544.91,27.0,3.951
1318231286.3,27.0,0.996
1318231526.55,27.0,2.436
1318237052.09,26.0,0.42
1318240595.63,26.0,0.131
1318240775.83,26.0,0.25
1318242457.51,26,5
1318245100.19,26.0,0.25
1318246241.37,26.0,18.949
1318248163.33,26,100
1318250565.76,26,12
1318251226.42,25.65,0.6
1318251286.48,25.65,0.24
1318253809.0,27.289943,20.0
1318293686.44,25.81,0.15
1318295668.11,26.95,1
1318295848.29,25.8079879102,2.316
1318299510.78,26.95,1
1318302572.66,26.0,2.52
1318307796.3,26.01,0.27
1318311638.52,25.8821707242,45.266
1318316921.76,25.3900168317,101.0
1318318362.9,25.08,30
1318319623.94,25.5184615385,2.6
1318321605.42,25.05,1
1318321665.47,25.0293197279,29.4
1318321725.52,25.0,4.055
1318326108.46,25.0,1.882
1318333433.24,25,1
1318335114.21,25.01,0.528
1318335294.3,25.01,8.472
1318335474.44,25.8,0.001
1318336735.39,25.35,2
1318337335.73,25.0,1.04
1318339377.1,25.08,0.81
1318343219.99,25.5,3.98
1318343280.05,25.55,1.98
1318344781.04,25.85,1.5
1318344901.11,25.9,2
1318345621.69,26.0,5.0
1318354988.57,25.2,1.19
1318383089.13,25.2,0.41
1318385370.71,25.2,0.59
1318387291.85,25.0505875,8.0
1318390473.91,25.95,2
1318390774.12,25.96,0.2
1318394076.59,25.05272,8.0
1318399421.04,24.88,0.6
1318401042.4,24.88,1
1318410349.44,24.8663201094,5.848
1318410409.5,24.85,1
1318413832.48,24.8,1
1318421698.53,24.8,0.84
1318426501.93,25.88,1.27
1318427462.69,25.8,3
1318429023.76,25.896627027,3.7
1318429083.82,25.9,0.05
1318431665.31,25.9983333333,10.2
1318431725.35,26.0,0.074
1318431905.46,25.0057728119,5.37
1318433106.25,25.01,1.23
1318437008.92,25.0171428571,11.2
1318448656.5,25.01,1.11
1318455801.75,25.01,4
1318458023.63,26.0485857143,7.0
1318459464.77,26.3,0.449
1318460845.77,26.6,1
1318465408.98,26.86,0.7
1318468951.65,26.5,0.33
1318470092.57,26.78,0.2
1318476457.31,26.78,0.8
1318476817.53,26.9,0.8
1318476937.62,26.6,0.32
1318481260.48,26.9181086519,1.491
1318481320.54,27.1153846154,2.6
1318481380.6,27.3844444444,4.5
1318481560.71,27.49,3.906
1318481980.97,27.45,1.292
1318482040.99,27.45,0.004
1318482101.03,27.45,0.001
1318482461.26,27.45,0.01
1318484082.42,27.3,0.585
1318484622.84,27.3,0.288
1318484983.08,27.3,0.059
1318485043.12,26.45,0.681
1318485103.13,25.7,1.58
1318489126.01,26.0,1.1
1318489186.03,26.0,3.58
1318491647.92,26.0,11.42
1318493389.09,27.3,0.003
1318496331.34,26.0,0.13
1318501975.23,26.0,1.0
1318502035.28,27.0,0.997
1318502095.3,27.2936,2.0
1318502155.31,27.4072895166,1.841
1318502215.31,27.7250405996,1.601
1318508700.34,26.05,0.89
1318514584.79,26.0278059072,4.74
1318514644.85,26.0000155039,1.29
1318518127.51,26,1
1318518187.51,26.0,1.0
1318519147.98,26.0,3.285
1318520048.52,26,5
1318520168.58,26.0,0.245
1318530795.9,26.05,7.6
1320021131.78,20.31,0.45
1320025755.28,20.33,0.4
1320028277.78,20.41,0.01
1320029118.56,20.375,0.6
1320039927.8,20.31,0.57
1320042750.17,20.31,0.001
1320044191.32,20.31,0.61
1320046773.54,20.31,0.12
1320047374.0,21.77,0.4
1320047494.13,22.2216666667,3.6
1320047554.19,22.31,6
1320061483.96,20.31,0.77
1320069168.53,20.31,2
1320072230.91,20.016678,5.0
1320072591.04,19.8009618182,5.5
1320094146.02,20.29,0.4
1320098949.15,21.37,0.4
1320106695.91,20.18,7
1320107956.63,22,6
1320117263.16,20.21,0.48
1320118404.17,20.20808,5.0
1320123027.82,20.19,1.17
1320124408.83,20.19,0.54
1320126210.11,21.0,16.8
1320127230.78,21.6850289163,3.977
1320128071.36,21.69,0.492
1320130593.01,21.69,8.531
1320131733.64,20.19,3.91
1320132213.85,20.19,1.09
1320134915.44,20.1716085271,5.16
1320135275.64,20.18,1
1320143980.98,20.18,3.753
1320145842.34,20.18,1.463
1320145962.45,20.17,2.376
1320146022.49,20.16,4.141
1320147223.49,20.16,0.359
1320147343.5,20.01,0.52
1320155269.19,20.5,0.61
1320156590.07,20.02,3
1320160072.4,20.0276870748,5.88
1320165115.94,20.02,0.64
1320165175.97,20.01,0.42
1320165296.09,20.01,3.658
1320168418.74,20.01,3.33
1320172862.48,20.01,7.0
1320174123.62,20.000733945,0.981
1320197484.65,20.02,1
1320197604.77,20.01,0.989
1320200727.62,20.95,15
1320202889.53,20.0119956097,5.011
1320202949.59,20.0,0.019
1320204030.48,20.0,0.44
1320219163.41,20.25,1
1320234116.41,20.88,2
1320234777.01,20.25,0.01
1320234837.05,20.01,1.14
1320240361.5,20.18,1
1320240421.57,20.02,1
1320240481.63,20.01,3.16
1320242102.79,20.01,0.31
1320243904.23,20.88,0.861
1320244024.35,20.01,5.68
1320244144.47,20.01,4.32
1320247087.04,20.9879632792,4.684
1320250209.97,21.0,0.316
1320261739.5,20.87,2
1320261799.56,20.88,4.98
1320263000.42,21.53,0.34
1320271406.32,21.3,0.4
1320282514.23,20.34,0.001
1320286596.81,20.49,2.009
1320287737.66,20.34,0.117
1320287797.66,20.3168211921,1.057
1320289959.14,20.2,0.165
1320291039.89,20.2,3.835
1320291700.54,20.18,0.72
1320292841.47,20.47,0.005
1320293742.28,20.19,0.003
1320294342.77,20.18,0.16
1320303710.16,20.0079411765,2.72
1320304370.71,20.0,1.109
1320308633.73,20.01,0.976
1320308873.97,20.01,0.024
1320308994.07,20.0,5.286
1320309714.62,20.8322547993,5.73
1320317159.24,20.18,0.127
1320320761.71,20.1306234414,1.203
1320326285.35,20.5,2.5
1320327606.15,20.5,3
1320332229.3,20.0,4.486
1320332349.42,19.9,7.87
1320333250.0,19.81128,5.0
1320352822.96,20.38,4
1320365193.07,20.18,1.115
1320365253.07,20.38,1
1320365313.12,20.45,2.5
1320365373.16,20.89,12
1320369937.5,20.0,0.37
1320370417.98,20.66,10
1320380266.86,20.08,1
1320381828.26,19.635,6
1320381888.32,19.62,0.12
1320384290.55,19.99,1
1320389515.47,19.64,0.33
1320391557.34,19.98,1
1320394079.52,19.64,0.47
1320394259.7,19.64,0.2
1320394439.87,19.64,1.8
1320395400.77,19.63,1.4
1320398163.23,19.63,0.96
1320404829.09,19.63,1.19
1320405129.34,19.98,4.0
1320405549.71,19.98,0.789
1320405669.83,20.0,3.0
1320417861.27,20.0,0.002
1320422545.62,20.0011254924,1.777
1320453595.66,19.68,1.06
1320457139.2,19.7,3
1320463597.32,19.705,2
1320471763.6,19.71,4
1320473445.28,19.71,2
1320479391.24,20.0,10.012
1320479511.36,20.0,0.03
1320479571.42,20.0,0.958
1320479691.55,20.2,8
1320484256.11,19.81,6.858
1320485757.61,19.9,1
1320487979.83,19.82,1
1320488039.89,19.81,0.55
1320492302.51,20.2,5
1320497224.03,19.83,1.16
1320500044.87,19.84,1.32
1320501425.51,19.84,1.68
1320501485.57,19.83,1.445
1320504973.43,19.83,2.395
1320505093.56,19.82,3
1320505153.62,19.81,17.834
1320505273.78,19.75,2
1320505333.85,19.72,11
1320505453.97,19.6602133333,30.0
1320505994.51,19.609,10.0
1320506174.69,19.58,8.449
1320506234.75,19.58,2.5
1320507616.14,19.58,0.04
1320507676.2,19.58,1.56
1320509898.42,19.58,4
1320511820.34,19.58,2.203
1320514583.06,19.58,0.17
1320517405.3,19.62,4.75
1320517645.38,20,5
1320518005.59,19.5758848614,1.407
1320520479.24,19.5115375621,3.421
1320531828.87,19,5
1320532969.72,19.0,4.51
1320537953.98,19,2
1320542938.25,19.0,3.26
1320633185.28,19.16,0.72
1320633665.61,19.16,0.74
1320636547.95,19.15,5
1320636607.96,19.11,1
1320645675.6,19.5,0.14
1320646276.14,19.5,16.513
1320647537.22,19.51,2
1320649338.65,19.51,15
1320653481.99,19.53,1.08
1320660447.29,19.53,0.12
1320664110.23,19.53,1.13
1320666752.41,19.5172189349,1.69
1320671435.67,19.51,3.6
1320674197.75,19.51,2.6
1320674858.21,19.5075776398,1.61
1320675758.91,19.5,0.6
1320676479.44,19.5,3
1320707158.69,19.5,0.879
1320712682.49,19.5,0.2
1320714723.85,19.5,0.91
1320718266.41,19.51,0.15
1320718626.62,19.51,3.5
1320725291.0,19.87996,1.5
1320725591.27,20.0158886018,3.483
1320730153.94,20.0,1.541
1320731654.79,20.0,2.946
1320732495.13,20.0,1.9
1320734176.15,20,2
1320734776.45,20.70374,30.0
1320735436.91,20.0,11.85
1320735496.92,20.0,0.1
1320736457.65,20.77,0.44
1320736637.74,20.8,1
1320736697.79,20.8,0.91
1320736757.84,20.86,1
1320736817.9,20.862,5
1320736877.9,20.9007692308,13
1320736937.91,20.98,0.15
1320736997.91,20.98,0.04
1320737057.94,20.98,0.008
1320737778.36,20.0,0.13
1320740779.99,20.01,2
1320741380.25,20.01,0.888
1320743421.62,20.2,2
1320745042.4,20.963698,10.0
1320746303.45,20.154,5
1320748344.58,20.01,3.089
1320753327.43,20.02,0.209
1320754167.95,20.02,1.18
1320758070.01,20.0146368564,3.69
1320762152.87,20.01,3.044
1320762212.92,20.0,2.938
1320767976.1,20.0,0.43
1320769297.02,19.68,0.89
1320770257.53,19.68,0.11
1320770317.57,19.587804878,4.1
1320770377.61,19.53,0.97
1320772839.05,19.53,0.2
1320774579.82,19.53,0.23
1320778241.46,19.53,9.021
1320795472.31,20.4,8
1320795712.46,20.5,1
1320799434.88,19.53,0.2
1320802436.18,20.0477457169,2.218
1320808258.94,19.8507936508,1.89
1320810059.82,19.53,0.1
1320812100.95,19.521195633,5.679
1320812161.0,19.51,0.821
1320814622.42,20.0,1.11
1320819004.99,20.0,0.58
1320820566.14,20,1
1320827352.56,20.0,0.83
1320827592.77,20.0,2.59
1320830896.07,19.51,0.22
1320838943.71,19.51,1
1320839003.77,19.51,0.24
1320840565.28,19.51,0.57
1320841706.45,20.4298915401,0.922
1320842246.96,19.51,0.1
1320849032.69,19.52,0.7
1320851794.87,20.0,1.289
1320854557.27,19.52,2.53
1320862424.48,19.52,0.2
1320872333.67,19.5123095624,2.468
1320874015.21,19.5013047259,23.001
1320881882.52,19.4006666667,7.5
1320885605.71,19.5,1
1320887407.12,19.51,1.07
1320889028.48,19.51,2.93
1320896652.99,19.04,0.51
1320897193.34,19.15,2.5
1320898634.37,19.04,1.05
1320903437.15,19.04,0.269
1320903917.5,19.04,1.421
1320905058.27,19.04,2.859
1320908420.52,19.025045045,9.99
1320919165.5,19.75,1
1320919225.5,19.754,2.5
1320920906.44,19.18,1.38
1320924328.07,19.18,4
1320925468.69,19.18,1.16
1320931591.96,19.2,1.52
1320937354.64,19.2,4.27
1320937414.65,19.2,0.05
1320938195.01,19.2,10.9
1320938975.14,19.18,1.019
1320942156.43,19.18,3.441
1320949000.65,19.2,0.3
1320959927.51,19.11,1
1320959987.55,19.1,1
1320960107.6,19.03,1
1320960287.66,19.02,1
1320960347.7,19.02,0.05
1320962088.61,19.01,11.358
1320962208.67,19.0,25.54
1320962929.1,18.99,1
1320970613.45,18.81,0.94
1320971574.18,19.2,4.3
1320979978.83,19.2,0.4
1320983220.46,19.644175,4.0
1320983340.5,19.76,1
1320984000.9,19,1
1320987603.19,19.0,0.238
1320988203.54,19.0,2.0
1320995708.08,18.9146153846,5.2
1320998169.55,19.45,1
1324203993.5,19.7240679887,17.65
1324209519.02,19.36,0.385
1324210359.86,19.316307377,12.2
1324212341.84,19.3136363636,11
1324215525.02,19.35,1
1324215585.08,19.31,1.56
1324219128.62,19.35,0.6
1324220389.88,19.5,0.636
1324221831.32,19.7351419064,5.109
1324221891.38,19.9862886598,9.7
1324222131.62,19.99,0.3
1324222431.92,19.99,0.1
1324223032.52,19.99,1.449
1324228137.62,20.0,19.769
1324276611.45,20.1546,50.0
1324276671.51,20.08,10
1324277992.85,19.9,1.29
1324279314.17,20.187895,100.0
1324279494.35,19.7,3.8
1324279854.71,19.65,0.235
1324285079.94,19.65,0.309
1324285860.72,20.0919354839,6.2
1324287902.76,20.19605,50.0
1324287962.83,20.2,150.0
1324288443.3,20.2,69
1324294329.18,19.99,5.2
1324296251.1,20.18,5
1324296371.23,20.18,5
1324297031.88,20.1,2.15
1324297212.06,19.8275757576,1.32
1324297752.65,20.187174,20.0
1324297872.78,20.2,6.96
1324297992.9,20.2,40
1324298113.02,20.2,3
1324298473.45,20.2,2
1324298593.59,20.2,18
1324298833.88,20.3150442478,1.13
1324298893.94,20.349784792,69.7
1324299014.07,20.35,0.158
1324299074.13,20.35,13.94
1324300455.71,20.3881967213,30.5
1324300635.9,20.4879,2.0
1324300936.2,20.42,2.5
1324300996.26,20.7387318974,13.603
1324301416.7,20.99,4.7
1324301536.82,20.99,0.079
1324302377.67,20.998638,5.0
1324302437.73,21.0,1.85
1324302677.98,21.069266,15.0
1324302978.28,21.6649916667,6.0
1324303518.83,21.7698872611,15.7
1324303578.89,21.7725365481,73.328
1324303699.02,21.85,1.0
1324303819.15,22.0,68.3
1324304059.4,22.0967117988,0.517
1324304239.59,22.79,0.001
1324304359.71,22.79,3.756
1324304479.83,22.8,125.65
1324304539.89,22.7961538462,0.052
1324304720.07,22.79,0.124
1324305801.16,22.72026,7.0
1324306882.26,21.93,0.1
1324307242.64,21.9216727273,2.2
1324310786.21,21.790284,15.0
1324311026.45,21.78,0.846
1324311146.57,20.9,0.793
1324323519.0,21.49,9
1324324600.1,21.49,0.7
1324341777.27,21.5,1.72
1324341957.45,20.85,1
1324342077.57,20.85,10
1324342197.69,20.85,0.5
1324343218.71,21.5,1.85
1324360397.82,24.5,6
1324361899.41,25.5,0.5
1324362079.59,25.51,0.95
1324362199.71,25.89,3
1324362379.89,25.6248216588,2.327
1324363280.8,25.53,26
1324363460.98,25.5144284687,2.782
1324366343.87,24.5,1
1324367244.71,25.5328571429,7
1324367545.02,25.74256,10.0
1324367785.26,25.3,3
1324369406.89,24.86,0.66
1324369466.97,25.0,0.25
1324369647.15,25.0,0.006
1324370127.63,25.8969491525,2.36
1324370247.76,25.9914251415,11.662
1324370608.12,26.3,50
1324370848.36,26.4,33.33
1324370908.42,26.4,0.009
1324371208.72,26.4,2.561
1324371388.9,25.1,0.1
1324374391.9,25.21,1.394
1324374812.32,25.2,2
1324375352.86,25.21,1
1324375533.05,25.21,1
1324378055.61,25.73,5
1324378295.85,25.21,0.248
1324378536.09,25.2403578154,10.62
1324378896.46,25.2096295091,18.435
1324379196.77,23.99,0.633
1324379857.44,25.73,2.0
1324380578.16,23.99,0.2
1324385022.68,25,4
1324385142.8,23.99,0.01
1324386404.06,23.99,2
1324386464.12,25.05,0.18
1324387004.67,25.0532731747,1.219
1324387965.63,25.06,1.98
1324388025.69,25.06,3.33
1324390127.82,25.06,0.1
1324390488.2,25.06,1
1324393731.44,25.537144926,9.667
1324393851.56,25.9446741975,15.669
1324394572.28,25.99,0.331
1324394692.4,25.4193548387,0.62
1324453481.8,24.8,2.14
1324459848.18,24.81,0.1
1324459968.3,24.80124375,160.0
1324460088.42,24.8,0.22
1324460508.84,24.8,4.778
1324461109.44,24.8,0.3
1324461349.68,24.8,47.859
1324461589.92,24.8,20
1324461830.16,24.8,0.991
1324461950.28,24.8,0.1
1324463872.21,24.8,8.9
1324466034.36,24.8,5.559
1324469818.14,24.8,0.294
1324471019.34,24.717875,4.0
1324472220.54,24.75,1
1324472761.08,24.75,3
1324474743.06,24.75,0.3
1324475824.14,24.75,1.73
1324475884.2,24.9788647343,0.828
1324476244.56,24.75,1
1324478106.44,24.75,10
1324481890.22,24.75,0.08
1324483151.48,24.99,1
1324487055.38,24.9890135397,5.17
1324488376.7,25.0,0.2
1324511399.74,24.71,0.454
1324513802.14,24.71,1.1
1324513862.2,24.71,0.2
1324514042.38,24.71,5
1324516084.42,24.694248,5.0
1324518366.7,24.51,1.82
1324518426.76,24.51,0.3
1324518667.0,24.51,0.27
1324520528.86,24.5166666667,3
1324520889.22,24.51,44
1324521369.7,24.50193,4.0
1324523231.56,24.504,5
1324523291.62,24.5,6.0
1324525994.32,24.55,0.26
1324526114.44,24.55,1
1324528396.72,24.55,0.07
1324528877.2,24.55,15
1324529838.16,24.59,0.1
1324530078.4,24.59,0.8
1324531760.08,24.5535046729,4.28
1324532300.62,24.55,0.488
1324532721.04,24.55,8
1324535603.92,24.96,4.81
1324535724.04,24.55,0.12
1324602484.07,23.6433333333,1.2
1324604045.63,24.575,2
1324604165.75,24.95,2.493
1324604225.81,25.0,0.01
1324604646.23,24.5,9.06
1324604766.36,25.0,1.0
1324605066.65,24.5,1
1324624077.88,24.1,3.7
1324627140.95,24.1,1.26
1324628161.96,24.12,0.108
1324632246.04,24.12,1.397
1324637831.62,24.5,6.27
1324638432.22,24.15,0.3
1324641915.7,24.15,1.497
1324641975.76,24.13,0.323
1324642095.88,24.12,0.237
1324642276.07,24.12,0.002
1324642516.3,24.5,0.001
1324642696.48,24.12,10.0
1324643176.96,24.12,0.15
1324643357.14,24.5,1.628
1324644438.22,24.12,0.106
1324644558.34,24.12,2.184
1324646900.69,24.45,6
1324646960.74,24.55,5
1324648161.94,24.11,0.99
1324650624.41,24.917474,5.0
1324650684.47,24.9866296296,7.29
1324656089.92,24.6,2.33
1324657471.3,24.96,1.816
1324657531.36,24.99,13.167
1324657591.42,25.0,12.15
1324659213.04,24.61,1.67
1324670504.35,24.45,10
1324670564.41,24.56,10
1324692893.84,24.17,1.0
1324693794.6,24.6,10
1324695103.96,24.5,4.6
1324695404.26,24.99,1
1324697446.3,24.5,1.0
1324697686.54,25.0,2.2
1324699908.76,24.5,0.25
1324700569.42,24.5,1.27
1324701710.56,24.5,3.4
1324701890.74,24.59,5
1324702671.52,24.5,1.729
1324706441.18,24.9779221682,1.439
1324706681.42,24.5,0.5
1324719012.27,24.6,10
1324719372.63,24.6,17.0
1324719913.17,24.6,0.163
1324722075.33,24.61,0.981
1324740881.24,24.88,2.3
1324741361.72,24.66,0.8
1324742442.8,24.66,0.28
1324743103.46,24.66,0.235
1324745445.8,24.75,1
1324749830.18,24.89,11
1324773346.53,24.7,2.31
1324775748.93,25.21018,2.0
1324775929.11,25.4735778125,32.0
1324775989.17,24.7,8.04
1324776709.89,24.7,1.68
1324781214.39,25.5,0.499
1324782295.47,25.1866158868,0.919
1324782355.53,25.77,0.498
1324782415.59,25.8,3
1324783436.61,25.02,1
1324783917.09,25.99,1.118
1324784397.57,25.02,2
1324786019.19,25.98,1
1324786319.49,25.987212932,5.382
1324787340.51,25.99,8
1324790944.11,26,1
1324791364.53,26.0000179964,35.007
1324791424.59,26.1429019023,26.81
1324791845.01,26.15,36
1324792085.25,25.1,1
1324792145.31,25.1,0.838
1324792325.49,25.1,8.162
1324794007.17,25.1,0.146
1324795989.15,25.2,4.23
1324796890.05,25.2,0.4
1324798391.55,25.4,4.14
1324798451.61,25.2,1.06
1324800313.47,25.2,0.437
1324802415.58,25.2322788896,1.549
1324802475.64,25.9515516878,47.4
1324802776.1,25.1453444444,36.0
1324803316.64,25.5,52
1324803376.7,25.5,0.064
1324803496.82,25.5,7.936
1324805118.45,26.25,0.24
1324806259.58,25.49,6
1324806800.12,25.5971428571,35
1324808722.05,26.0,1.11
1324809207.8,26,11
1324809508.1,26.0,9.998
1324810348.94,26.0,0.4
1324810649.24,26,4
1324810769.36,26.0,2.492
1324814192.82,25.8,1.789
1324814613.27,25.8,2.17
1324814733.41,25.8,0.003
1324815334.06,26.25,0.7
1324815514.25,26.25,0.06
1324816174.93,26.0766369093,6.497
1324816234.99,26.49,5
1324816475.23,26.4919354839,1.24
1324816535.29,26.98,3.83
1324816655.41,26.498156682,21.7
1324823021.78,26.976865,4.0
1324823982.74,26.99,0.34
1324824523.28,26.9998935504,3.194
1324824703.46,27.0,0.2
1324825784.54,27.2,1
1324825904.66,27.4,1
1324827286.04,28.0,0.001
1324828367.12,27.41,2.163
1324828787.54,27.41,8.837
1324831670.42,27.41,2.2
1324831910.66,27.74,1
1324833292.04,27.41,1
1324833352.1,27.41,2.5
1324833652.4,27.41,0.1
1324834553.3,27.74,0.05
1324834673.42,27.74,0.01
1324835093.85,27.41,1
1324838217.02,27.41,0.1
1324838937.75,27.41,1
1324851225.01,27.41,0.1
1324856630.42,25.276898,5.0
1324861315.12,24.56,7.213
1324864077.88,25.01,0.82
1324864798.64,26.0,0.3
1324866780.89,24.81,0.65
1324869303.5,25.0,4.2
1324923490.41,24.9,0.4
1324938625.55,24.826740081,24.7
1324947033.95,24.85,0.4
1324948115.04,25.2,0.5
1324948535.46,24.85,1
1324951284.59,24.82,0.5
1324952185.49,25.5,1.01
1324953086.39,25.5,0.234
1324953386.69,25.5,0.313
1324953446.75,25.5,9.76
1324955608.91,25.5,0.899
1324956209.52,25.5,0.1
1324956389.69,25.5,2
1324962840.64,25.5,1
1324964383.05,25.99,0.8
1324965223.89,25.5,0.6
1324965824.52,25.5,0.277
1324966184.88,25.5,4.724
1324966244.94,25.5,0.276
1324966485.18,25.4799176471,17.0
1324968901.65,25.5,0.1
1324969382.13,25.5,0.1
1324969562.31,25.5,1.3
1324973019.2,25.51,0.333
1324973079.26,25.51,5.667
1324976502.07,25.501665,2.0
1324979565.14,25.51,0.333
1324979865.44,25.5,0.1
1324980405.98,25.51,3.667
1324980826.4,25.50111,3.0
1324982327.9,25.99,16.51
1324982628.2,25.5,4.99
1324983529.1,25.5,0.2
1324984189.76,25.5,0.1
1324986111.69,25.51,0.333
1324986291.87,25.5,13.6
1324987072.65,25.35,0.124
1324987312.89,25.35,0.2
1324987372.95,25.35,1.44
1324987553.13,25.35,8.0
1324988994.57,25.51,0.237
1324989174.75,25.3501332,25.0
1324989234.81,25.35,7.355
1324993499.07,25.5,5.9
1324994159.73,25.36,0.333
1324994700.27,25.72,25
1324996021.6,25.5,1
1325001006.59,25.51,3.06
1325003408.99,25.51,1.3
1325005030.61,25.51,0.2
1325013739.32,25.99,12
1325013799.38,26.0,1.031
1325013859.44,25.51,0.001
1325057153.12,26.0,1.18
1325062318.38,26.1,0.5
1325062618.68,26.2,5.93
1325064120.18,26.21,3.82
1325064540.6,26.21,5
1325070906.96,26.21,0.25
1325071027.08,26.21,0.2
1325072768.83,26.12,0.33
1325072888.95,26.11001,3.0
1325073069.13,25.5118,1.0
1325073129.19,25.5000833333,0.36
1325075771.83,25.99,1
1325076552.61,25.99,9.6
1325077693.75,25.493575,4.0
1325086702.75,25.48,0.145
1325086762.81,25.47,0.63
1325090126.17,26.3775995,20.0
1325090186.23,26.4854705882,17.0
1325090606.65,25.99,1
1325091087.13,25.99,2
1325091867.91,25.99,8
1325098654.69,26,1
1325112828.86,26.01,2.5
1325159244.74,25.9119704142,1.69
1325170295.71,25.865,2
1325174740.15,25.91,0.33
1325175881.3,25.8506511628,2.15
1325180325.74,25.91,2.63
1325181166.6,25.8,1.921
1325182848.28,25.85,1.98
1325323737.63,27.0,0.945
1325324218.11,27.0,50.0
1325324278.17,27.0,0.85
1325327401.24,27.0,3.4
1325327521.36,26.41,1
1325333046.91,26.44,0.5
1325333767.71,26.44,1.74
1325334728.91,26.44,1.17
1325334909.1,27.0,8.969
1325334969.16,27.2505870968,31.0
1325335209.42,27.6345178,50.0
1325335269.48,28.0725357995,5.028
1325335569.83,28.51,0.251
1325335930.22,27.01,1.28
1325336470.79,28.8246179095,9.749
1325336530.87,28.99,10
1325336951.37,29.969,20
1325337011.44,29.9965116279,8.6
1325339173.72,29.99,3
1325341456.09,29.2,3.39
1325341636.27,28.88,0.251
1325341756.39,28,1
1325341936.58,26.4412254335,1.73
1325343678.32,28.79,3.5
1325347462.1,28.5,2
1325347582.22,28.8,21
1325480829.91,35.0,0.311
1325481190.27,33.6,0.01
1325482211.3,35.0,0.02
1325482391.48,35.01,1.98
1325482511.6,35.36,3.01
1325482571.66,35.45006,10.0
1325482691.78,35.5,1.05
1325483172.26,35.4,0.2
1325484253.36,34.9,0.05
1325487530.26,32.3,1.1
1325488851.6,33.99,3
1325488971.73,33.99,0.09
1325489097.64,35.8,7.44
1325493542.08,33,1
1325494382.93,33.0,0.96
1325494503.06,34.89,7
1325494923.47,34.5,3
1325495103.65,33.0,1.434
1325499548.1,34.1755844156,7.7
1325503031.61,32.2818181818,1.65
1325503812.39,32.0493720565,7.644
1325503872.44,31.9,1.535
1325507295.9,32.5,0.77
1325513121.93,31.9686106346,0.583
1325513182.02,31.02,0.697
1325517086.01,32.4771,3.0
1325517146.07,32.8,0.631
1325520149.1,32.7633138605,14.379
1325520329.28,32.65,1
1325527327.81,32.5099160369,1.191
1325531532.02,32,2
1325548230.23,31.2,0.92
1325551053.06,32.5,0.8
1325551533.54,34.99,20
1325551593.6,31.1303713528,15.08
1325551653.66,31.07,0.92
1325555497.51,31.1,1
1325570468.7,34.0,7.354
1325570528.75,34.0,6.73
1325570588.81,34.0,20.916
1325570708.93,34.0,0.179
1325570768.99,34.0,0.1
1325571129.35,34.0,3.75
1325571189.41,34.0,31.971
1325571249.47,34.0,8.029
1325572270.49,34.0,5.791
1325576294.52,32.1049555556,9.0
1325580438.67,33.2486907567,3.819
1325580498.73,33.3,3.426
1325583802.03,33.49,2
1325587705.93,33.8611627907,43.0
1325590889.12,32.4,1.4
1325591129.36,33.33,0.7
1325591189.42,33.33,0.14
1325594552.82,32.1,1
1325594733.01,32.1,4
1325594793.07,31.24275,6.0
1325596895.34,31.1543646206,103.631
1325597015.46,29.5,12
1325597255.72,29.5,0.74
1325598336.8,31.5,1
1325598456.92,30.39,8.7
1325601219.69,29.5002790179,53.76
1325601459.93,29.45,0.907
1325602120.59,29.4,0.753
1325602360.83,29.4385964912,1.14
1325603682.15,29.29,0.333
1325603922.39,29.29,3.867
1325604222.69,29.39,5
1325604282.75,29.4,2.86
1325604342.81,29.5,45.24
1325604643.11,29.7,0.38
1325606264.73,29.51,5
1325610228.7,30.7,1
1325613291.76,30.7,3.2
1325631043.04,30.7,0.74
1325633025.05,30.7,10.35
1325647210.16,31.98,0.1
1325650693.5,32.99,0.1
1325650753.56,33.0,0.3
1325651294.07,33.07,6
1325652435.2,32,3
1325653095.82,31.73,100
1325653215.94,31.4289361702,3.29
1325654416.94,31.0511334583,58.67
1325654717.17,31,3
1325655137.58,32,20
1325655197.65,32,40
1325655678.1,31.3,25
1325656098.48,31.3,6.5
1325658560.83,31.3871428571,7
1325659521.64,31.4,12.55
1325663245.25,31.5,6
1325663425.41,31.4,7.5
1325663845.83,31.3309514286,7.0
1325665527.27,31.4,0.333
1325669671.3,32.5,1
1325669971.6,31.81,0.17
1325670452.06,31.81,0.333
1325670572.14,31.8,12
1325670632.22,31.5,1.2
1325670752.32,31.4100744389,17.867
1325670812.37,31.4,0.133
1325670992.57,31.35,0.333
1325671052.64,31.35,0.333
1325671232.77,31.35,49.334
1325672914.44,31.8,0.58
1325677298.74,31.8,1
1325677418.86,31.8,7.01
1325680902.26,31.8,1.27
1325683004.27,31.8,6.069
1325683364.6,31.8,2
1325683905.12,32.5,1.7
1325684145.33,31.8058421053,1.14
1325688032.54,32.875,3.2
1325688092.56,32.99,4.885
1325688152.62,33.2122241087,11.78
1325688332.79,33.0,2.309
1325688633.09,33.0,1.121
1325689173.58,33.0,2.57
1325691395.65,33.5,2.38
1325692536.74,33.5,0.1
1325694698.86,33.5,6.06
1325694818.98,33.5,4.944
1325694939.11,32.53,0.333
1325699323.37,33.98,2.99
1325699383.44,34.47,0.47
1325699563.62,34.5,10
1325710254.5,35.0,0.296
1325713978.02,35.0,10.0
1325719863.64,32.71,1
1325720103.88,32.705,5.4
1325722626.43,34.89,8.46
1325722686.49,32.72,1
1325725191.68,35.32,8.03
1325725251.74,35.49,3.4
1325725311.8,35.5,3
1325725371.86,35.6,6
1325725431.92,35.89,1
1325725491.98,35.9,2
1325725552.05,35.98,5
1325725612.1,35.99,3
1325725672.17,36.04,5
1325725732.22,36.4,0.5
1325725792.25,36.5,5.323
1325726512.9,36.9851043478,23.0
1325726633.0,37.114528,10.0
1325727173.52,34.0,1.01
1325730837.04,36.0,0.78
1325731978.05,34.41,0.23
1325732758.91,36.0,3.242
1325732818.97,36.8897987006,18.778
1325732879.03,37.4411805556,3.456
1325732939.09,37.9759094584,4.948
1325732999.16,38.12,2
1325733059.23,38.12,1
1325733119.29,38.12,1
1325733359.52,38.12,0.91
1325733419.58,38.2,1
1325733599.75,38.0,0.3
1325733659.81,38.25,2.7
1325733719.87,38.5,0.5
1325733779.93,38.4,2.656
1325733900.05,38.4,5.344
1325733960.07,39.1261020739,25.942
1325734020.13,39,2
1325734620.67,39.5,7.91
1325734680.73,39.69,9
1325734920.97,39.69,0.4
1325735341.4,39.69,22.408
1325735461.52,37.7534484412,4.17
1325735521.58,39.6,0.001
1325737383.34,38.5,0.6
1325737683.64,38.5,4
1325737863.82,38.5,0.03
1325738704.66,38.5,3.3
1325739185.13,38.5,2.1
1325739485.44,38.5,0.85
1325739665.65,38.5,15.0
1325740266.23,37.107564,50.0
1325740806.77,37.1,0.35
1325740866.83,37.1,2
1325741407.3,39.2673833333,3.0
1325741647.45,38,15
1325741707.51,39.33,1
1325741827.66,37.1,5.76
1325742608.46,37.1,0.002
1325743028.88,35.01,10
1325743689.56,35.02,1
1325745731.5,36.0,0.9
1325745791.54,36.0,0.001
1325745971.72,37.0,0.7
1325746031.78,37.4957849462,9.3
1325747052.8,37.49,1
1325748073.77,37.74502,35.0
1325748133.83,38.0,2.482
1325749094.78,38.5,0.217
1325749335.02,36.06,0.162
1325749575.27,36.06,1
1325750175.86,39.3291764706,5.1
1325754560.12,38.59,9
1325755160.68,38.24,1.17
1325755280.8,38.24,63.83
1325755521.04,38,1
1325756361.82,38.0,0.1
1325756481.94,38.0,1.5
1325759544.75,38.0,0.357
1325760505.71,38.3,2
1325761046.26,38.49,0.12
1325761106.33,38.49,0.22
1325761586.79,38.49,1
1325761706.91,38.49,8.66
1325761766.96,38.49,0.41
1325762127.32,38.5,50
1325762427.57,38.5,0.5
1325763208.31,38.49,0.59
1325763808.91,38.0,0.997
1325763868.97,38.0,1.17
1325765490.57,38.59,0.3
1325765790.87,39.3019860627,28.7
1325766151.23,38.2978723404,1.41
1325766571.65,39.5,4
1325766751.83,39.51,6
1325767532.53,39.69,0.5
1325767592.59,39.8,1.08
1325767772.77,38.2,1
1325767832.83,39,3
1325769094.08,39.0,0.2
1325769154.14,39.3102523028,2.497
1325769214.2,39.85,0.997
1325769994.94,38.4,0.201
