1309115565.55,10.0,2
1309115805.76,10.105,2
1309117126.84,10.13,2
1309117427.1,9.92,2
1309117607.17,9.91021079258,47.44
1309118447.77,10.1351,0.0296
1309118807.91,10.1304,5
1309119048.02,10.1304,6
1309119108.06,10.1304,6
1309119228.13,10.1304,10
1309119288.16,10.1304,5.52
1309119348.21,9.9212137,10.0
1309119588.36,9.91,4.4
1309120788.79,9.92,2
1309121449.24,9.91,2
1309121749.44,9.91,1.03935418
1309121869.55,9.91,10.71442986
1309122049.6,9.91,10.15660004
1309122109.65,9.91,2.31079717
1309122229.77,9.91,9.77881875
1309122289.83,10.12,5
1309122530.01,10.13,1.15893385
1309122830.23,10.13,3
1309123310.54,10.13,0.16090819
1309124030.84,10.13,0.14313919
1309124271.03,10.1302776455,9.50613136
1309124391.05,10.1305,0.01088741
1309124451.06,10.1497,5.89181669
1309124511.12,12.22,0.00818331
1309124751.16,10.1538,0.65
1309124811.21,10.2402,2.08004261
1309124991.29,10.278444495,14.66178293
1309125411.52,10.3447,3.02
1309125771.64,10.347,3.95186856
1309125891.71,10.2,0.03
1309125951.72,10.35,0.03
1309126311.9,10.35,8
1309127512.52,10.4417445156,9.57695238
1309127572.58,10.2979,1.41
1309127872.86,10.2004219758,4.96
1309128533.47,10.1833,0.01
1309128713.64,10.1833,0.01
1309128953.88,10.2007,2.99
1309129734.64,10.1878,4.24
1309129794.7,10.101,5.73202876
1309132917.57,10.404,0.12014563
1309135019.55,10.1351,5
1309139283.51,10.4794814905,2.99299845
1309139403.61,10.4867892994,7.19192094
1309139583.79,10.4899941624,2.99000171
1309152041.91,10.6,0.15692867
1309152101.97,10.625,1.6
1309153002.77,10.69,0.09354536
1309153303.04,10.5,3.07
1309154203.91,10.69,5.66765538
1309154324.0,10.69,1
1309154384.01,10.6917249961,9.35301226
1309154444.07,10.6943,2.00012268
1309154504.09,10.6943,5.67542992
1309154564.09,10.6943,2.00012268
1309154624.1,10.6943,0.5983585
1309154864.19,10.7438,1.21
1309154924.2,10.8696,0.0046
1309155824.8,10.8696,0.4554
1309158226.8,10.867,5
1309159547.92,10.87,1
1309159728.06,11.0,2
1309159848.18,11.0984,0.99113586
1309159968.29,11.1120241481,1.65676414
1309160088.4,11.1554,0.54323586
1309160448.64,11.35,2
1309160988.93,11.3609,0.45
1309161769.2,11.3609,0.021
1309162429.72,11.3757,1.489
1309162609.85,11.3519,1
1309162669.91,11.3519,1
1309162729.95,11.3519,1
1309163090.26,11.3519,2
1309163150.27,11.3519,2
1309163330.42,11.3519,2.69
1309164351.14,11.0106583103,3.0
1309164831.5,11.3208,2.65
1309167233.08,11.3252678783,3.76463421
1309168914.24,11.1923,0.26
1309169214.51,11.201,1.1
1309169935.1,11.201,2
1309170295.39,11.3333,0.17647058
1309170355.44,11.201,0.3125
1309171075.85,11.3333,0.35294117
1309171615.98,11.201,2.7177
1309172036.35,11.1851160556,15.2
1309172096.41,11.1764,5
1309172336.61,11.1764,0.022
1309172696.81,11.1764,2
1309173537.44,11.1778,0.45
1309173657.51,11.3,3.09734513
1309174858.56,11.1764,0.09805
1309174978.68,11.01,1
1309175038.68,11.01,1
1309175158.79,11.0345,1.99375
1309176239.53,11.0345,1.634875
1309176419.63,11.0345,0.032625
1309176719.92,11.0100996064,8.0
1309176779.99,11.0012037032,2.39
1309177500.57,11.01,0.01
1309177560.63,11.0,0.02
1309177800.8,11.0,4
1309178281.14,11.0,1.89718946
1309178881.57,11.0,0.10281054
1309179301.7,11.0025,3.98718946
1309179781.94,10.8108,0.42
1309181522.65,10.8108,1
1309181582.66,10.8108,0.43
1309181762.76,10.5263,0.95
1309182302.96,10.524,1.126
1309182783.25,10.989,12.825
1309183023.34,10.989,0.825
1309183143.43,10.5212,5.2
1309183263.45,10.5212,2.1
1309183923.77,10.8007,3.01
1309184043.85,10.5212,0.022
1309194852.09,10.5896,3.07
1309195812.86,10.5892,1.00102092
1309216499.12,10.6952,3.1
1309223344.27,10.6952,2.16848294
1309230997.04,10.696,0.18698578
1309231717.39,10.6952,4.08151706
1309231897.5,10.6838,2.34
1309232077.65,10.5932,7.95449271
1309232197.69,10.5919,0.17848294
1309242043.67,10.592,2.00000189
1309244024.91,10.5919,0.01
1309244385.14,10.5919,2
1309246066.27,10.5919,0.01
1309248167.81,10.592,5.98999811
1309248468.08,10.5902412162,1.03550729
1309248648.26,10.7008454309,6.37301422
1309248708.27,10.745,10
1309248948.51,10.75,3.84897828
1309249428.91,10.5858820916,3.1092198
1309249488.92,10.5589,1.45848294
1309249969.16,10.5589,1.02
1309254952.8,10.5597,9.47
1309259035.82,10.5589,0.02
1309260837.22,10.5151141419,2.5
1309261677.77,10.5,0.14151706
1309262338.26,10.4865,0.22000028
1309277532.23,10.6914,0.28
1309280174.4,10.6961,1.81
1309280894.93,10.7328842721,4.19272815
1309281315.31,10.75,9.30232558
1309282156.03,10.75,7.50139534
1309282516.4,10.6922861539,0.65000084
1309283356.97,10.7325,3.14
1309284497.87,10.7353,0.2
1309284918.22,10.7586354421,5.7900915
1309286299.31,10.7616,0.008
1309286479.44,10.85,1
1309286839.7,10.923086639,2.7468
1309287260.04,10.99,1
1309287380.12,10.9946,0.52586311
1309287560.2,10.9946,0.16646266
1309287980.49,10.989,6.74
1309289661.93,10.99,1.29999069
1309291943.78,10.9909264089,3.66463962
1309295486.56,10.989,0.0104
1309298309.04,10.989,0.6
1309298849.51,10.7914483693,15.0
1309298909.53,11.0,4.09090909
1309299089.71,10.9926,0.01047607
1309299149.77,10.9926,1.00661671
1309299750.18,10.9964481101,11.74290722
1309300350.61,10.992614599,14.64618049
1309300831.02,11.0,0.18181818
1309300951.06,10.989,0.91
1309301371.41,10.8696,0.92
1309304913.9,10.8692,1.01203113
1309305934.56,10.8688,0.66796887
1309306054.68,10.988,2.51
1309307255.45,10.7356778328,10.0
1309325427.26,10.9201145522,2.74722121
1309331610.73,10.6977,1.9995
1309332391.09,10.9967,0.89754471
1309335814.36,10.7527,0.52
1309336294.84,10.7213407,10.0
1309336595.14,10.72,1.98701185
1309337556.1,10.7,0.31
1309337616.16,10.7,7.43305906
1309340378.92,10.7,1.86915887
1309341339.88,10.7,2.81214953
1309341640.18,10.7,7.88563254
1309346024.56,10.6998,4.31
1309385450.71,10.7088080249,0.0379097
1309387552.15,10.7863,0.14370054
1309387792.3,10.7958,1.91
1309388572.78,10.79,0.5
1309389053.11,10.79,45
1309389233.21,10.79,4.5
1309389413.27,10.7875,45.5
1309389473.3,10.8899,2.75485436
1309389593.38,10.7875,0.7
1309390193.74,10.8,0.4
1309390253.8,10.7913135,10.0
1309394936.22,10.788,3.00426399
1309395476.49,10.7875,5.51970428
1309396917.41,10.7875,1.6
1309397037.45,10.788,6
1309403821.57,10.788,4.63477939
1309404181.66,10.7875,12.14659518
1309404361.72,10.7696,6.4620903
1309404601.87,10.7091,1.1
1309410724.67,10.6,3.00112687
1309417387.66,10.625,0.032
1309418528.46,10.6494111932,3.788
1309418648.52,10.8522119034,3.68588453
1309419669.24,10.6385,2.788
1309420990.17,10.6001980198,10.1
1309421470.53,10.8,0.2
1309421830.84,10.8,4.1
1309422070.98,10.8,0.7
1309422311.05,10.8,1.01851851
1309422551.22,10.60823944,10.0
1309427354.15,10.6792909644,4.19673614
1309428675.19,10.5317,7.80326386
1309428975.38,10.6647,1.67
1309430956.73,10.6914,14.03
1309431857.44,10.6952,5.61
1309433118.35,10.6458,1.409
1309433778.55,10.6383,0.94
1309434439.05,10.6952,1.87
1309434739.2,10.5972,0.8587163
1309434859.27,10.54,0.1
1309435099.46,10.54,0.1
1309435819.99,10.54,5.30360531
1309436360.29,10.535,0.2
1309437080.89,10.535,0.1
1309439722.67,10.535,9
1309440203.07,10.5337,7.12
1309441944.02,10.535,0.9
1309442364.44,10.5374,0.3722837
1309446267.35,10.54,0.49639469
1309446327.36,10.65,10.1
1309446867.66,10.65,0.1
1309448608.71,10.5751152941,4.25
1309448969.01,10.5708,0.1
1309449149.1,10.5754,2.05273911
1309449629.51,10.5374,0.30009433
1309450290.02,10.54,1
1309450410.14,10.5754,0.0945592
1309450710.34,10.5754,4.3527017
1309450890.47,10.572915013,4.91270169
1309451010.58,10.5833,1.669582
1309451130.63,10.789508939,83.35979255
1309451190.69,10.79,0.39
1309451250.74,10.7978441593,7.34748149
1309451370.8,10.8846965903,56.31009433
1309451490.88,10.9589,0.00227917
1309451550.94,10.9701,2.412
1309452571.71,10.9767,1.82203389
1309452691.82,10.9657,10
1309452811.93,10.9657,3.679
1309452871.93,10.9564616438,10.0
1309452992.04,10.9655358218,4.02735252
1309453052.07,10.9107,6.39
1309453172.13,10.9107,10
1309453292.21,10.9106,3.31
1309453412.32,10.9717,10.38
1309453532.34,10.9107,3.31
1309453952.7,10.8571,3.5
1309454072.76,10.7143,14
1309454132.81,10.6798,0.0126
1309454252.92,10.605,0.2017916
1309454372.99,10.604,3
1309454613.17,10.6,3
1309454973.41,10.9002,1.83482857
1309455573.77,10.75,8.37209323
1309455633.82,10.6,25
1309457675.2,10.6171,0.690418
1309457735.21,10.5895747431,6.689582
1309458635.41,10.5494,1.65
1309458875.46,10.7477563108,1.64906977
1309460675.98,10.7527,0.00203389
1309461456.44,10.7527,0.173
1309462236.63,10.6618100021,14.10589634
1309462416.71,10.5501,14
1309462656.82,10.5501,18.12568306
1309463257.05,10.7296,9.13
1309463977.29,10.7296,0.19
1309464517.56,10.55,1.22085308
1309464577.57,10.5575632814,1.19352957
1309464937.63,10.55,0.61706161
1309465177.68,10.5503517296,5.38951936
1309465537.79,10.5485075306,7.30869269
1309467338.47,10.55,0.6635071
1309467818.67,10.55,1.0364929
1309468719.03,10.55,5
1309468839.05,10.7296,9.32
1309468959.08,10.55,0.03
1309469739.42,10.54,0.02
1309470639.63,10.54,5.98
1309470879.74,10.534,1.03
1309471420.01,10.5323,0.62
1309471780.09,10.5337,4
1309472920.57,10.5337,1.41449303
1309473700.75,10.5341,2.5
1309474361.0,10.542,5
1309475561.27,10.5426,11.73
1309476521.5,10.5337,0.2
1309476581.51,10.5347,0.88550697
1309477181.72,10.5301,0.052231
1309477241.73,10.53,5.11520203
1309478742.61,10.53,4.88479797
1309478802.67,10.5263,0.95
1309478862.69,10.5263,0.3473089
1309479402.95,10.5263,5.52955649
1309479462.96,10.5263390249,7.5
1309479643.03,10.5264,3
1309480243.3,10.5264,3.2
1309480303.3,10.5117596035,10.0
1309480423.32,10.5002973059,24.4717625
1309481443.59,10.5,1.1827776
1309481683.62,10.3642670824,18.44
1309481743.63,10.301,0.38780403
1309485105.2,10.4,1.92307692
1309487386.6,10.4,0.57692308
1309499816.5,10.5682,0.44
1309499996.63,10.301,9.61219597
1309506961.62,10.5,4.76190476
1309508222.68,10.3,13.78543689
1309508883.15,10.29,15
1309509243.48,10.29,0.2
1309509483.69,10.2744994757,1.0
1309509723.89,10.25,1.68014233
1309509904.06,10.2210780632,0.95
1309510324.43,10.2115490667,30.0
1309510684.68,10.2012048612,10.0
1309512666.18,10.4699,1.03
1309513686.97,10.47,1.91021967
1309514167.26,10.21,0.15443682
1309514287.33,10.1626,8.378
1309514407.36,10.1626,3.922
1309514527.44,10.1014,0.09
1309516448.96,10.47,0.78978033
1309516569.08,10.4712,1.2208417
1309516629.14,10.49872,1.0
1309516809.25,10.4712,20
1309516929.31,10.4712,0.21
1309517049.39,10.4713,15.37937797
1309517169.46,10.11,0.21750275
1309517229.5,10.1014,0.2
1309517349.62,10.1014,0.2
1309517830.03,10.1048461883,0.86602028
1309517950.11,10.1014,0.50414241
1309518070.2,10.1010948838,20.76585759
1309518370.48,10.0008477094,116.110665
1309518610.67,10.0,0.20000074
1309519631.42,10.0,6.00002233
1309519691.48,9.9951,0.2
1309519931.64,9.88349178005,11.94164218
1309521012.63,10.0,5.00001861
1309521252.86,10.0,4.99900861
1309521553.11,10.0,16.10005993
1309521613.17,10.0,10.00003722
1309521913.44,9.97686083867,12.08069644
1309521973.45,9.99338827651,18.0834768
1309522273.61,10.001,9.92
1309522393.7,10.001,11.80135735
1309525756.45,10.001,0.2
1309527797.91,10.001,23.90760923
1309528878.81,10.0,2
1309529959.62,10.0,8
1309530500.07,10.0,2
1309531460.87,10.001,4
1309531641.02,10.0079755909,1.00020174
1309531761.05,10.0752639082,5.00185409
1309534583.25,9.88,0.1
1309538306.17,9.9206,0.15457915
1309540047.72,10.0,2
1309540107.77,9.9206,2.36542085
1309540888.42,9.8891,2.21455454
1309542569.84,9.8891,5.4231306
1309544371.25,9.8814,1
1309546833.13,0.4463,0.00789401
1309548394.45,10.0,10
1309548694.72,10.0,5
1309549415.25,10.0,5
1309549475.3,10.0,10
1309550676.24,10.075,0.1
1309551156.61,10.079,0.77388629
1309551636.99,10.0711,8.44
1309553438.33,10.0,0.04
1309554699.36,10.0,19
1309555660.22,10.079,1.09137811
1309556440.87,10.0,1.06
1309556981.32,10.0,2.94
1309557821.92,10.079,3.40371319
1309558362.43,10.15,2.4667
1309558962.95,10.15,15.76354679
1309559443.41,10.0806,0.849
1309559683.63,10.0886,0.70728681
1309560584.45,9.90817649428,12.414
1309560824.61,9.89845675455,10.30430388
1309561004.79,9.8814,4.06
1309561124.88,9.8765,2.025
1309561244.95,9.87,0.1
1309561304.99,9.8464,0.65
1309561425.09,9.8,4.98
1309564667.43,9.80075145061,6.0399439
1309564967.68,10.0625,0.16
1309565508.1,10.0673,4.31
1309569830.86,10.0496411529,12.49
1309569950.97,10.0503,6.14506987
1309570191.17,10.0503,30
1309573133.93,10.0503,1.52516616
1309573314.1,10.0503,5.56559
1309573614.29,10.0504,43.77417397
1309580218.82,9.6867,0.38
1309588023.36,9.6867,1.57
1309596368.97,9.6904,7.01
1309623955.51,9.8431,0.51
1309630483.24,9.83335252993,73.056545
1309630723.32,9.7096,26.943455
1309634444.47,10.0,1.01076923
1309635044.94,10.0,0.2
1309635164.97,9.76,0.6
1309641227.99,9.76,8.416393
1309641348.11,9.7033279768,22.355557
1309641408.13,9.63306055046,6.54
1309641468.13,9.51500358637,11.13750676
1309641528.19,9.49857903752,12.26
1309641588.25,9.15827386294,19.7
1309641648.3,9.09037505423,1.844
1309641708.31,9.00152185333,24.367
1309641768.37,9.0,4.03
1309641828.42,8.9338225,8.0
1309641888.48,8.8455,2.0
1309641948.49,8.75785230899,2.068
1309642008.55,8.875,0.034
1309642068.56,8.9833,0.6
1309642548.77,8.9358,4.70020025
1309643029.06,8.9,0.1
1309643389.29,8.8995,3.00017835
1309643629.37,8.8995,1.00000326
1309643749.43,8.8995,0.06299089
1309643869.46,8.8995,0.14365035
1309644529.98,8.8993,0.41817715
1309646090.98,9.75,1.02564102
1309646331.2,9.75,5.43589743
1309646691.35,9.75,11.58358974
1309666443.14,9.1,7.57
1309666803.39,9.75,0.82051282
1309667223.59,9.75,0.82051282
1309667643.87,9.7222,2.16
1309681093.39,9.3099,0.1
1309682894.37,9.5238,0.1
1309687876.54,9.53,0.1
1309688116.7,9.5293,0.50000685
1309688296.78,9.5293,5.19999315
1309692558.49,9.54,0.1
1309693639.04,9.5349,7.69
1309693879.14,9.54,0.2
1309694479.38,9.54,3
1309694779.62,9.54,0.7
1309696881.28,9.70377155277,0.71384617
1309697181.55,9.7561,3
1309697301.67,9.761,6.04668619
1309697661.96,9.8039,1.02
1309699283.12,9.7993,2.6898
1309699463.24,9.7993,0.9
1309699523.25,9.7993,0.9802
1309702464.17,9.54,0.1
1309703484.54,9.5349,8.6
1309703964.62,9.8254988555,0.1
1309704024.64,9.535,0.01
1309704144.66,9.52380008653,0.95
1309709067.91,9.54,0.51
1309710328.41,9.565,2
1309710568.55,9.565,18
1309712489.54,9.56306,1.0
1309712549.6,9.5634,0.16
1309712729.78,9.5541,1.57
1309715131.56,9.52967368424,10.0
1309716272.47,9.545,0.2
1309716452.65,9.54,3.8
1309716572.77,9.54,12.2744
1309720055.62,9.75,0.2
1309727921.55,9.95867863367,20.083
1309728702.24,9.54,1
1309736388.51,9.9,2.74040404
1309741252.86,9.8864,4.4
1309744075.41,9.9167,0.6
1309755306.76,9.7,16
1309759751.48,9.57,0.2
1309760412.41,9.58,0.1
1309765999.03,9.68,0.1
1309766359.38,9.6333,0.3
1309766959.98,9.57405611672,29.8093
1309767080.1,9.55,20
1309768882.13,9.545,0.5
1309769362.61,9.5425,0.2
1309769963.33,9.5431,0.2043351
1309770323.69,9.5425,1.47
1309770563.93,9.5425,3.46057112
1309770864.29,9.54196322787,10.88008384
1309771044.54,9.5431,0.10478723
1309771404.9,9.54,5.24717894
1309771525.02,9.5238,1.05000685
1309773327.04,9.5238,0.10000052
1309773867.58,9.5238,78.0012285
1309774348.06,9.5,0.3
1309776870.58,9.4975,0.65
1309776990.7,9.4975,0.1
1309778191.9,9.5,0.1
1309778672.52,9.5,0.1
1309780234.07,9.5,0.96
1309782336.18,9.5002,0.85810311
1309782876.73,9.5,4.63157894
1309783057.17,9.5,0.01052631
1309783117.23,9.5,1.05263157
1309784078.19,9.4975,2.036
1309787021.76,9.44863809524,0.21
1309788403.21,9.4413,1.67
1309788583.39,9.4413,11.5080101
1309790325.26,9.4413,1.8
1309790745.68,9.4413,0.5
1309790865.8,9.4413,15.77
1309791166.11,9.4413,0.0019899
1309791766.85,9.4413,5.94530154
1309792007.09,9.3073,4.1
1309792427.51,9.2969,2.56
1309792667.75,9.03,0.07087486
1309792787.86,9.009,0.35
1309792847.92,9.009,0.76
1309792968.04,9.01598180628,1.00155557
1309793028.1,9.03,1
1309793088.18,9.03,1
1309793388.49,9.03,0.27685492
1309793448.55,9.02999076281,25.00002569
1309793568.67,9.03,3.56589147
1309793688.79,8.8,10
1309793809.17,8.95677034666,2.76173885
1309793869.24,8.8805408,10.0
1309793929.29,8.94,50
1309794049.41,8.93624029589,54.82393101
1309794109.49,8.94,12.37523056
1309794409.8,8.94,20.01118568
1309794529.91,8.9286,0.2095
1309794830.22,8.9286,1.7505
1309794890.27,8.875,3.0191282
1309794950.33,8.88305121991,20.10336957
1309795130.52,8.9285,0.10000004
1309795190.57,8.9285,11.71564091
1309795370.76,8.9286,30.00021957
1309795550.94,8.9286,12.99978043
1309795671.05,8.9504,1.25615772
1309795791.18,8.9504,3.38384228
1309795911.3,9.1,0.25
1309796331.72,9.1,0.1
1309796451.84,9.3,10
1309796571.96,9.3021,1.54556876
1309796932.39,9.36,2.67094017
1309797052.51,9.33,0.12
1309797112.57,9.44132755214,11.52469846
1309797172.63,9.4427,3.99605983
1309797232.69,9.5085525707,9.95116007
1309797412.87,9.67804875143,1.32258121
1309797472.93,9.67715849147,1.74741879
1309797533.23,9.73515515344,78.8544994
1309797593.29,10.0,19.029
1309797713.41,10.0,4
1309798013.71,9.31170026115,50.0
1309798794.49,9.7403,3
1309798854.55,9.7403,0.08
1309798914.61,9.7326,1.92
1309798974.67,9.71922119565,1.84
1309799274.99,9.66289934072,1.03488727
1309799635.34,9.74828025862,9.11511273
1309799755.64,9.80317988478,4.25
1309799815.7,9.8039,14
1309800296.36,12.699,0.17521372
1309800476.54,9.417495,2.0
1309800536.72,9.3,1.0
1309800656.84,9.3,1.0
1309800837.02,9.3,0.05
1309801197.66,9.589,0.47279694
1309801317.78,9.589,3.17720306
1309801558.02,9.11269444444,36
1309801738.3,9.5,0.2
1309801798.44,9.6,2
1309801858.5,9.7,1
1309801918.56,9.70377063898,5.13202141
1309802038.68,9.6043,2.78
1309802278.99,9.59,1
1309802339.05,9.30456446701,3.94
1309802879.59,9.35,1.0
1309802939.65,9.38,1
1309803059.77,9.35,1
1309803239.95,9.3902,0.41
1309803360.07,9.3897,4.26
1309804141.53,9.59,1
1309804201.59,9.6,2.1
1309804261.99,9.6031,5.19
1309804322.05,9.6,2
1309804622.34,9.65,4
1309804682.4,9.6464,2.8
1309804742.46,9.65,1
1309804982.7,9.65,1
1309805162.87,9.64,1
1309805343.16,9.64,1
1309805583.39,9.64,1
1309805703.51,9.64,3
1309805763.57,9.6552,5.8
1309805883.69,9.64,5
1309806003.81,9.6552,5
1309806063.87,9.64,5
1309806184.05,9.64166666667,6
1309806244.2,9.6552,5
1309806364.32,9.65,2
1309806424.38,9.65395,4
1309806484.46,9.64,0.12
1309806664.64,9.6552,5
1309806784.76,9.6552,5
1309807085.06,9.656,5
1309807265.31,9.656,5
1309807505.55,9.656,5
1309807685.73,9.656,5
1309807986.03,9.656,5
1309808166.21,9.656,0.32000828
1309808226.27,9.656,4.67999172
1309808406.45,9.64576466165,5.32
1309808466.5,9.6431,1.22
1309808526.56,9.6385,4.49
1309809487.51,9.4,1
1309811409.45,9.36425612979,10.0
1309811709.74,9.589,3.65
1309811769.8,9.364,1.99945913
1309811889.93,9.11312666239,43.56766388
1309812070.11,9.009,14.85523056
1309812310.33,9.01,2.0
1309812430.45,9.01,0.3
1309812550.57,9.01,0.22
1309812670.7,9.0102,0.31297862
1309812910.95,9.01006963617,0.89889673
1309813091.14,9.595,1.0005211
1309813211.27,9.595,0.01042209
1309813331.39,9.01,0.89408189
1309813391.45,9.0093231438,6.18919498
1309813451.55,8.831,1
1309813571.67,9.0,4
1309813631.73,8.83045,20
1309813691.8,8.832,1
1309813871.99,8.99544126984,3.15
1309813992.13,9.0238,0.84
1309814052.2,8.8081638,5.0
1309814112.27,9.0007,0.25109094
1309814712.88,8.82660414994,2.71971408
1309814893.07,9.003,9.00700905
1309815013.18,9.0299,1
1309815073.24,9.16172451817,7.24405042
1309815253.41,9.0299,0.3
1309815313.47,9.03,0.15798472
1309815433.6,9.09,0.110011
1309815493.67,9.09013129313,4.554389
1309815793.97,9.0909,3.12130812
1309815914.09,9.0909,3.12
1309815974.15,9.16666666667,15
1309816094.27,8.831,0.35
1309816634.92,8.86421554662,0.7823746
1309816815.11,8.84,0.5
1309817115.64,8.83006103286,1.065
1309817476.0,8.8221,2.00002268
1309817596.12,8.8221,1.00001134
1309817656.18,8.8221,1.00001134
1309817896.42,8.8221,7.98
1309818978.18,8.84753346168,12.34240036
1309819638.86,9.1,0.43956043
1309820119.64,9.1,0.0010989
1309820600.35,9.0722,0.97
1309820780.53,9.0714,0.00110236
1309820840.59,9.0714,0.00440944
1309821020.98,8.8221,7.3413895
1309821081.04,8.8221,2.20941198
1309821201.15,8.8221,0.001
1309821261.21,8.8221,0.004
1309822883.03,8.9123,0.0044882
1309823003.15,8.8221,0.38
1309823183.33,9.0908684234,1.1
1309823243.39,8.70005475501,10.0
1309823483.61,8.6960038025,4.71736431
1309823783.91,9.09266456422,1.04479823
1309824564.66,9.1,1
1309825225.31,9.1,5.03980501
1309833934.77,9.0,2.22222222
1309834895.72,8.65857632842,10.0
1309841801.36,9.0,1.11111111
1309845825.17,9.0,21.66666667
1309847567.03,9.1,0.2
1309848467.75,9.0992,7
1309848587.86,9.0992,7
1309849909.07,9.1,0.01538461
1309852071.7,9.0998,8.84
1309852792.42,9.1,1
1309857176.54,9.0998,20
1309858137.43,9.0998,2.06
1309859999.04,9.0998,5
1309860419.43,9.0998,4.67765538
1309861320.19,9.10009329313,1.4835021
1309863421.93,9.09108349336,20.0
1309865763.83,9.0909,50
1309865944.0,9.0909,10
1309866064.11,9.0909,3.38
1309866184.23,9.0909,29.78234462
1309866724.69,8.64396509439,38.52823921
1309866904.87,8.5358,1.84485299
1309868105.82,8.5358,7.65514701
1309868406.1,8.5179,1.174
1309868466.16,8.50065996,5.88166098
1309868526.22,8.45968852459,3.05
1309868646.33,8.3333,7.66061705
1309869246.75,8.3333,20.0
1309869366.79,8.3333,2.93938295
1309870087.41,8.2946,2.41122055
1309870627.84,8.2898,6.94164953
1309870687.9,7.8869,0.2795965
1309870747.96,8.2946,0.158769
1309870807.97,8.2977,0.2795965
1309871108.22,8.45,0.1
1309873990.38,8.2898,5.17835047
1309874050.44,8.2873,1.81
1309874170.53,8.2501,6.0605326
1309874230.59,8.2008,6.9
1309875371.61,8.201,12.1936
1309875551.78,8.2008,23.83
1309875972.1,8.2008,10
1309876872.83,8.2008,12.10098474
1309876932.89,8.06138567502,50.0
1309877113.08,8.0,11.4
1309877233.21,8.0,0.02425942
1309877353.33,7.83,15
1309877473.46,8.201,16.02365565
1309879455.14,7.8303,15.0
1309879515.19,7.82611695652,23.0
1309879755.38,7.875,0.1
1309879815.43,7.8225,1
1309881076.5,7.80013501769,19.3308
1309881136.56,7.61558311688,7.7
1309881196.62,7.60105555556,16.02
1309881256.67,7.6,7.68
1309881316.74,7.46771903343,6.042
1309881436.86,7.3,7.63047602
1309882097.37,7.9,0.1
1309882457.7,7.45,1.85
1309882818.01,7.45,4
1309882938.13,7.95,0.1
1309883418.51,7.6593,0.005
1309884979.9,7.45,4.15
1309886120.86,7.6007,0.10130633
1309886180.91,7.6007,0.23156785
1309886661.19,7.7579,9.5
1309886781.27,30.0,0.01
1309887081.54,7.427,19
1309887141.56,7.427,7
1309887261.67,7.3,3
1309887321.73,7.3,20
1309887381.79,7.8,0.1
1309888522.79,7.505,10.0
1309888943.05,7.95,0.4
1309889963.94,7.52125,10.0
1309890204.17,7.501,5
1309890324.29,7.501,0.1333164
1309890864.71,7.4989,0.1166836
1309891104.9,7.5,20
1309891525.32,7.5,16.25
1309891705.5,7.4444,9.9
1309891825.63,7.4431,8.78
1309891885.68,7.388,0.92
1309892005.75,7.31412809336,1.76952398
1309892065.81,7.1429,1.4
1309892125.88,7.05,5
1309892185.9,7.00484151118,30.90047602
1309892305.98,7.0,1.3
1309892906.55,7.0,0.00095255
1309894107.62,7.0,1
1309894167.68,7.0,2
1309894287.8,7.0,5
1309894588.53,7.32740064014,1.95166351
1309894828.78,7.05296044568,17.95
1309895068.98,7.86943907135,1.30886075
1309895129.0,7.0,3.1
1309895609.45,7.4747,0.1000007
1309895909.71,7.4747,1.1
1309896029.83,7.4747,9.7999993
1309896209.93,7.5121,3.0018172
1309896690.34,7.5121,26.62365591
1309896990.63,7.5121,6.65591397
1309897050.69,7.5121,10.00011139
1309897110.75,7.5121,13.31182795
1309897170.8,7.5121,2.30667358
1309898071.48,7.8,0.2
1309898251.66,7.9,4.39113925
1309898431.85,7.98444444444,0.45
1309898852.12,8.0,1.0
1309898912.16,8.0,5.5
1309898972.22,8.0,4
1309899032.28,7.9949,0.25877089
1309899092.35,8.0,2
1309899212.47,8.0,1.0375
1309899332.58,8.2,1
1309899392.63,8.29209409688,7.3481707
1309899692.92,8.4,2.94027365
1309902034.78,8.10312340883,9.51
1309902154.85,8.1,4.05
1309902214.91,8.1,10
1309902335.03,8.1,10
1309902395.08,8.1,10
1309902455.13,8.1,30
1309902515.2,8.10242990123,7.81924786
1309904196.4,8.0876,10.00015211
1309904256.42,7.7,0.259
1309904316.46,7.7,4.741
1309904736.84,7.7,10.61298701
1309904856.95,7.7,40
1309905277.34,7.7,2.45
1309905397.42,7.7,2.40012218
1309905517.54,7.7,100
1309905637.65,7.7,90
1309905757.77,7.7,7.5
1309905877.82,7.7,2.29589081
1309905937.88,8.0,0.01
1309905997.94,7.7,0.70410919
1309906058.0,7.61,1
1309906118.06,7.6005,20
1309906358.24,8.05,1
1309906418.3,8.09,3.09023485
1309906478.36,8.0895000309,20.00123609
1309907258.93,8.0758,10.03
1309910501.51,8.0,6.25
1309911282.19,8.08,0.86030654
1309911402.29,8.08,0.01237623
1309913804.12,7.7157,0.11
1309914164.39,7.61,0.68
1309914464.68,7.61,2.1
1309915905.92,7.9216,10.099
1309916146.16,7.9244,2
1309916806.69,8.09514728132,58.03584629
1309918788.3,8.1,0.108
1309926354.44,8.8,1
1309938497.08,8.97371839712,11.14365256
1309938917.31,8.97,8.91861761
1309940358.08,8.98525422485,2.22586913
1309940838.4,8.9286,0.3
1309941558.9,8.9286,0.26
1309942279.49,8.99,0.73047831
1309942339.55,8.9928,1.77859852
1309942459.64,9.0,0.55555555
1309942519.69,9.0004,0.27092317
1309942639.78,8.56,10
1309942759.9,8.9631,0.06907683
1309943300.15,9.0,1.44444445
1309943540.34,9.00591923333,10.0
1309943660.45,9.0036,0.21555555
1309943720.51,8.9999,9.78444445
1309946302.12,9.0,4.53288888
1309946362.14,9.0,0.46711112
1309946902.42,8.5965,1.90775315
1309947082.56,8.5965,0.08
1309948403.56,8.5965,13.30414539
1309949184.15,8.5965,9.99243878
1309949424.33,8.5965,74.79566268
1309949784.51,8.6439,13.30414539
1309952606.37,8.8889,2.25
1309953086.63,8.6357,14.66
1309953146.69,8.1442,1.1497017
1309953206.75,8.8872,2.64425392
1309953446.87,8.87,0.10033821
1309953686.97,8.87,0.10033821
1309953867.15,8.87,0.43517474
1309954287.53,8.87,0.1
1309954467.71,8.87,12.96505073
1309954587.78,8.8699,0.4000045
1309954767.91,8.86997181933,8.74974595
1309954887.99,8.89672798107,5.61508928
1309956329.04,8.9495,0.1
1309956449.16,8.9495,3.35213414
1309956569.19,8.9495,2.79344512
1309956749.23,8.9495,1.00005335
1309957049.38,8.9495,7.37469512
1309957109.43,8.99899838662,2.00022252
1309957409.58,9.0,0.03944975
1309958250.11,9.0,1.96055025
1309958610.42,9.09952794379,5.00054335
1309958910.7,8.9792,0.00491072
1309959150.83,8.85,1
1309960291.58,8.8859,0.717
1309960351.63,8.99988201334,5.0000655
1309960831.97,9.0009,0.0994345
1309961012.15,9.18857571636,9.79479887
1309961192.24,9.18291911627,0.96418387
1309961492.46,9.2276749965,1.02301295
1309962032.96,9.2308,0.10889737
1309963713.96,9.22,12.2
1309965334.72,9.2308,0.25000094
1309965514.75,9.2308,0.1000025
1309966234.9,9.225,0.1
1309966655.02,9.2308,1.000025
1309967015.1,9.23607383571,0.8840706
1309967075.16,9.29,0.32945219
1309967195.18,9.35,0.03251336
1309967315.2,9.3458,0.95
1309967615.3,9.35,2.26748664
1309967735.32,9.488,2.47464529
1309967795.33,9.49535592196,6.52535471
1309967855.34,9.5021,0.033
1309967915.35,9.5088,2.67319438
1309967975.37,9.4877,0.25
1309968035.38,9.5088,2.80427457
1309968275.42,9.5,0.55000544
1309968455.44,9.5088,0.52582931
1309968695.49,9.5088,1.05165862
1309968995.55,9.50712674725,1.05184348
1309969115.57,9.5088,0.19981513
1309970316.25,9.5088,0.33232412
1309970856.53,9.5083,0.00062082
1309971997.5,9.96349613696,22.58242575
1309972477.92,10.0,2.55925
1309972537.98,10.0,4
1309972598.03,10.0568732644,3.33105549
1309972898.28,10.0,0.00072
1309973798.96,10.0,3.44003
1309975060.12,10.28,2
1309975120.16,10.29,2
1309975240.28,10.2755620591,1.10164296
1309975300.33,10.2829,0.14
1309975780.76,9.6154,1.29
1309975900.88,9.625,0.96
1309977221.92,10.0005,9.9995
1309977582.25,9.62,1
1309977882.52,9.6154,3.90937918
1309977942.59,9.6,0.00075
1309978002.65,9.497,10.76451611
1309978362.96,9.497,0.03301762
1309978483.09,9.4965,2.4525
1309978543.14,9.5,1
1309978603.2,9.49715102083,12.0
1309979083.66,9.5,1
1309979143.72,9.4966,1.7
1309980704.91,10.0,10
1309981485.47,9.85,0.1
1309981605.59,9.8,0.5
1309981845.8,9.8851,0.87
1309982266.19,9.99700293798,10.00980287
1309982806.59,10.0,0.1
1309983707.22,9.6,0.26041666
1309983887.4,9.6087,0.46
1309984127.64,9.6667,3
1309986230.04,9.696773873,1.0
1309986530.36,9.6,0.5
1309986770.6,9.6,0.46773873
1309986830.67,9.45,2
1309987070.92,9.47747523622,0.26378341
1309987431.28,9.31,1
1309988452.29,9.31,1
1309989533.32,9.3,0.033
1309989773.55,9.3,0.967
1309990073.85,9.275,0.1
1309990133.91,9.3,8.033
1309990374.15,9.25,8
1309990674.45,9.2162,0.0333
1309990914.69,9.216,0.10199652
1309990974.75,9.10422467767,4.0
1309991875.62,9.05,1
1309993256.57,9.2797,0.1
1309994397.5,9.05,2.61
1309997219.89,9.499,1.05274239
1310004606.28,9.4877,1
1310004966.53,9.4877,2
1310006227.72,9.499,15.7911359
1310013134.34,9.49919394422,5.15612171
1310016677.39,9.4877,0.58
1310023222.84,9.48516411765,1.7
1310026946.51,9.3,0.1
1310030069.58,9.4745,0.1
1310030189.69,9.4745,0.1
1310030610.11,9.4745,4.6
1310031090.57,9.4745,0.3
1310033853.35,9.4681,0.7
1310034153.64,9.4867,0.50000281
1310035595.03,9.434,0.53
1310036255.69,9.47504617585,5.00631684
1310037036.46,9.2,0.5
1310038117.52,9.3,0.2
1310038537.93,9.4,0.4
1310038658.05,9.4,0.1
1310038958.35,9.4854,0.85368035
1310040760.14,9.55901733333,1.5
1310041661.03,9.7835,0.12631965
1310041841.21,9.18,2.0
1310043222.55,9.6,0.02083333
1310044003.29,9.2622,0.5
1310044603.89,9.2297,0.10000076
1310044724.01,9.07884315353,0.6025
1310045624.88,9.22,0.3
1310045744.99,9.1138,0.13999924
1310045925.17,9.45,0.5
1310045985.23,9.5395,1
1310046045.29,9.66990339194,10.031124
1310047847.01,9.25,0.6
1310048868.02,9.5714,1
1310048988.14,9.6899,0.2000516
1310052231.31,9.3235,0.5
1310052531.6,9.3,6.49
1310057276.17,9.3602,0.5
1310057936.62,9.3601,0.26709002
1310058236.89,9.3601,2.09290998
1310064302.21,9.38,0.5
1310064842.75,9.434,6
1310065143.04,9.4968,1.55
1310065803.48,9.39979074074,9.936
1310065923.55,9.355,2.13789417
1310067064.56,9.59,2
1310067124.62,9.6,1.55
1310067665.08,9.5,0.2
1310067845.23,9.5969,0.5
1310068205.53,9.5969,4
1310068926.1,9.51204886165,5.71
1310069646.76,9.4877,5.27
1310074750.87,9.4875,0.25085638
1310074810.87,9.1906,0.00593
1310074870.88,9.19,4.99407
1310078436.22,9.10095,2.0
1310078616.39,9.101,3.43589743
1310079276.88,9.1015,0.99324161
1310079397.0,9.101,0.03
1310079517.1,9.11,5
1310079637.18,9.101,0.48590201
1310079937.48,9.2483,2.9
1310080357.79,9.08,3
1310100116.85,9.29973654826,64.51796025
1310105762.44,9.3985,5.32
1310114050.76,9.1743,5.45
1310114531.24,9.37741734248,27.72618414
1310115432.14,9.1996,5
1310115672.38,9.1996,0.00598967
1310115792.5,9.1996,0.1
1310115852.56,9.39459605258,4.79
1310115972.69,9.1996,1.98423399
1310117414.44,9.1996,14.64
1310118135.16,9.1996,0.00977634
1310118615.65,9.1904,4.99022366
1310118675.8,9.1912,5
1310118916.04,9.1956,0.88977634
1310119336.46,9.10910177,5.0
1310119396.52,9.0909,1.15531349
1310119516.8,9.0909,5.94073651
1310119636.92,9.0611,0.3046
1310119696.98,9.1141,1
1310119757.17,9.07758537412,2.74000357
1310119938.38,9.0566,0.89999643
1310120058.5,9.0452,1.99
1310120178.62,9.009,5.55
1310120659.09,9.0005,0.2111
1310120839.27,9.0,10
1310120899.33,9.0,0.00333333
1310120959.39,8.934975,11.2
1310121199.69,8.9928,5.56
1310124983.73,9.17460677083,5.76
1310125103.84,9.1828,10.58
1310126124.85,8.93,4.31867861
1310126845.48,9.189,10
1310126905.81,9.19,0.88248095
1310127926.85,9.19758844604,4.34896623
1310127986.92,9.2,0.54347826
1310128227.16,9.2094962228,2.17167145
1310131230.73,9.0984,12
1310131771.18,9.0984,0.09
1310132071.48,8.9286,1.32936854
1310132251.66,8.8844673683,59.813
1310132311.72,8.8,0.10113636
1310132371.78,8.8,0.29
1310132551.91,8.8,2.27272727
1310132792.13,8.64548851968,32.69313637
1310132912.25,9.0,1
1310133092.43,9.0107,2
1310133152.49,9.0191,1.28
1310134473.85,8.9,3
1310134954.33,8.8968,0.3
1310135194.76,8.8968,3.0
1310135375.02,8.8977,2.43434938
1310136035.63,8.8977,2.25565062
1310136816.34,9.0909,3.90333245
1310137717.37,9.0909,0.105
1310140960.5,9.0909,0.03
1310143542.96,9.136,1.77429947
1310145525.0,9.1292032376,8.07166755
1310148527.74,9.0297,13.833184
1310149368.54,9.0307,0.1
1310149788.86,9.03086777728,5.0
1310150029.09,9.0253,3
1310150329.34,9.0314,0.50000088
1310150389.4,9.0253,0.216816
1310151470.54,9.0,0.09434004
1310151590.74,9.0,0.00111111
1310151830.97,8.9,0.06
1310152371.51,8.9,0.04
1310153272.41,8.9,1.1235955
1310153692.82,8.8968,0.01
1310153812.98,8.9,1.1235955
1310153873.04,8.9,0.66179775
1310153993.16,8.9,0.56179775
1310158438.5,8.9,0.10725229
1310159940.01,8.9,2.38196121
1310160060.13,9.0,2.97444445
1310161862.24,8.95,21.5
1310162042.42,8.95,0.2
1310162582.96,9.0,8.74573083
1310162883.26,8.95,10
1310164144.9,8.95,4.6
1310164505.26,8.95,0.2
1310167388.16,9.0,0.4
1310174115.51,8.95,1.3
1310177178.76,8.95,0.01
1310181082.76,9.0,0.37777777
1310193756.91,8.95,7.03
1310194117.25,8.95,0.0080055
1310194237.37,8.9003,7
1310194417.55,8.9003,14.62
1310201564.54,8.8968,0.308
1310203246.14,8.975,0.1
1310204387.19,8.976,2.78520499
1310205107.9,8.976,2.77852049
1310206068.98,8.9,0.1
1310206189.14,8.8968,21.9
1310206609.94,8.888428,1.0
1310206730.05,8.88121215246,0.89271281
1310207210.5,8.84096795,2.0
1310208291.65,8.85,0.2
1310208591.95,8.8,20
1310210754.12,8.8,5.50536363
1310211234.59,8.8,11.36363636
1310212255.55,8.8,60
1310213637.05,8.8,3.13100001
1310218021.6,8.7873,0.15
1310218081.66,8.77013045361,4.85
1310221444.57,8.7701,0.10728719
1310221504.63,8.99556591644,10.00494118
1310221624.73,9.0,5.00000089
1310221684.79,9.0,1.05792913
1310221804.91,9.02547033786,36.02411376
1310222465.57,8.871,4
1310224207.07,8.95047865741,1.07037275
1310226909.54,9.029,0.87
1310230753.04,9.03,0.66445182
1310232494.52,9.029,0.09031537
1310232614.64,9.029,3.8
1310234536.37,9.029,1.1
1310239580.83,9.0097,0.2
1310244325.07,9.01990909091,1.1
1310246366.79,9.0253,0.1
1310249309.15,9.0253,4
1310250510.04,9.0288,0.1
1310250690.1,9.0288,0.1
1310252852.01,8.84169563669,4.18794087
1310252912.06,9.0476,10.5
1310253392.54,9.15,1
1310254654.17,9.1608,0.45
1310257657.03,9.04457275,2.0
1310258137.51,9.04,1
1310258257.63,9.04,17.455
1310261982.22,9.08,1.27533039
1310275073.75,9.08,8.72466961
1310279698.56,9.0827,2.25
1310279758.62,9.03108694713,23.0
1310280058.92,9.03,0.03533039
1310280118.98,9.0253,17.8
1310284804.11,9.03,32
1310285224.52,9.03,15
1310286065.41,9.03,7
1310287747.29,9.16816636672,1.09073064
1310288888.54,9.03,0.1
1310292972.98,9.03,0.1
1310297958.26,9.16679162293,1.09089422
1310298078.38,9.17,1.01837514
1310298378.7,9.18,1
1310298498.83,9.2,0.1
1310298558.88,9.3,1
1310298618.95,9.385,1
1310298859.24,9.385,0.52162486
1310300240.53,9.385,1.0
1310300360.64,9.42110581365,6.00831877
1310300420.69,9.49255123274,8.00627979
1310300841.11,9.5,10.52631579
1310301802.04,9.49947003068,20.00115789
1310302762.94,9.5,0.38949728
1310304324.39,9.5007,16.115
1310304504.56,9.5007,73.285
1310305285.25,8.8058,1.5630055
1310305405.35,9.7752,3.7069945
1310305465.41,9.4392,1.56
1310305525.44,9.4392,8.93
1310305585.5,9.4392,2.5
1310305705.61,9.4392,3.23
1310308888.46,9.33,2
1310310089.63,9.3952,2
1310315134.25,9.4,1
1310315434.54,9.4,2
1310315554.66,9.3952,3
1310319278.29,9.3952,0.66137276
1310319338.35,9.3952,0.1
1310319878.86,9.3952,2
1310320299.27,9.3967,2.00000708
1310320359.33,9.3952,2
1310320719.69,9.3952,0.58862724
1310320899.85,9.3951,22.90137276
1310321200.07,9.396,2
1310321260.13,9.3967,0.99999292
1310322521.11,9.39733346706,1.00000708
1310322581.17,9.397,0.16601042
1310322881.39,9.396,0.13976129
1310324082.13,9.397,1.06416941
1310328044.24,9.397,1.27518777
1310328224.38,9.2069,2.9
1310330145.65,9.397,1.17058635
1310332006.38,9.35,1
1310332606.6,9.35,1
1310333026.79,9.35,9
1310335608.86,9.351,3.914
1310335969.11,9.39624829725,16.66403897
1310336689.75,9.35,1
1310337650.67,9.35,7
1310337830.85,13.5,0.1
1310339752.44,9.2509,7.075
1310339812.5,9.2476,0.97100106
1310339932.61,9.2476,1.12899894
1310339992.67,9.2,1.6
1310343235.57,9.2475,0.9292
1310345757.95,9.2,5.15229531
1310346238.29,9.48979274296,2.10752792
1310354526.3,9.2018,1.14
1310361194.19,9.2,3.2
1310361314.31,9.17542478031,1.09
1310361494.49,9.1743,0.04770469
1310362635.4,9.4995376884,1.04847208
1310364916.39,9.11,0.02
1310366177.65,9.11,0.48
1310366357.84,9.086,0.93
1310367859.53,9.1,0.54
1310369361.03,9.498,0.3
1310369421.09,9.49948859568,3.9108
1310371343.05,9.45552810385,2.25841891
1310371463.17,9.4597,1.35158109
1310373685.99,9.49995250024,2.10527368
1310373866.17,9.4877,5.27
1310375307.86,9.21,0.5
1310375608.16,9.21,7.5
1310379392.19,9.3,10
1310380052.85,9.3,8.5376344
1310380353.15,9.3,10
1310380473.27,9.3,21.4623656
1310381554.54,9.25017763238,20.0
1310384317.63,9.4595,0.5
1310384738.47,9.4595,3.19519
1310386780.5,9.4595,0.00481
1310387260.98,9.3721,0.1
1310388582.85,9.45,3.7037037
1310388702.98,9.3721,1
1310389123.4,9.25040878176,19.6
1310390865.27,9.25,2.12
1310390925.33,9.21504488959,2.93
1310390985.39,9.19548429662,0.8737579
1310391405.8,9.12579371898,2.74
1310391946.4,9.09142295567,11.0
1310392006.47,9.0909,29.903447
1310392126.58,9.085,9.931747
1310394228.72,9.02179567757,35.0
1310394529.05,9.02,37.97
1310394709.23,9.01,47.7
1310394829.35,9.01,4.85133411
1310395189.71,9.01,25.14866589
1310395309.83,9.10666666667,0.6
1310395610.13,9.40361074471,10.63422
1310396210.73,9.4416,1.01
1310398193.14,9.01,2.18
1310398733.68,9.2512,1.93639746
1310398853.8,9.4,8.72340425
1310398913.86,9.4,1.06382978
1310399934.87,12.358,0.06360254
1310399994.93,9.0196,0.1
1310401136.21,9.0196,1.293
1310401316.38,9.0212,0.3995034
1310401436.5,9.0212,0.7089966
1310404619.8,9.3458,2
1310404679.86,9.3458,1
1310405040.22,9.3458,1
1310405160.34,9.3458,3.74
1310405220.4,9.3458,0.709
1310405340.52,9.3458,1.2295
1310405580.75,9.3458,9.5815
1310406181.41,9.1398,0.93
1310406842.06,9.3349,8.57
1310407142.36,9.02,1
1310407682.91,9.02,1
1310407742.97,9.02,1
1310407863.08,9.0196,1.157
1310408103.48,9.01176893772,39.93639746
1310408223.6,9.0101,2.81824546
1310408403.78,9.01,3.5329559
1310409785.45,9.01,7
1310410205.87,9.01,3.00003329
1310410325.99,9.01,0.04209445
1310410566.47,9.01,2.00002219
1310410686.59,9.01,7.48567678
1310412188.31,9.00985999658,22.54
1310413750.05,9.009,4.61432286
1310414711.01,9.00015163002,3.957
1310414831.13,9.0,1.25
1310414891.19,9.0,5.293
1310415611.91,8.9953,0.92021975
1310416813.45,9.0,0.99
1310417714.49,9.0,3.01
1310417834.61,8.9953,1.18978025
1310417894.67,8.9851,2.44047984
1310418014.79,8.9851,0.40952016
1310419095.86,8.9849,0.58047984
1310420597.44,9.0,1.6
1310420837.68,9.0,1.45
1310420897.74,8.9286,11.2
1310421318.16,8.92,30
1310422339.16,8.95,1.159
1310422399.22,8.95,0.14
1310423000.1,9.0089,66.93567714
1310423420.52,9.02,2.5
1310426123.14,8.95019642857,10.0
1310427384.4,8.95,1.11
1310431167.88,9.0653,3.79025682
1310454706.98,9.2764,2.85
1310454947.18,9.2764,40.8
1310457349.14,9.2764,10
1310460051.51,9.2764,0.25
1310461192.45,8.98,0.1
1310461372.59,8.9769,0.10000029
1310461432.61,8.95210185185,21.6
1310461792.8,8.97661914849,1.09999971
1310463534.19,8.955,0.5
1310464795.05,9.24576884321,1.0815761
1310465575.67,8.96,2
1310465635.72,8.95,17.12346207
1310465875.9,8.9344,1.112
1310465996.0,8.95427534229,4.35880522
1310466716.5,8.9626,5.64119478
1310466896.66,8.9644,5.64119478
1310467437.12,9.24015956579,10.82232
1310471520.69,8.92583333333,12
1310474283.55,8.9968,4.00030227
1310474343.61,8.9928,16.68
1310475124.39,8.9968,9.30217553
1310475785.05,8.9968,2.22300765
1310476565.83,8.9325,0.5
1310476625.89,8.9325,1
1310477947.4,8.9325,20.93742282
1310478247.7,8.9325,1
1310479208.66,8.9325,76.0004478
1310479448.9,8.9325,0.5
1310479689.14,8.99656090598,16.70856973
1310482752.4,8.9325,0.3
1310484374.02,8.9325,0.09513015
1310485034.68,8.9317,11.42
1310485094.74,8.93,1.2989922
1310485515.18,8.94644274544,0.56223134
1310486115.78,8.95,0.09776866
1310486356.02,8.9623,0.10486985
1310486776.44,8.9626,4.03736149
1310487016.87,8.926,10
1310487317.17,8.9968,0.06168522
1310487497.35,9.0476,4.2
1310487557.49,9.1,1.4
1310487737.66,8.999,9.93831478
1310487797.72,9.23722941575,21.54329004
1310489239.29,8.9767,5
1310489720.01,8.977,10
1310491581.99,8.9767,0.4
1310492122.53,8.9973,1.37421956
1310492182.59,8.9973,4.89195671
1310492362.77,8.9973,0.35416304
1310494404.93,9.0,11.11111111
1310494885.41,8.9973,0.65966069
1310495966.6,8.9767,0.17
1310497708.73,9.0,88.88888889
1310497768.79,9.077,10
1310498069.09,8.932,0.402
1310498129.15,8.932,1.00089565
1310498189.21,8.931,0.15
1310498309.33,8.932,48.59710435
1310498789.81,8.94,1
1310501372.39,9.905,0.40289565
1310505396.83,9.15771057026,1.09197498
1310505697.13,9.1717,1.09030526
1310506057.49,9.1556,0.17771976
1310506477.91,9.1556,3.79
1310506537.97,9.1556,5.86228024
1310506718.15,8.9501,111.73
1310507138.48,8.9501,8.00010428
1310507679.02,8.931,5.65
1310507859.2,8.9286,1.68
1310507979.32,8.928,3.88552867
1310508279.62,8.925,5.806722
1310508940.23,8.92552235112,9.993278
1310509480.77,9.6691,0.006722
1310510561.86,8.9127,0.561
1310510621.92,8.91,1.87665544
1310510742.04,8.9047,11.23
1310510802.1,8.9,1
1310510862.16,8.926,7.50616177
1310510922.22,8.926,1
1310511042.34,8.926,10.19493614
1310511342.64,8.926,1
1310511763.09,8.8496,1.695
1310511883.21,8.8482,12.31271161
1310512303.67,8.926,5.00112032
1310512603.97,8.9088,0.29105977
1310512724.09,8.8482,6.78728839
1310512844.21,8.8,1.75
1310512904.27,8.72,20
1310513024.39,8.8,1.25
1310514105.64,8.72,10
1310516120.73,8.7845,1.02453312
1310518942.55,8.7875,27.42546688
1310525307.59,8.72,10
1310537497.54,8.8476,2.26049812
1310537917.95,8.8476,1.13024906
1310538998.76,8.8476,11.30249062
1310539238.92,8.8235,0.158
1310539479.16,8.8235,0.53
1310540439.98,8.8235,0.332
1310540560.07,8.72,10
1310541520.84,8.72,3
1310541941.23,8.7342,0.158
1310542601.86,8.8476,1.00027042
1310542842.04,8.8476,4.00108168
1310544103.17,8.8476,0.64989322
1310545003.81,9.01171386761,16.64499375
1310585779.16,9.3295,0.01464738
1310587100.28,8.87,0.00564102
1310591003.67,8.87,0.10000113
1310591724.29,8.8700072165,10.66999887
1310594546.72,8.93620390714,20.14275386
1310594846.98,8.9283,0.60000113
1310595087.19,8.87,0.67548899
1310595207.31,8.8554,0.1
1310595267.37,8.8522,0.10003191
1310595387.49,8.8235,0.34
1310595447.55,8.7601,3.28447797
1310595687.75,8.855,0.50000547
1310595747.8,8.855,0.50000547
1310596047.94,8.855,0.50000547
1310596108.0,8.855,0.50000547
1310596168.06,8.855,0.50000547
1310596228.12,8.855,7.39997265
1310596288.18,8.9367,0.50000001
1310596348.24,8.9367,0.50000001
1310596408.3,8.9367,0.50000001
1310596468.36,8.9367,0.50000001
1310596528.37,8.9367,0.50000001
1310599050.6,8.857,1
1310599170.72,8.857,1
1310599290.83,8.857,8
1310599471.01,8.86,0.88474681
1310600912.25,8.855,10
1310607818.56,8.85505697,10.11525319
1310631055.95,8.86197368421,1.52
1310641921.86,8.91428571429,0.7
1310641981.9,8.9286,9.32353601
1310647625.25,8.8651480096,4.999
1310648105.45,8.8649,1.1
1310648405.55,8.8649,5.001
1310650447.13,8.92851496679,4.23364
1310650927.55,8.865,0.2
1310654530.38,8.85647337271,11.07460379
1310654830.58,8.86,2.1
1310658553.43,8.861,0.1
1310659093.95,8.8849,2.01014302
1310659574.38,8.8583,1
1310660174.81,8.7581773885,29.4
1310660655.1,8.86006219529,14.10825635
1310661856.03,8.69602505369,7.45
1310661976.08,8.865,1.52160063
1310662216.32,8.6959,29.2418
1310664737.66,8.6959,1.00046956
1310665037.8,8.6959,0.229993
1310665398.06,8.6957,2.53
1310665698.35,8.6959,0.58073233
1310666779.1,8.6959,1.877
1310666839.1,8.6959,0.4676
1310666899.16,9.23055490766,1.21957171
1310667259.4,8.6959,11.49965021
1310668580.13,8.6959,5.55022505
1310668640.18,8.69576994797,23.28531678
1310668820.32,8.6892,1.55604974
1310669120.52,8.68002441946,91.90796183
1310669720.92,8.68,0.01
1310670081.2,8.68,0.24395026
1310670321.33,8.68,2.92193601
1310671221.88,8.6956,0.17
1310671281.94,8.6957,0.67
1310671341.99,8.6957,0.6
1310671401.99,8.6957,4.09357437
1310672242.54,8.6959,5.96601853
1310672842.81,8.681,0.2
1310672902.87,8.68110645649,5.31697365
1310674644.08,8.68,1
1310674884.15,8.68,10
1310675184.39,8.68,0.25
1310675424.6,8.68,18.41013351
1310677225.92,8.6237895,20.0
1310677766.29,8.62062966219,1.0
1310678366.73,8.62220617284,4.05
1310678907.16,8.6616,2.01330127
1310679387.51,8.65700582563,10.0105038
1310681488.33,8.625,0.1
1310681608.4,8.625,0.5
1310682028.66,8.6616,9.73730604
1310682508.87,8.695,0.2
1310683709.63,8.65,10
1310685571.38,8.6959,30.00028749
1310687012.75,8.6959,57.29827217
1310689775.39,8.6959,11.49965021
1310715417.39,8.6959,1.5134242
1310716138.19,8.6959,0.4115023
1310717880.75,8.6957,7.71
1310718782.17,8.86322471409,9.98540909
1310719983.89,13.5175,0.01459091
1310720344.25,8.8969,0.5
1310720404.31,8.8969,3.878
1310720584.49,8.8969,2
1310722326.52,8.9,0.3
1310722446.64,8.925,3.39344781
1310722686.88,8.7,0.09
1310725690.7,8.7,9.91
1310726771.78,8.65,1.01
1310727372.49,8.7,24.82800246
1310728093.52,8.7,0.1
1310728153.58,8.7,0.3
1310728694.34,8.7,20.0229885
1310728874.51,8.7,30
1310729234.87,8.65031152648,32.1
1310729535.19,8.68868617647,17.0
1310732298.22,8.7,0.30689655
1310734340.28,8.7,0.28735632
1310736322.87,8.69717370961,10.00321839
1310738364.89,8.6957,3.45
1310738424.95,8.65,4.34
1310738545.31,8.63158917872,5.79374276
1310738785.54,8.63,0.10322077
1310738965.7,8.62116808899,234.31303647
1310739686.42,8.7,0.57471264
1310740467.43,8.7,1.30682514
1310740527.49,8.7013,3
1310741008.04,8.7016,5.86317486
1310744431.75,8.69995000029,10.00005747
1310745693.63,8.69924997845,1.99994253
1310745753.69,8.71089048538,10.01046657
1310745933.87,8.7,3.4795
1310745993.93,8.7003,4.52055747
1310746474.39,8.65320930263,8.94167683
1310746654.88,8.625,11.5942
1310746775.0,8.6236,6.318
1310746835.06,8.6,1
1310746955.18,8.61429719548,2.31133191
1310748516.75,8.5985,4
1310751159.38,8.69809316045,0.77944253
1310752480.79,8.7299,10
1310752540.85,8.7299,9
1310752660.97,8.7299,1
1310753021.33,8.7096,6.11055747
1310753201.8,8.6139,0.303
1310753261.86,8.6002,5.09176713
1310753682.28,8.72991175105,21.53
1310754042.67,8.7336,6.43738997
1310754102.73,8.7336,0.1
1310754703.33,8.7336,0.5
1310755964.59,8.7336,6.53738997
1310756264.89,8.7336,6.54261003
1310756385.01,8.7336,4
1310756745.37,9.2574,0.15261003
1310756865.49,8.61,1.75841891
1310756925.55,8.6002,3
1310757045.66,8.6004,4.77897106
1310757646.26,8.6002,0.55
1310759808.71,8.73882522349,0.57215928
1310761490.49,8.60774091,10.0
1310766055.48,8.6007,0.50000232
1310766956.39,8.6002,1
1310768338.22,8.60035575534,10.0
1310775185.26,8.6004,3
1310775545.63,8.6004,1
1310779690.2,8.6004,28.96523644
1310781431.93,8.57,4
1310781491.98,8.547,1.50042273
1310783233.88,8.547,2
1310796748.15,8.547,1
1310802334.18,8.6007,7.67727711
1310802514.36,8.64,0.1
1310802634.48,8.6418,0.5
1310803054.9,8.64754682657,4.39609722
1310806057.77,8.53717546126,10.0
1310806958.64,8.51082,2.0
1310810622.12,8.5106,3
1310812063.35,8.51132222222,2.25
1310813624.69,8.6207,1.16
1310814105.16,8.5862,1.16
1310815066.04,8.5837,1
1310816387.22,8.5837,0.165
1310816807.61,8.547,0.25
1310817588.36,8.547,0.585
1310819089.8,8.52215738397,4.74
1310819149.86,8.5128,1.17
1310819570.19,8.5124,3.63
1310820350.95,8.6206,5.14
1310820951.54,8.6207,0.45
1310821191.72,8.6207,0.30000232
1310822933.26,8.646,1.15660421
1310823714.03,8.64599500058,10.00116238
1310824554.84,8.64,4
1310824735.02,8.6208,3.38999768
1310825575.8,8.6207,1.16
1310825695.92,8.547,1.17
1310827978.14,8.52,10
1310828879.01,8.646,0.79458709
1310830020.1,8.50229685644,14.66
1310830500.55,8.4906,1.77
1310830620.65,8.4906,0.295159
1310830740.76,8.4906,0.59
1310830920.9,8.27263803411,75.0
1310831221.17,8.5106,42.782
1310831761.71,8.5106,5
1310831881.83,8.5106,3.74769604
1310832182.13,8.5106,21.32030396
1310834524.24,8.5107,1.17499148
1310834644.34,8.5107,6.46245314
1310836145.61,8.3,0.1
1310836205.66,8.3001,4.9
1310840589.65,8.27181754865,16.46004811
1310846835.48,8.4631,2.83572463
1310846955.58,8.5099,13.84270085
1310847015.64,8.5099,6.15729915
1310847856.45,8.5108,13.84
1310851279.68,8.5106,9.4
1310852480.86,8.4211,9.5
1310852781.14,8.4207,8.32
1310853201.54,8.5895,1.1
1310853682.02,8.3868,5.58114182
1310854162.5,8.38670952381,2.1
1310855243.54,8.3867,20.00000112
1310856204.55,8.3684,0.1000008
1310856564.9,8.3684,25.00109753
1310856805.11,8.3684,10.00008052
1310856985.29,8.3684,24.25782811
1310857225.52,8.3684,69.23257637
1310857705.97,8.3708,0.37511409
1310886413.52,8.36,0.5
1310888095.09,8.36,9.5
1310889176.13,8.262,9.69
1310889476.43,8.262,2
1310892179.23,8.3,0.4
1310893800.82,8.3,29.6
1310893920.94,8.262,1.65
1310897164.19,8.2178,0.404
1310897284.3,8.22,3
1310897404.42,8.2143,0.63
1310898005.02,8.17,1
1310900227.23,8.17,1.49000898
1310900347.35,8.17,0.1000006
1310902209.25,8.06873375,20.0
1310902990.02,8.17,15.05517033
1310903891.0,8.20639016521,43.08739759
1310905332.42,8.1699,6.71482009
1310906714.11,8.01015153811,6.599
1310906954.35,8.01,10.31732
1310907254.65,8.0,12.5098895
1310907615.0,8.01,0.5
1310907915.29,8.01,15
1310908035.41,8.01,12.4843945
1310908155.82,8.01,0.5
1310908696.36,8.0,7.26
1310908936.6,8.01,0.1
1310909056.72,8.00014960471,7.25737592
1310909236.9,8.0,7.9951105
1310909357.02,8.01,21.01123595
1310909537.19,8.01,2
1310909657.36,8.01,0.16074513
1310909837.52,8.01,0.1
1310909897.58,8.01,2
1310910077.76,8.01,0.1
1310910137.82,8.01,2
1310910378.06,8.01,0.53
1310910558.24,8.01,20.50569288
1310911218.92,7.9806,7.51826986
1310911459.1,8.00887075835,30.76371642
1310911519.17,8.01,15.50102284
1310911699.35,7.98,14.48
1310911759.41,8.01,19.97503121
1310912119.77,8.01,0.1
1310912359.99,8.01,24.96878901
1310913080.7,8.01,22.5
1310914161.77,8.0,0.23788758
1310914221.83,7.8599,0.15775181
1310915603.19,7.9983,2.00293675
1310915783.41,7.9903,0.05217567
1310917104.88,8.0099,0.06367348
1310918005.77,8.0,0.1
1310920588.76,8.0568,0.1
1310920708.88,8.0,2
1310920768.94,8.0,1
1310920889.06,8.0,1
1310925573.96,7.83705196528,4.72
1310934103.05,7.73,1
1310934763.71,8.0,2.5
1310935784.73,8.0,2.00125
1310935965.01,8.0,0.458
1310936145.3,8.0,19.5
1310936385.54,8.0,10
1310941430.71,8.1,10
1310941791.07,8.24722222222,4.5
1310941971.25,8.26930002606,1.00007213
1310942091.37,8.2698,1.4510629
1310947017.01,8.0,1
1310947077.07,8.0,5.363
1310947437.48,8.0,1
1310951882.2,8.2,1
1310952362.68,8.3749,50.00030448
1310957587.97,8.37494071986,9.82321701
1310958248.63,8.4543,0.47678299
1310969841.79,8.2,1.46367348
1310970562.54,8.2,0.53632652
1310972244.46,8.4,0.3
1310972785.0,8.4038,2.08
1310976328.53,8.035,1.0
1310976628.83,8.4034,1.19
1310976869.07,8.02386477377,1.405
1310978190.39,8.04,0.47885572
1310979091.27,8.04,0.52114428
1310979391.62,8.16181632364,6.12608337
1310981433.85,8.03395256917,2.53
1310983355.7,8.15,0.4
1310983655.99,8.15,24.14
1310984316.74,8.0237956968,77.54703129
1310984857.27,8.02,2.18952618
1310985457.9,7.8964,1.6311286
1310986178.87,8.0,0.1
1310988521.21,7.85406206897,1.74
1310988881.57,7.8533,6.36672325
1310989301.99,7.8532,6.89327675
1310990383.08,8.0,1.14
1310995368.67,7.9468,1.87002152
1310996329.7,7.96861697378,5.68342101
1310999032.37,8.0909,0.11
1311000353.92,7.92461,10
1311000714.31,7.75243820655,10.51533751
1311000894.49,7.4521,9.48466249
1311001074.67,7.9509,1
1311001555.15,7.8712,1
1311001855.45,7.6,4.45
1311004137.66,7.6,1.49
1311004678.15,7.9483,4.84504174
1311004738.21,7.6,4.06
1311005398.75,7.59859026081,10.00185006
1311005458.81,7.6,9.21054311
1311005758.97,7.5759,1.00001902
1311005879.09,7.5758,39.076
1311006299.42,7.6,1
1311006359.45,7.6,1
1311007380.06,7.954,5.7832537
1311007560.17,7.7038,2.59613071
1311007920.51,7.7038,3.89419606
1311008520.92,7.5758,10
1311008821.2,7.5758,10
1311009601.6,7.7038,6.49032678
1311009721.67,7.7038,12.98065357
1311009901.85,7.712,0.32417012
1311010322.21,7.712,4.67582988
1311010502.4,7.95368185273,12.57279356
1311010622.51,7.954,5.02891626
1311010802.69,7.5758,0.375
1311010862.75,7.953,0.36212749
1311013264.48,7.8923,0.36491228
1311013804.89,7.5758,0.36
1311014525.23,7.576,10
1311015485.64,7.8923,12.6705653
1311015725.78,7.5806,0.36
1311016025.89,7.57586505474,17.71055484
1311016866.19,7.5759,0.15888591
1311018847.67,7.55,2
1311018967.77,7.8444,10
1311020048.73,7.5716,6.604
1311020288.96,7.57151499333,60.0
1311020349.01,7.5718,6.60344964
1311020409.06,7.5715,7.95488604
1311020529.18,7.5188,3.99
1311020709.32,7.5309,10.28655036
1311021189.77,1.5335,0.04511396
1311022990.86,7.88,10
1311023831.56,7.881,2.69
1311024011.61,7.8011,0.52
1311024251.77,7.8923,8.80572105
1311024492.03,7.88812211829,2.56461306
1311024552.09,7.8923,25.20175438
1311025332.74,7.8923,2.00001804
1311026233.34,7.8923,3.92787524
1311026953.93,7.8923,9.49504065
1311027013.99,7.98,5
1311027674.44,7.98,12
1311028034.65,7.98,0.18258272
1311028815.05,7.98,10
1311028875.06,7.98,22.81741728
1311029055.11,8.0,29.99
1311030496.04,8.134,0.1045
1311030736.19,8.16412916239,2.00878718
1311031336.66,8.1999,0.08353757
1311031456.78,8.3044,2
1311031576.9,8.3055,2
1311031757.08,8.48021924227,20.06
1311031937.17,8.52505,4
1311032057.27,8.52382095238,2.1
1311032237.37,8.5775,2
1311032537.5,8.5,2
1311033498.16,8.50414609371,2.40941176
1311033558.2,8.02,0.5
1311036560.03,8.6,0.40581395
1311036800.14,8.6,10.87209302
1311061588.02,8.2,4.5
1311061708.14,8.4,0.5
1311061888.32,8.4,2.2
1311062789.24,8.5,0.28
1311065612.44,8.272,0.674
1311065972.9,8.272,0.0062
1311067534.51,8.4913,11.77675974
1311070297.37,8.2514,2.00002996
1311070357.43,8.2514,1.49029682
1311072219.31,8.32,1
1311072579.67,8.3189,4.17
1311072639.73,8.36,0.5
1311072759.85,8.3045,2
1311073000.09,8.3045,1.5612721
1311074021.13,8.29,0.5
1311074381.49,8.29,1.5
1311074441.55,8.29,2.00060313
1311075462.64,8.0746,2.00009242
1311075522.7,8.0746,0.00990758
1311076483.65,8.29,0.4
1311077684.85,8.29,0.07237635
1311079306.61,8.2873,2.2
1311079546.85,8.29,1.027
1311079666.97,8.3044999804,20.83582437
1311081529.29,8.3045,3.01041603
1311083751.69,8.3045,1.20416641
1311084292.41,8.3045,4
1311084472.59,8.3045,2
1311084832.96,8.3,1.72771084
1311084893.02,8.30470333158,168.86063077
1311085673.93,8.3339,0.20000036
1311085914.33,8.3339,5.84999964
1311086094.51,8.59,0.5
1311087295.73,8.6,5.81395348
1311087956.48,8.6,5.81395348
1311088196.68,8.59337952271,3.77616279
1311088376.85,8.64626098809,13.59547497
1311089217.71,8.60649822862,37.18139083
1311090118.61,8.6059,11.62
1311090298.79,8.6069,13.0813943
1311090358.85,8.6568,28.87903151
1311090719.21,8.6568,4.04306441
1311091500.07,8.6558,2
1311092521.09,8.6568,1.35153867
1311093782.55,8.6558,6.25
1311168022.8,8.63989894147,280.13369924
1311168082.86,8.5962,0.52
1311168323.1,8.5962,0.52
1311168503.28,8.596,0.52
1311168563.34,8.5985,1.163e-05
1311168803.58,8.5962,0.51998837
1311169944.72,8.5894,2.7
1311170004.78,8.5926,0.00098922
1311170485.44,8.5833,1.2
1311171026.35,8.5763,5.83
1311171266.59,8.4034,0.10680733
1311171326.75,8.47923123852,1.89319267
1311172347.87,8.571,4
1311172467.99,8.571,10.32708158
1311173729.41,8.69688294431,108.43715686
1311173789.47,8.8584,38.2713999
1311174029.71,8.8609,1.20416641
1311174149.83,8.99168890843,110.65769618
1311175471.15,8.5092,0.588
1311175531.21,8.51,1
1311175591.27,8.5092,1
1311176252.0,8.5092,8
1311176432.18,8.65,0.42049553
1311177212.96,8.5106,0.5
1311177633.52,8.6,1
1311180276.19,8.511,4.34731
1311180456.37,8.511,1
1311180996.91,8.51040407428,39.5990446
1311181237.15,8.511,4.65269
1311182318.23,8.5789,0.5
1311182678.59,8.5789,0.45
1311187964.03,8.51,1
1311188084.15,8.509,14
1311188324.39,8.509,30.9309554
1311188804.87,8.5789,0.11
1311188985.05,8.5,1
1311189045.11,8.6,1
1311189345.41,8.3338,0.93
1311189525.59,8.6,1
1311189765.83,8.63531609227,11.69007133
1311189946.01,8.5393,2
1311190126.19,8.5406,2
1311190306.37,8.5418,2
1311193310.0,8.6833,5.82
1311193910.6,8.6833,0.18
1311196373.18,8.5,0.74724544
1311199136.05,8.5,1
1311199436.35,8.4746,0.59
1311199856.77,8.347,8.83311
1311200637.57,8.3469,21.0282741
1311200937.87,8.3469,3.59416718
1311201538.47,8.3464,2
1311202859.79,8.3453,0.59
1311204901.86,8.3469,0.98791866
1311219616.97,8.341482,10.0
1311221178.56,8.3469,0.55653006
1311224902.76,8.3478,3
1311230128.02,8.4,0.5
1311235353.24,8.4,0.5
1311235593.54,8.35,0.5
1311236254.2,8.3491,3.51
1311236314.26,8.4,3.35119047
1311236734.83,8.4,5.64880952
1311237936.03,8.33682097244,9.91
1311238056.15,8.3338,59.998
1311238416.51,8.3338,2.077
1311240518.61,8.3338,10
1311240638.73,8.3338,10
1311244002.51,8.3338,1.35
1311245203.71,8.44929997382,0.17161117
1311245864.37,8.3338,23
1311246284.79,8.3338,0.59
1311247786.49,8.3338,1
1311248086.79,8.3338,1
1311250729.47,8.3787,2
1311250969.71,8.4493,7.32838884
1311251029.77,8.45,1
1311251209.95,8.4228,2
1311251510.25,8.3722,3.748331
1311254693.75,8.4085,1.35
1311256315.42,8.45,1
1311256855.96,8.48199731012,1.00209701
1311258237.64,8.3722,8.19588949
1311260219.61,8.4989,5.29477176
1311261721.26,8.3722,17
1311264424.55,8.3721,4.3
1311265025.15,8.3337,4.621
1311265205.33,8.3333,5.865
1311267067.56,8.32715192127,5.335
1311269049.71,8.32,0.16105769
1311269229.89,8.32,0.50394231
1311270250.91,8.3218,6.70616519
1311270371.03,8.29473954777,6.39610756
1311270491.15,8.294,0.72772725
1311270671.33,8.294,1
1311272774.19,8.294,1
1311274455.87,8.4381,27.68988279
1311275957.5,8.3333,0.6
1311277278.86,8.1672,10
1311278900.49,8.15,0.44846625
1311279501.09,8.326,0.03655706
1311289291.27,8.3,1
1311292234.21,8.4,1.42857142
1311293195.17,8.4,2.87142858
1311294096.08,8.4034,1
1311296138.31,8.4034,0.5
1311304186.75,8.45027695387,6.50868478
1311304607.17,8.4503,3.83952295
1311316740.57,8.4531,4.58
1311317941.77,8.4531,3.41175649
1311318001.83,8.4034,8.49
1311318902.86,8.46440308934,4.91122931
1311324428.79,8.4746,0.5
1311324488.85,8.4746,0.68
1311329053.41,8.4042,1.0
1311329533.89,8.405,2.26055497
1311330795.15,8.405,2.37953155
1311333317.67,8.405,2.37953155
1311333437.79,8.405,1.04699388
1311333678.03,8.405,0.47590631
1311335599.95,8.4034,0.4754
1311336140.49,8.4034,6.5
1311336801.15,8.4034,1.19
1311337521.87,8.4034,10
1311337702.05,8.402334864,10.0
1311340044.39,8.4014,3.24431999
1311341305.64,8.4,1.19047619
1311342026.36,8.3984,5.12
1311348873.27,8.31,0.5
1311349894.29,8.31,1.11311672
1311351155.55,8.3042,0.1000004
1311351215.61,8.3038,0.1000004
1311351275.67,8.3038,0.3810996
1311351335.73,8.3333,1.2e-06
1311351395.79,8.2,1
1311351455.85,8.1716,1.4888992
1311353077.47,8.29,6.9
1311354579.42,8.17581818182,5.5
1311356861.95,8.29,1.00012062
1311357162.25,8.29,1.80940892
1311357522.61,8.2873,0.49
1311357762.85,8.29,0.1
1311362267.81,8.29,0.69047044
1311362508.05,8.0,2e-08
1311362688.23,8.295,10
1311365390.97,8.2873,3.13
1311365931.51,8.16476995727,15.13688328
1311367072.66,8.134,0.1045
1311367132.72,8.16716740619,2.1915193
1311368333.68,8.12,0.1
1311368393.71,8.10716110717,0.7045
1311368453.77,8.073,9.1955
1311369414.23,8.29,1
1311369474.25,8.29,6
1311369654.35,8.29,0.87092882
1311372596.13,8.25,1
1311374157.16,8.29000085739,1.43317235
1311374337.32,8.3,9.99987953
1311374577.51,8.30423395879,4.81683816
1311374697.59,8.3056,0.484008
1311374997.79,8.34994884627,1.00115344
1311380341.66,8.1,0.7
1311416602.79,8.2873,1
1311416782.94,8.295,5
1311416963.06,8.2961,10
1311418404.23,8.12842720739,10.0
1311419665.25,8.23,2
1311420145.65,8.23,1
1311420986.31,8.1,1
1311421046.37,8.1,3.28765432
1311421166.49,8.0742,0.89162136
1311421226.51,8.1,1.41234567
1311421646.81,8.1,0.007
1311424588.96,8.1,7.18238271
1311424949.16,8.1,237.1106173
1311425549.59,8.21,62.51035322
1311426209.81,8.0742,10
1311426449.92,8.0742,21.51
1311426930.38,8.2079,7.31
1311432214.41,8.2,1
1311432394.57,8.21,0.30328867
1311432454.57,8.21,0.30560291
1311433054.95,8.21,0.30328867
1311433114.96,8.21,6.09013398
1311433535.2,8.21,0.30328867
1311433595.26,8.21,0.22180267
1311433655.32,8.21,0.67495501
1311434375.85,8.3,0.3
1311435756.69,8.3333,1
1311436657.23,8.3333,0.2
1311438999.72,8.3472,0.1
1311440501.28,8.3472,5.89
1311440561.34,8.3102,3.31037
1311442303.29,8.28,0.16304347
1311442663.65,8.28,2.41545893
1311442843.83,8.2102,2
1311442963.95,8.2102,0.6
1311444345.42,8.28,0.12077294
1311444705.78,8.28,0.60386473
1311446567.64,8.2102,2
1311450891.99,8.28,1.6968599
1311451672.77,8.20890460064,4.0
1311454195.29,8.2,0.5
1311455576.82,8.0742,1
1311469435.36,8.1983,0.66
1311472017.37,8.19670002371,3.05
1311473218.28,8.27892650098,1.66000003
1311481564.67,8.3,1
1311488410.01,8.3034,0.0003833
1311489250.66,8.25035774183,1.56
1311499400.65,8.1967,0.22
1311499941.19,8.3,0.20120481
1311500001.25,8.3,0.48192771
1311504145.51,8.29,1
1311507148.71,8.25,5
1311515076.94,8.1923376151,10.0
1311525277.71,8.1481,1.86296607
1311526118.54,8.1004,1
1311526358.78,8.1474,0.934173
1311526839.26,8.1004,2.5
1311526899.32,8.1004,1.272
1311528821.24,8.1004,0.5
1311529301.74,8.20203881352,43.42415249
1311536265.42,8.1501,1.15
1311537587.34,8.1509,5.5
1311537707.46,8.1533,1.5
1311537827.58,8.16,0.5
1311537947.7,8.1545,1.1
1311538848.77,8.28255305834,6.13541278
1311540230.17,8.35,6.7170161
1311540410.35,8.36,6.35119573
1311541491.43,8.36,4.75480338
1311541731.67,8.36,9.56937799
1311542031.97,8.36,0.44
1311542152.09,8.3464,13.58
1311543233.17,8.3464,1
1311543473.41,8.3565,2.59121413
1311544134.07,8.3464,0.1045
1311544554.49,8.33931064322,9.95
1311551880.29,8.3306,1.5375
1311554221.53,8.33245793103,1.8125
1311556923.17,8.3333,1
1311574097.21,8.3498,3.2
1311576439.62,8.42653365861,72.75838179
1311582145.66,8.3498,0.86
1311585929.96,8.38218494062,8.32007631
1311586170.2,8.62,0.98791866
1311586590.62,8.3471,7
1311587731.77,8.3471,0.75
1311589713.75,8.3471,2.5295
1311592236.47,8.55,0.1
1311592476.71,8.5714,0.16
1311592837.07,8.5714,1
1311592957.19,8.65343441963,0.15230946
1311593257.49,8.66,0.15219399
1311594038.27,8.5714,0.11
1311594218.45,8.5992,0.1
1311594638.87,8.6,0.42653943
1311598483.2,8.5995,0.021
1311598543.38,8.59880566929,1.27
1311598843.68,8.59540430455,26.321
1311599023.86,8.5408343949,7.85
1311599504.47,8.575,0.1
1311599624.59,8.59990024128,0.10000116
1311599684.65,8.6,2.06345941
1311600465.43,8.6026,3.12
1311600645.61,8.65335126214,7.70672586
1311600885.85,8.68,0.1
1311601246.21,8.61977919656,6.97e-06
1311601966.93,8.6751,3.54
1311602387.35,8.71968825431,10.76572718
1311603949.12,8.6826,2.64
1311604309.48,8.684,2.16
1311604609.78,8.5506,0.99408635
1311604789.96,8.6874,0.90348977
1311605571.09,8.52391586557,1.97112157
1311605631.15,8.52106781613,1.0
1311605931.45,8.521,0.86887843
1311606712.23,8.7,0.02118782
1311606832.35,8.7714,2
1311607192.71,8.7719,6.5501322
1311607432.95,8.7717,0.7198678
1311608934.45,8.7,1
1311609715.23,8.67,1
1311610676.19,8.8414,0.96138463
1311611216.73,8.53,0.02161008
1311611276.86,8.52132590493,1.72638992
1311611817.39,8.52113846154,2.6
1311614640.78,8.522,5
1311615421.56,8.52111159469,8.62463701
1311616382.52,8.5211,10
1311617704.2,8.6,3.50001162
1311619145.65,8.5211,0.587
1311619926.42,8.5211,25.50426925
1311620166.66,8.5211,0.1
1311620286.78,8.5211,5.00005867
1311620406.9,8.5211,0.2
1311620947.44,8.521,3
1311621127.62,8.521,6.4
1311621307.8,8.521,2.9
1311621427.92,8.521,1.01
1311621548.04,8.521,0.2
1311621608.1,8.521,1
1311621668.16,8.52109367832,64.90209522
1311621788.28,8.4177923589,27.339
1311621848.34,8.3471,1.7905
1311621908.4,8.34710004872,1.79052908
1311621968.46,8.3333,7.39715592
1311622148.64,8.3963,0.66996445
1311623289.8,8.5,1
1311623349.86,8.5211,4.00069504
1311623469.98,8.5043,0.00048769
1311623770.28,8.5211,10.00173762
1311624851.55,8.346,0.48182751
1311625512.24,8.346,3.24000718
1311625572.3,8.346,1.27816531
1311626833.56,8.5211,8.00110166
1311627254.02,8.5211,4.00055083
1311631458.37,8.33742656325,5.7
1311631938.85,8.5,1.02000727
1311633079.99,8.5,0.77035238
1311633380.19,8.52040194462,6.30059003
1311634761.57,8.4,1
1311637824.61,8.51839424276,82.25867307
1311640407.11,8.3333,4.494022
1311640527.23,8.3333,2.4
1311642088.79,8.2486,3.58
1311642208.91,8.2451,2.29371068
1311648395.54,8.4,10
1311657404.63,8.4034,1.90409589
1311670619.24,8.3333,1.014
1311670679.3,8.3333,1.014
1311673863.31,8.2432,0.26
1311673983.43,8.2432,0.1
1311679569.65,8.2432,1
1311684194.77,8.2433,1.19365799
1311684254.83,8.2433,4.80634201
1311684314.89,8.25,0.100001
1311684435.01,8.25,0.0900268
1311684735.31,8.25,0.0099722
1311684795.37,8.25,0.21
1311684855.43,8.3,0.100001
1311684915.49,8.3,0.5700128
1311687017.58,8.3,0.7299862
1311687077.63,8.3333,6.35005189
1311687738.29,8.26,1
1311687858.41,8.26,1
1311687918.56,8.2432,1
1311688278.92,8.2432,5.04
1311688399.04,8.1004685708,8.96
1311690621.28,8.15,16.33
1311690741.4,8.32,1
1311690801.46,8.3332,1
1311690861.52,8.3333,5.08003047
1311692723.46,8.3456,6.51e-06
1311693444.24,8.333,7.08007079
1311694405.2,8.332,0.47
1311694585.38,8.3283,9.99e-06
1311695786.68,8.32,0.99999001
1311695846.74,8.332,0.53
1311695906.8,8.333,2.9199227
1311695966.86,8.3333,2.63010306
1311696867.76,8.27,1
1311698462.94,8.33191459459,18.5
1311703027.57,8.3333,6
1311706511.48,8.31,0.9
1311706691.72,8.3333,7.08004247
1311710415.61,8.3333,7.08004247
1311710776.13,8.27,1
1311711556.91,8.27,3.62756952
1311711737.09,8.27,10.00092923
1311713238.59,8.27,7.08007079
1311715340.69,8.2687,12.55
1311715400.75,8.2109,2.029647
1311715520.87,8.15545454545,22
1311716121.44,8.1042,1
1311717142.08,8.18,2
1311717202.13,8.19,2
1311717262.18,8.2686,8.63004834
1311717382.23,8.2686,4.45002492
1311718402.87,8.1941,1.999e-05
1311718522.96,8.12387883841,0.37998001
1311718703.09,8.1802,12.17268812
1311718823.2,8.1010060162,7.020353
1311719003.38,8.1802,3.20189758
1311719063.44,8.1802,1.2481593
1311723326.59,8.1802,1.65103613
1311723506.69,8.1802,0.00821887
1311723566.75,8.21,2
1311723626.81,8.26821501653,5.30028853
1311724947.76,8.2102,2.436e-05
1311727169.6,8.4167,1.2e-07
1311732573.82,8.1004,1
1311745242.0,8.2095,2.09997564
1311745362.11,8.2686,13.17428044
1311750585.78,8.27,0.68
1311754367.95,8.27,2
1311760070.34,8.27,40
1311762591.24,8.2903,0.31
1311762651.3,8.3,0.5
1311762771.38,8.3333,8.15004889
1311763732.19,8.3166,4.99e-06
1311764032.44,8.3067,2.25e-06
1311764392.66,8.27052156,5.0
1311765473.62,8.27,1.55
1311766254.13,8.18441234908,3.2715
1311766374.15,8.1212,0.81000688
1311766794.25,8.1212,10.00311751
1311767154.31,8.1212,11.77358437
1311770035.46,8.24,2
1311770095.46,8.295,0.5
1311770215.52,8.3,6.46004359
1311774778.15,8.3,13.28808125
1311778560.77,8.2988,10
1311779881.63,8.2988,0.98
1311780061.78,8.29865815558,2.029647
1311780302.0,8.2985,1.08
1311784685.38,8.2986,36
1311784865.5,8.33265893202,110.00929925
1311785165.79,8.2985,16.48
1311785345.82,8.2985,4.73
1311785405.85,8.30191015636,8.86910359
1311791169.51,8.3,0.300003
1311791229.53,8.3,0.5700057
1311792250.34,8.2985,15.14
1311792970.94,8.2985,1
1311794111.76,8.3,0.1299913
1311796213.38,8.2985,5
1311803118.55,8.2985,20
1311803298.58,8.2985,20
1311803418.66,8.299,0.87000869
1311803538.73,8.299,1.00012049
1311803839.01,8.299,1
1311803899.06,8.299,3.61489336
1311804499.51,8.299,23.51497746
1311805160.04,8.3128,0.12983
1311805820.61,8.45,0.16213017
1311806421.09,8.29899628769,20.0
1311809603.47,8.3,5.35
1311812005.11,8.3,1.11
1311814046.71,8.3,1.04
1311822271.92,8.45,0.6940769
1311822812.33,8.4783,2.3
1311829355.57,8.49,2
1311829415.58,8.4906,1.17935077
1311830375.94,8.45157746025,9.71909696
1311836800.18,8.51608452552,117.42487376
1311836920.27,8.52107656704,4.69424252
1311839381.84,8.5211,0.00352067
1311840402.58,8.5034,0.97077976
1311840462.62,8.5034,1.39811393
1311840522.64,8.5034,0.57110631
1311841063.02,8.5179,23.48
1311842924.28,8.5398541803,5.38650724
1311843224.42,8.5179,41.09
1311843464.65,8.55,1.05263157
1311843945.03,8.5166,21.37
1311845025.68,8.55,1
1311847307.33,8.53,0.5
1311847787.52,8.5324,0.1
1311847967.67,8.5324,5.260142
1311850489.62,8.35090909091,2.2
1311850609.72,8.35,7.8
1311851030.06,8.5106,11.75
1311852110.86,8.3363,0.00446
1311852170.91,8.324,0.99554
1311852290.95,8.34001657541,1.0045
1311852891.42,8.3437,5
1311855413.33,8.344,0.05
1311856133.72,8.344,4.95
1311856673.94,8.34779014396,1.01
1311865320.02,8.3476,0.01
1311866461.01,8.3476,0.2
1311867241.39,8.3476,14.2044245
1311871624.7,8.34672426405,6.91
1311874206.75,8.344,5
1311876368.51,8.344,1
1311877749.7,8.33769573815,10.0
1311878350.12,8.3257,0.4985
1311878830.38,8.32492954657,10.0
1311879010.5,8.30376883744,37.0
1311879430.8,8.2985,1.6
1311879851.1,8.2985,17.8
1311881112.04,8.324,4.80538202
1311882192.74,8.3239519772,0.09370549
1311882372.82,8.3218,3.36
1311882613.06,8.324,1.2013455
1311883093.44,8.30607677512,7.25790535
1311884234.35,8.2441,1.999e-05
1311884354.47,8.2,0.5
1311885195.12,8.21,1
1311885255.15,8.2,6.5
1311885315.21,8.1967,0.61
1311885375.27,8.15,10
1311886456.23,8.15,3.32
1311888137.7,8.25,1
1311889759.02,8.30666666667,1.5
1311890359.54,8.3135,3.32
1311890839.92,8.3135,5.2
1311903088.68,8.32293882583,9.61199423
1311919664.15,8.3135,0.6
1311927112.53,8.3135,2.01124
1311927292.71,8.3,0.24826
1311934320.36,8.3,1.75174
1311937443.53,8.2198952381,1.05
1311942368.8,8.23,1
1311944050.48,8.2277,0.01
1311944591.49,8.25666666667,1.5
1311946573.48,8.2645,0.501
1311946933.84,8.2645,0.09
1311961469.22,8.2775,0.019
1311961589.34,8.28,3
1311962850.6,8.28000942933,3.0
1311964892.64,8.2781,3.64364148
1311965253.0,8.2645,0.00270658
1311965853.6,8.2781,36.24020004
1311966153.9,8.2781,18.12010002
1311968015.76,8.27808572744,3.50322537
1311968135.88,8.2645,2.55
1311972340.08,8.2645,0.48629342
1311972580.32,8.2642,0.35559828
1311972880.62,8.2642,7.5981083
1311973060.8,8.22,2
1311973240.98,8.22,0.5
1311974141.88,8.218,1.878
1311974201.94,8.22,7.5
1311974502.24,8.24,0.5
1311975102.84,8.2214,1.01077735
1311975463.2,8.22,1
1311976243.98,8.218,5
1311977625.92,8.25,1.0060606
1311977685.98,8.218,1.00389389
1311978046.47,8.218,1.68110611
1311980028.45,8.2186,6.13
1311981649.95,8.25,2
1311982310.56,8.2508,4
1311982370.61,8.2508,0.0098
1311984892.34,8.2508,2.899
1312010830.39,8.26,0.4
1312012871.44,8.2576,9.18
1312015452.71,8.2576,2.5
1312017854.51,8.2576,0.43
1312017914.51,8.2576,3.03
1312018455.0,8.2770838763,12.71006668
1312019055.52,8.2781,1.81201
1312024758.34,8.2576,8.24268191
1312026439.23,8.2532319526,5.0
1312027399.54,8.258,1.21095121
1312030160.51,8.2576,10
1312031541.05,8.2576,2
1312031781.15,8.258,0.23008073
1312039165.5,8.258,6.66023166
1312044990.48,8.25880026966,3.7487364
1312048291.7,8.262,6.05180343
1312048411.73,8.262,3.94819657
1312048591.88,8.2781,1.93039465
1312057899.44,8.2508935,8.0
1312063903.87,8.2781,2.73708506
1312068946.75,8.2781,2.41601333
1312078310.28,8.255,10
1312080230.89,8.2548,2.2751704
1312080471.13,8.2508,0.0051704
1312089415.69,8.2548,2.1988296
1312092477.88,8.22321661421,48.14
1312097463.07,8.22,1.5493
1312097643.25,8.22,1
1312098123.79,8.22,0.59945001
1312099505.4,8.225,0.997
1312101727.9,8.225,0.60817
1312105932.3,8.22352341566,10.45185606
1312107013.38,8.22,61.73
1312107073.44,8.22,22.1
1312107313.68,8.22,8.9
1312109295.73,8.27782529832,8.46236752
1312111638.21,8.2133420338,2.0
1312111878.45,8.19117406404,3.5
1312111998.57,8.16083024882,3.05964068
1312116983.55,8.16,0.5
1312179911.58,8.1566,0.83
1312179971.64,8.1699,2.231352
1312180091.76,8.1512,9.20107656
1312181412.98,8.1512,6.13405104
1312184235.47,8.151,0.2
1312184595.82,8.1512,11.04129187
1312185196.33,8.151,0.8
1312187118.22,8.1512,5.52064593
1312189100.03,8.15,1.5
1312190000.83,8.15,3.80368098
1312190241.06,8.15,2.32
1312190601.37,8.15,0.59631902
1312192883.55,8.175,0.59631902
1312196907.37,8.1967,3.66
1312197628.06,8.1766,8.871
1312199609.94,8.1775,4
1312204654.83,8.1956,0.5
1312205315.45,8.2,1.0
1312207657.76,8.19890434792,7.15299979
1312207837.94,8.1994,0.50003658
1312209459.48,8.1994,0.49996342
1312209519.53,8.1994,1
1312210240.2,8.1956,3.11700021
1312212041.89,8.1956,16.42493076
1312214564.32,8.1833,0.6
1312215585.32,8.20161009918,5.48673775
1312216426.12,8.18081,2.0
1312216606.3,8.1766,0.64
1312218888.57,8.20260919786,37.89707401
1312223212.97,8.15025286564,23.70399875
1312223393.16,8.09972670594,18.333
1312225074.86,8.0628,0.955
1312225975.75,8.065,0.5
1312226636.39,8.065,1.5
1312226696.45,8.09,0.5
1312228378.17,8.07,1
1312228438.23,8.0625,0.96
1312228498.29,8.05,1
1312228738.53,8.0219,5.52
1312229279.06,8.0087,9.24
1312229339.13,8.0064,12.49
1312230059.84,8.0,1
1312232162.18,8.0,2.75
1312232222.24,8.0,2.75
1312232282.3,8.0,1
1312232342.36,8.0,3.25
1312232402.42,8.0,2
1312232822.83,8.0347,2
1312232882.89,8.0,1.581
1312233243.24,8.0,5.89977029
1312234204.15,8.0,2.22999992
1312234984.87,8.13,1
1312235165.02,8.1328,2.23330286
1312235285.14,8.0,2.61922971
1312235345.17,8.0,1.25
1312235405.23,8.0,1.36922971
1312236005.8,7.9949,0.87434843
1312236666.4,7.96351903775,5.96229327
1312237266.93,8.1,10.0
1312237326.98,8.0972,4.36989894
1312237387.04,8.0972,15.390101
1312237747.38,8.0972,21.61240922
1312238828.31,7.9975,0.00109896
1312238948.42,7.93,0.5
1312239128.6,7.9208,10.02890124
1312242371.96,7.9208,0.75
1312249459.04,7.9208,25.65528899
1312255345.14,7.9208,0.101
1312261710.94,7.9208,15
1312268917.4,7.920815,40.0
1312269577.84,7.9268,0.738
1312443872.24,6.8933,0.11412449
1312444172.48,7.17236624725,26.07230829
1312444532.75,6.8908,1
1312445433.5,6.88877152404,24.7599609
1312445913.89,6.789,1.47297098
1312446394.29,6.6964,2.24
