1309117967.52,13.425,2.872
1309119708.38,13.15,8.436
1309122289.83,13.7,7
1309122349.89,13.8,1.3280595
1309124571.13,14.8,0.9943
1309124691.15,14.9,0.262766
1309125111.31,14.8,0.0057
1309127392.4,14.9742980347,18.638826
1309134539.1,14.98,1.9943
1309137601.95,15.0,0.2
1309139583.79,15.02,3.53233
1309141805.93,15.02,2.46767
1309150960.86,14.59,2.04
1309151381.28,14.59,0.53
1309151441.33,14.37,1
1309152942.73,14.88,0.9943
1309159247.65,14.98,1
1309159607.97,15.19,0.427549
1309161229.01,15.0,1.77
1309162189.55,15.25,0.23511197
1309164411.2,15.25,0.13
1309165611.93,15.25,0.1
1309166092.29,15.7083223125,29.49715
1309168013.61,15.3,14.3
1309173357.29,15.9825359388,26.08298564
1309174438.16,15.98,2.1365
1309176719.92,16.0,53.01
1309177200.34,16.49,2.495693
1309177260.39,16.88,1.9886
1309177320.45,17.0,3.80378
1309177740.76,16.1,1
1309178101.01,16.1,0.9943
1309181402.53,16.5,0.9943
1309182302.96,16.2,3
1309185004.63,16.75,0.3293
1309185484.99,16.0,0.7609
1309191849.8,16.5,1
1309192029.95,16.4863013699,21.9
1309196593.24,16.48,1
1309196653.25,16.5,1
1309197433.47,16.5,0.49715
1309199774.96,16.24,0.9829
1309199835.02,16.23,0.9829
1309201575.66,16.0,15
1309201695.72,16.2,6.25
1309220342.13,16.0,1
1309220702.35,16.2,20
1309222083.57,16.45,0.730652
1309223764.48,16.2,5
1309223884.6,16.2,3.37731063
1309239101.59,16.2,9.14731063
1309241323.14,15.0,7.16
1309245465.89,14.75,0.8689
1309247807.48,15.0,0.17931063
1309252250.62,15.98,1
1309252671.0,15.99,0.00042812
1309253871.85,16.0,1.4779014
1309253931.91,16.08,1.7469014
1309254952.8,15.65,0.62
1309256213.77,16.5,0.3756
1309258255.36,15.65,3
1309258495.51,15.66,13.618
1309260897.28,15.9,0.5082
1309277472.17,16.2,1.07
1309277772.37,16.39,0.73
1309278793.29,16.4,0.274243
1309278913.4,16.41,1
1309279333.78,16.41,0.11
1309279994.22,16.41,3.1
1309281135.17,16.4450856976,19.837143
1309282396.28,15.9,1.96
1309283477.09,16.4,0.874072
1309284257.69,16.46,18.274072
1309285338.59,14.0,426
1309285578.75,16.0,764.87
1309285818.91,13.0,0.7776
1309286359.32,16.0,2
1309286599.46,14.6,1.1803217
1309286779.64,15.99,4
1309286959.78,15.99,1.839455
1309287139.97,16.0,2.2
1309287740.38,15.3,11.1976225
1309287920.48,15.9,2.2
1309289481.77,16.0,2.130588
1309289842.1,15.5,2
1309289902.12,15.51,1
1309290382.52,15.51,17.3
1309290622.69,15.99,1
1309290983.01,15.99,67.5782
1309291223.21,15.53,3.43
1309291643.51,15.98,5.568
1309291943.78,15.98,0.95
1309293685.13,15.72,17.3
1309293805.21,15.5493871866,3.59
1309293865.27,15.54,5
1309293925.33,15.5427780453,20.77
1309294045.41,15.54,16.41
1309294105.43,15.51,1.955072
1309295906.99,15.99,2
1309297108.03,15.52,18
1309298849.51,16.4936842678,2.7078349
1309299149.77,16.59,3
1309300831.02,17.0,4.1
1309301311.36,17.3738879334,3.09316
1309304073.19,17.35,9.88
1309307135.44,16.22,10
1309311578.18,17.14,0.73
1309311758.25,16.6,4
1309323445.71,16.55,1
1309325066.96,16.56,1
1309326207.76,16.5,0.28689
1309327588.44,16.2,24.9
1309327648.45,16.5,24.87689
1309334733.28,16.78,2.5
1309345724.26,16.4,2.04
1309346144.68,16.79,3.75
1309391754.59,16.93,4
1309392174.73,16.93,5.45539357
1309398778.31,16.75,3
1309401540.12,17.03,1.77
1309405802.22,16.5122789784,50.9
1309405862.24,16.6441052632,23.75
1309405982.35,16.5584210526,23.75
1309408443.69,15.0,999
1309408803.91,16.5,433.7018
1309409884.31,14.3,10.72
1309410184.53,16.41,0.5
1309411024.82,16.5,0.2122
1309413486.3,16.5,15.54
1309414266.48,16.0,1
1309414746.64,16.5,5
1309416667.24,16.85,2.6319121
1309417267.59,16.51,16.02
1309417387.66,16.5,14.49
1309418888.72,16.92,7.4
1309421110.2,16.0,4
1309428314.87,16.6,3.2741
1309429095.46,16.5,0.259
1309434258.87,16.8,3
1309434378.99,16.89,3
1309434439.05,16.8986153232,1.97952336
1309434499.11,16.95,0.1
1309434559.17,16.95,0.11
1309434679.18,16.96,10.894
1309437921.36,16.42,3.3515
1309438221.61,16.8,0.9684418
1309441103.56,16.55,7.7
1309441343.7,16.5,7.7
1309441763.89,16.9454405512,6.821
1309443325.2,16.96,0.24
1309443565.4,16.96,1
1309443805.55,16.96,5.58845
1309444225.83,16.9959771104,61.072086
1309444946.35,16.96,1
1309445246.57,16.96,2
1309446447.37,16.96,0.31
1309448608.71,16.96,1.21
1309449689.56,16.96,0.18
1309451310.75,16.96,1
1309452271.46,16.96,5.283103
1309452871.93,16.75,2
1309453052.07,16.96,32.24
1309453172.13,16.9,0.758053
1309455633.82,16.57,1.89
1309457915.24,16.98,19.874693
1309458995.48,16.6147444471,9.4951
1309459055.49,16.5862372123,18.768
1309459115.5,16.5241411066,13.139
1309459235.52,16.51,9.219
1309460135.84,16.97,2.00648437
1309461936.57,16.97,5.1945
1309461996.58,16.97,1
1309462236.63,16.97,6.927536
1309462296.69,16.97,2.06622037
1309464997.64,16.6,3.54
1309466318.08,16.75,1
1309466378.09,16.77,6.62761
1309466858.33,16.76,4.59668
1309467518.56,16.6,1.3
1309468058.8,16.6,0.551
1309468178.82,16.69,10
1309468538.99,16.71,20
1309469739.42,16.5,20.819
1309471840.1,16.5244444444,9.9
1309471900.11,16.4865943012,29.48
1309472080.23,16.5,34.12
1309472320.36,16.25,4.2466553
1309472620.45,16.35,1
1309472680.48,16.35,1.697
1309472740.54,16.226744186,10.75
1309472860.56,16.19,1
1309472920.57,16.15,12.7916553
1309473160.61,16.11,34.77768
1309473880.83,16.4,18.65
1309474481.02,16.3,9.494
1309474721.06,16.29,8.974893
1309477541.8,16.1,1
1309480963.41,16.29,1.8e-05
1309481263.53,16.29,2.512982
1309487206.54,16.3,0.7
1309487326.59,16.1,0.71
1309495073.26,16.3,3.72
1309495253.37,16.15,3.72
1309496994.52,16.45,0.6683
1309498735.63,16.15,1
1309500416.95,16.5,14.909
1309504559.86,16.15,2
1309505280.35,16.15,1.14
1309506241.1,16.15,5
1309509003.26,15.0,3
1309509483.69,16.15,1
1309510744.72,16.4,5.092
1309511585.42,16.15,0.86
1309512185.82,16.0,2
1309512966.45,15.49,3
1309513026.46,16.01,2.2239
1309514587.49,16.08,4
1309515668.31,16.01,3.6599
1309516148.74,16.0,0.35
1309517529.78,16.0,0.79
1309517769.97,16.0,1
1309519451.33,16.0,4.24
1309519991.69,16.0,5.79
1309522153.5,15.82,6.92
1309522213.55,15.65,2.32
1309525276.08,15.95,3
1309525396.14,16.043626943,3.86
1309525696.39,15.9,1
1309526176.76,16.2107057486,10.4599056
1309527017.29,16.3,1.097998
1309528398.37,15.75,9
1309528638.59,15.75,1
1309528998.91,15.5,1
1309529359.09,15.8,2
1309530139.76,15.81,2.724382
1309530319.9,15.81,1.1
1309530860.4,16.0,2.9
1309531520.93,16.1,1.097998
1309531821.07,16.2,2.52
1309531881.13,15.0,0.1
1309532721.87,16.2,3.8251
1309535123.69,15.5,3.012729
1309536084.5,15.83,0.908
1309536144.55,15.8,0.908
1309537285.42,15.8,2.4579
1309538246.16,15.65,2.4579
1309539807.49,15.625,4.9158
1309545031.75,15.71,2.06
1309547013.28,15.71,3
1309548274.33,15.71,4.274129
1309548334.39,15.97,0.61
1309548634.66,15.71,0.5789937
1309550195.85,15.72,9.425
1309552657.74,15.75,0.443
1309556380.81,15.62,3
1309556981.32,15.98,4.61936
1309557161.45,15.62,3.34
1309558302.38,15.6,1
1309558482.55,15.62,10.6676984
1309560464.33,15.62,3
1309561425.09,15.6,4
1309561485.15,15.6,0.6193601
1309561725.33,15.5587985798,14.1412601
1309562505.96,15.5,0.872729
1309562926.3,15.47,0.824
1309563286.58,15.4,0.872729
1309563526.79,15.4,5.862729
1309566108.39,15.4,0.882729
1309566168.42,15.315,1.227458
1309566708.7,15.3,1
1309566768.7,15.3,1.5
1309566828.75,15.3,1.113729
1309567489.03,15.25,1.4
1309577156.78,15.25,24.4031
1309578417.65,15.21,8
1309585261.89,15.42,6
1309585321.9,15.2020454545,44
1309587182.8,15.15,0.65
1309589764.43,15.15,1
1309591145.34,15.15,4.7816
1309591865.86,15.13,4.7816
1309592346.13,15.13,0.9146
1309592406.17,15.11,0.9146
1309595888.56,15.1,9
1309596428.98,15.1,11.98
1309598050.27,15.4616981132,10.6
1309598770.8,15.02,2
1309600211.99,15.4,1
1309601903.34,15.25,10.07
1309622874.87,15.5,2
1309625876.89,15.5,2
1309626177.17,15.5,2
1309627618.29,15.5,2.8
1309629642.91,15.21,2.678
1309630123.1,15.21,10.0096
1309631203.42,15.21,1
1309633604.05,15.0,588.11
1309633664.09,14.0,471.1343
1309633724.09,14.8,13
1309634924.85,15.5,7
1309635044.94,15.5,1.0717225
1309635285.05,15.5826587786,2.3066426
1309636906.09,14.8,5.76081082
1309637266.31,15.0,0.00081082
1309637566.51,14.75,18.932
1309637686.53,14.75,20.132
1309639307.1,14.8842389636,8.09898982
1309641528.19,14.62,1
1309644349.88,14.62,0.5
1309647952.24,14.63,1.955
1309656056.7,14.9982958419,11.736
1309658518.26,15.3,0.6709124
1309662960.98,15.22,0.037
1309668604.83,15.23,0.24
1309668664.89,15.23,0.24
1309672507.51,15.0,1.1
1309677190.46,15.0,4.54
1309677250.51,14.6237077769,19.095
1309677370.62,14.5225806452,17.825
1309677430.68,14.51,20
1309683494.54,14.6,5.8534
1309683614.57,14.0,5
1309684094.65,15.18,4.9715
1309684154.71,15.19,1.05
1309684754.98,14.47,6.81
1309685355.31,15.25,2
1309685415.35,15.297100323,3.44866
1309688836.97,14.9943674759,5.3752892
1309690697.67,14.68,1
1309693098.75,15.1,5.39
1309693639.04,15.1640159611,6.09732
1309695139.96,15.0,3
1309696280.77,15.17,1.622
1309699883.35,15.05,3.177
1309702104.02,14.81,0.818
1309702164.08,14.7,0.818
1309704624.79,15.16,0.13
1309709488.11,14.73,0.55
1309709548.12,14.6539823009,11.3
1309709668.24,14.5136978417,34.75
1309709728.25,14.5,8.61
1309709788.26,14.26,4.75
1309709848.27,14.3,0.4
1309709908.28,14.25,14
1309709968.29,14.3,0.348
1309710088.31,14.25,35.252
1309711889.1,14.53,2.38
1309718734.38,14.55,2.86966326
1309719214.86,15.1756879944,6.3418248
1309719394.98,14.55,5.66366326
1309719635.22,14.53,0.2495
1309724198.54,15.0,1.49145
1309724318.66,14.25,50
1309725039.29,15.0,2.50855
1309732424.94,14.57,2
1309741252.86,15.0,3.4192
1309743474.85,15.2057670069,16.83655
1309743534.91,14.58,1.332362
1309745276.44,15.27,4.854725
1309748279.03,15.28,5.1
1309750441.28,15.2976162098,7.551
1309751162.0,15.0,2
1309752123.05,14.8925,4
1309752243.17,14.552203313,9.639638
1309752303.23,14.5,1.118
1309752363.29,14.54,4
1309752483.41,14.4,0.25
1309752543.47,14.25,4.380362
1309752964.36,14.5490909091,11
1309753024.42,14.3742857143,4.9
1309753084.48,14.26,2.8
1309753204.59,14.25,106.7949
1309756207.67,14.54,1.885
1309760232.23,15.0,2
1309760592.59,15.2,1
1309760952.95,15.2,0.28
1309761253.25,14.5,8.09
1309763596.51,14.75,2
1309763716.64,14.7,1
1309763836.79,14.85,2
1309766059.09,14.55,1
1309766959.98,15.1893798038,3.16029
1309774468.18,15.1,1.75
1309775609.32,15.0331325301,4.15
1309777891.6,14.61,0.798
1309778011.72,14.61,3
1309778131.84,14.6,3.5
1309778191.9,14.2531167854,720.518
1309778552.4,14.25,1.12
1309778612.46,14.25,5.57948
1309780714.56,14.35,1
1309782456.32,14.36,1.119
1309785580.01,14.945,0.6
1309785760.41,14.95,0.6
1309785940.59,14.9,0.248575
1309786000.65,14.94,0.048575
1309786120.77,14.98,4.09
1309786300.95,15.0,6.68729
1309786841.58,14.45,1.75
1309787021.76,14.35,1.75
1309788042.78,15.0,1.25
1309788102.84,15.0,0.65
1309789364.23,14.5,0.75
1309789424.29,14.41,0.25
1309792667.75,14.4,1.0
1309792727.81,14.4,1.0
1309792907.98,14.36,1
1309793088.18,14.36,0.87
1309793208.31,14.31,6
1309793328.43,14.94,1
1309793929.29,14.3,2
1309793989.35,14.35,0.146
1309794049.41,14.9,0.25
1309794169.55,14.9,7.85
1309796391.78,14.7,11.35
1309796451.84,14.4,4.64
1309796511.9,14.3,3.18
1309796692.08,14.25,1.51
1309796932.39,14.25,20
1309798494.19,14.2554067584,7.99
1309798734.43,14.25,3.67
1309798794.49,14.25,3
1309798914.61,14.25,4.4
1309799214.91,14.25,2
1309799995.88,14.25,4.34
1309801437.9,14.26,0.33
1309801798.44,14.25,2.005
1309803660.75,14.26,1.28
1309805343.16,14.0,2
1309805883.69,14.25,9.46
1309806003.81,14.26,0.1
1309806244.2,14.6,6.741354
1309806304.26,14.6,1.372134
1309806364.32,14.6,0.549
1309806784.76,14.25,2.53315382
1309806904.88,14.28,1.802
1309807085.06,14.27,0.4062
1309807205.25,14.26,0.4062
1309807805.85,14.26,1.2
1309809727.75,14.21,1
1309810868.9,14.2,1.0511
1309811829.86,14.1,10
1309812250.28,14.01,8.94037
1309812310.33,14.0,3.74693674
1309815493.67,13.75,9.67562424
1309815974.15,13.7548355899,1.034
1309818016.88,14.3984305888,3.12219
1309821381.33,13.99,3
1309833634.47,13.25,1
1309845644.99,14.2908209474,12.62599873
1309847266.73,14.5,90.901
1309848587.86,14.5,3
1309848647.9,14.5,0.77
1309854293.92,13.6876315789,1.52
1309854534.16,13.62,2.41
1309855194.82,13.6140909091,11.0
1309857116.51,14.0,0.5
1309857176.54,14.0,2.5051041
1309857416.75,14.0,0.7881041
1309860479.49,13.88,5.2126
1309860779.76,13.88,3.1
1309861260.13,13.88,1.1874
1309863782.23,13.222481172,32.0268
1309863842.27,13.1098423571,2.30530377
1309864142.52,13.0,3.330905
1309866424.42,13.0,2.5
1309867565.37,13.0,5
1309867865.64,13.0,1.5
1309875311.55,13.01,0.03
1309875611.82,13.0,1
1309876572.55,12.9518735622,8.830905
1309876872.83,12.3,1.19
1309876992.94,12.3,6.688905
1309877533.5,12.8,3
1309877653.62,12.81,0.5
1309877713.68,12.81,4
1309880055.67,12.5,0.5
1309880956.38,13.0,0.81
1309882818.01,12.41,1
1309882938.13,12.4,1
1309885100.02,12.4,3.188905
1309885520.4,12.4,2.88346999
1309885700.48,12.4,0.5
1309887742.14,12.0,3.5
1309888282.61,12.39,25
1309888582.85,12.4,25
1309891225.02,12.4,1.1
1309891345.14,12.78,1
1309891465.27,12.5075544751,12.7239708
1309891705.5,12.4,0.3195
1309892065.81,12.4,50
1309892546.22,12.4,1
1309892726.39,12.4,5
1309892786.43,12.4,12.7
1309892966.6,12.4,1.94
1309893026.67,12.4,2
1309893266.91,12.4,0.2628
1309893927.47,12.4,6.94
1309894107.62,12.4,3.4213
1309894948.86,12.4,34.895
1309895129.0,12.5,3.5
1309895189.05,12.4,3.5
1309897110.75,12.6,1.4
1309897170.8,12.6,0.7
1309897290.88,12.99,0.5653
1309898191.6,12.65,2
1309898671.95,12.99,0.5
1309898852.12,13.0,1990.15
1309902455.13,12.88,1.2
1309903355.93,12.2,0.25
1309910381.38,12.4,0.25
1309918488.09,12.96,1
1309918548.1,12.9888888889,4.5
1309926114.37,12.5,4.24
1309927134.86,12.13,0.10650001
1309928155.46,12.99,3.19750243
1309932238.4,12.31,3.5
1309933018.68,12.9833510638,0.752
1309933558.93,12.95,1.9
1309938677.2,12.9,0.1
1309938857.26,12.95,2
1309939457.5,13.0,0.81190462
1309941438.79,12.9,1
1309942819.96,13.0,1.1315
1309944981.54,12.7,3.90004532
1309945521.78,13.0,3.87781506
1309947142.57,12.99,1.71
1309947502.78,12.99,13.81
1309947863.09,12.9,1.12
1309950144.74,12.9,1
1309951765.73,12.9,0.893
1309951945.8,12.81,0.285
1309953506.89,12.81,0.108
1309953566.91,12.8,0.3
1309953626.91,12.8,0.16
1309953807.09,12.8,0.9
1309956869.25,13.9999540268,1089.27404565
1309958250.11,13.75,1.5073588
1309958970.74,13.98,0.79076685
1309959150.83,13.5,1044.57866191
1309959991.45,13.26,0.27
1309960051.51,13.1575283531,4.8231
1309960171.56,12.8329501916,5.22
1309960411.67,13.3919348469,2.23886433
1309961192.24,13.47,0.5
1309961432.42,13.48,2.801076
1309961792.74,13.48,0.002626
1309962032.96,13.47,1
1309962153.01,13.49,0.3
1309965634.8,13.49,1.11
1309973678.92,13.5,3.20005
1309980104.5,13.47,1.07
1309985088.92,13.064950495,2.02
1309985148.98,13.0357826888,8.145
1309986350.16,13.48,1
1309986470.28,13.4979839116,4.9601
1309989112.95,13.01,41.89747624
1309992055.71,12.9,0.75
1310014035.19,12.7,1
1310015116.16,13.0,3.0603097
1310018478.52,13.5,0.25
1310021841.48,12.76,1
1310022321.97,13.79,0.5
1310026345.92,13.79,2.091
1310026586.15,13.8,0.5
1310026706.27,13.87,2.29
1310027607.16,13.99,2.9886
1310027667.22,14.24,3.6024
1310028147.7,14.25,0.6024
1310029949.46,14.31,2.82610853
1310030069.58,14.4709364417,11.32527291
1310030850.33,14.4,1.52
1310031030.51,14.4,0.02
1310033432.89,14.3681887915,5.94107291
1310033733.18,13.99,2.7731664
1310033973.48,14.526614436,3.75735935
1310034574.01,14.98,1
1310034634.07,14.99,27.16868639
1310035895.33,14.7,4.436295
1310036255.69,14.98,1.14
1310039498.89,15.0,19.0535
1310042802.16,14.0,4.75
1310044663.95,14.75,0.249968
1310045444.69,14.9886707253,3.7614497
1310045744.99,15.0,2
1310046645.85,15.1050313028,10.063
1310046886.08,14.8,0.479
1310051390.48,14.948474447,13.11
1310051450.54,14.56,1
1310051570.66,14.5487749068,20.6319
1310052651.72,14.6,35
1310052711.78,14.55,9.78
1310057876.58,15.0,0.874984
1310061780.14,15.0,5
1310063041.12,14.75,0.437492
1310064602.51,14.8,5
1310064722.63,14.8,1
1310065803.48,14.0,6.528
1310067424.91,15.0,0.5
1310068926.1,14.9,1
1310069166.3,14.9,1
1310069766.88,14.875,4
1310073189.6,14.62,2.7
1310075891.7,14.94,0.4
1310079937.48,14.27,0.5
1310079997.52,14.2530365263,9.5
1310080958.35,14.7,0.0922096
1310081678.96,14.3,2
1310087684.77,14.3,1.106
1310087744.83,14.26,1.106
1310089906.97,14.7555703669,8.1176358
1310102399.09,14.33,4.5
1310102459.15,14.32,0.81
1310104140.83,14.94,4.4
1310106543.22,14.33,0.49865
1310107203.88,14.33,1
1310109366.03,14.625,0.4
1310110567.22,14.6,0.12
1310112369.09,14.3190412561,5.987
1310113330.04,14.28,5.006
1310113390.1,14.27,2.006
1310113510.22,14.27,0.072
1310113690.4,14.26,8
1310114110.82,14.26,1.59
1310114531.24,14.26,2.7
1310115492.2,14.26,2
1310116513.52,14.26,10.07
1310119216.34,14.26,5
1310119576.86,14.26,0.16
1310119636.92,14.25,0.16
1310120959.39,14.25,1.99849857
1310121500.01,14.25,2.7
1310121620.2,14.25,0.39
1310122821.41,14.0034117199,7.87149714
1310122941.52,13.3259104161,2.74599714
1310125524.26,14.25,1
1310125704.43,14.25,0.15
1310125764.49,14.25,0.847
1310125944.67,14.25,2.61053465
1310126064.79,14.25,0.00753465
1310130690.19,14.2,2.5659841
1310131831.24,13.6,1.01
1310132251.66,14.4301965588,4.0659841
1310133392.79,13.62,0.1
1310135435.08,14.48,2
1310135555.2,14.48,1.36
1310135675.27,14.48,11.2359841
1310135975.57,14.49,0.5
1310136155.75,14.49,1.5
1310136516.08,14.48,19.5
1310141020.55,14.0,0.96
1310141080.62,13.88,0.96
1310143122.55,14.1,3.8
1310143182.6,13.9,15
1310143242.66,13.9110179641,16.7
1310143542.96,14.0,11.5
1310150929.94,14.37,0.644838
1310151470.54,14.0,17.098
1310152852.0,13.9,25
1310155134.38,14.43,0.644838
1310155194.44,14.4789333333,3.75
1310158077.86,14.0,12.55
1310158678.74,14.0,1
1310158738.8,13.9166666667,1.5
1310158798.86,13.87,5
1310158858.92,13.8116129032,15.5
1310158979.04,13.85,5
1310166547.32,14.0,3
1310175797.17,14.07,0.38
1310175857.44,14.0,0.38
1310201504.48,14.03,1.65
1310208591.95,14.2,0.25
1310212075.38,14.03,0.81
1310212135.44,13.81,1.6
1310214478.03,14.3895029821,10.06
1310215499.09,14.4284610161,10.540734
1310217360.95,14.5,1.11900283
1310221564.68,14.5,8.90900283
1310222405.51,14.45,1.91205272
1310222705.79,14.26,2.9
1310224327.16,14.0,1
1310224627.45,14.5,22.68
1310225107.93,13.5,1661.64568918
1310226128.86,13.5,2.06
1310227029.66,13.22,0.3181
1310233575.46,13.4,0.25
1310233755.61,13.4,0.25
1310233815.67,13.23,3.5
1310233935.79,13.12,4
1310241382.35,14.0,291.18118918
1310245466.06,13.79,0.25
1310245946.48,13.5,54.7134
1310248048.14,13.8460940811,7.079
1310250329.93,13.29,4.5
1310250510.04,13.11,2.372
1310251470.74,13.79,0.25
1310251891.06,13.3,0.75
1310253452.6,13.29,49.75
1310261621.87,13.5,185.42218918
1310270269.46,13.0,0.1
1310275974.63,13.98,0.2
1310277356.04,13.98,4.0752114
1310277476.16,13.99,6.897
1310277536.22,14.0,2.992843
1310278256.93,14.22,0.84647089
1310285284.58,14.2228963462,3.71639732
1310287507.05,14.15,1.5
1310287927.47,14.1873134328,2.68
1310289789.53,14.23,1.2886
1310297838.14,14.21,0.5
1310298018.32,14.25,0.2
1310298078.38,14.48,1.10118
1310298138.44,14.4979338843,4.84
1310298498.83,14.49,5
1310298859.24,14.75,42.64
1310299219.59,14.77,0.0715
1310299339.7,14.8709121998,2.050154
1310299399.76,14.99,14.208547
1310299519.87,15.0786650274,7.4907904
1310300300.58,14.55,3
1310300600.87,14.4911845103,4.39
1310302342.53,15.0913354543,2.30825721
1310302762.94,15.2597014925,0.67
1310302943.12,15.4,1
1310303063.25,15.31,3.122
1310304264.33,15.28,2
1310305165.13,14.5,0.9654653
1310306666.51,14.51,1.09373
1310307627.4,14.5007893319,1.18746
1310311170.64,14.6,0.37
1310311831.29,14.5,1.2531953
1310314653.78,14.5,1
1310314713.84,14.49,1.13
1310314773.9,14.23,1
1310314954.08,14.0566210819,33.052
1310315014.14,14.0620945946,29.6
1310315074.2,14.04,13.04
1310315134.25,14.03,1.131
1310315254.36,14.04,13.04
1310316275.37,14.0497560976,20.5
1310316395.49,14.03,47
1310318257.33,14.7083333333,1.5
1310319458.47,14.68,3
1310320239.21,14.9,0.25
1310320299.27,14.9,1.25
1310320479.45,14.9538217097,11.08504082
1310325042.81,14.98,0.5
1310331346.09,14.8,0.7886
1310337650.67,14.2,0.1
1310338551.51,14.47,0.5
1310338611.53,14.46,0.5
1310344316.6,14.69,0.5
1310348700.45,14.7,5
1310350261.91,14.46,0.29
1310353325.34,14.46,2.2387
1310359393.01,14.41,0.09
1310359573.05,14.41,1.476
1310359693.17,14.4,1
1310361554.55,14.34,2
1310361794.77,14.34,1
1310363655.76,14.34,4.32
1310368700.37,14.8,0.7886
1310370382.05,14.3,1
1310372664.55,14.41,0.5
1310372724.61,14.4,0.5
1310375187.74,14.3604560261,6.754
1310375247.8,14.2018503433,8.593
1310377710.33,14.08,3.17
1310377950.57,14.5,3.32
1310378491.28,14.57,0.5
1310378551.34,14.58,1.221
1310387441.16,14.3289569618,11.1645
1310387501.22,14.3040768821,16.883
1310387982.0,14.3,19.75
1310388582.85,14.2,1.003
1310388763.04,14.15,1
1310389243.49,14.15,0.2
1310391465.86,14.295,2
1310392006.47,14.3,4.9595
1310393027.5,14.0947977154,2.101
1310393087.56,14.08,0.83
1310393928.42,14.0147474747,9.9
1310395309.83,13.95,2.34
1310395490.01,13.95,2.37
1310398073.02,13.26,0.1
1310400535.47,13.95,1
1310404199.38,13.96,6.9515
1310404259.44,13.9440726857,16.4324
1310404319.5,13.85,3.065
1310404499.68,13.6,1.35
1310404559.74,13.52937046,20.65
1310411707.83,13.99,1.99
1310412909.21,14.0,6.6387358
1310413269.57,14.09,1.0625453
1310414050.35,14.09,4.13
1310414110.41,14.1,23.164143
1310414230.53,14.09,0.37
1310414410.71,13.8,5.12
1310414470.77,13.5246322522,8.756
1310422579.4,14.0847136564,9.08
1310424801.86,13.6,4.8
1310424861.92,13.568402313,9.3385
1310424982.04,13.5216180603,10.321
1310427624.61,14.1,4.1128491
1310428165.07,14.1407317273,3.2368491
1310428525.36,13.52,19.99
1310434470.03,14.29,4.91e-05
1310434530.09,14.3,7.4600491
1310439093.39,13.6,1.667
1310439153.45,13.55,1.667
1310447801.31,14.2,2.024
1310447921.41,13.6,0.1
1310455307.44,13.9,1
1310457289.08,14.2,0.12343
1310457469.25,14.25,2.96353
1310457769.56,14.35,3.5378291
1310464014.52,14.25,3
1310471580.75,13.86,0.52
1310471640.81,13.85,0.52
1310474463.73,13.86,0.4
1310474523.79,13.8524822864,3.359
1310474643.91,13.8,3
1310474703.97,13.71,0.2464291
1310479689.14,14.03,4.34131266
1310479929.38,14.03,0.1
1310479989.44,14.03,0.00131266
1310480289.74,14.09,4.4959
1310481070.52,14.1,1
1310485695.36,11.5,0.25
1310486716.38,13.75,19.73
1310486776.44,13.73,19.73
1310491101.48,14.0,0.16
1310492182.59,14.0,0.81
1310492843.25,14.1,1
1310495005.64,14.0,1.05
1310495906.54,14.0,1.42
1310497468.37,14.0,14.075
1310498729.75,14.0,17.645
1310499510.53,13.5,1
1310500651.67,13.98,9.893
1310502033.05,13.93,0.7
1310511883.21,13.8,1
1310512423.79,13.8,3.38
1310513865.37,13.8,1.992
1310517321.59,13.75,2
1310519843.2,13.75,3.00509
1310520083.38,13.75,9.502
1310522365.03,13.76,0.5
1310522485.15,13.75,59.49291
1310522665.27,13.7420437956,27.4
1310522725.33,13.5984733124,20.384
1310522845.45,13.486852559,53.2423
1310522905.51,13.04,0.63
1310525307.59,13.5,11.6413
1310538158.16,14.0,1
1310543983.05,13.99,0.1
1310544703.61,13.99,0.4
1310545664.44,14.0,2.1928866
1310545904.6,14.0,1
1310546084.78,14.0,1.5071134
1310551609.29,14.0,3
1310551729.37,14.0,3.15
1310551849.42,14.0,1
1310551969.53,14.0,2.985875
1310552389.84,14.0,3.12
1310552990.35,14.0,3.39600445
1310553770.92,13.7,1
1310553891.04,13.7,1
1310554251.35,13.6815384615,13
1310554971.94,14.03,1
1310555031.97,14.04,4.8665
1310562778.64,13.71,0.1
1310565120.6,13.71,4.5
1310565240.72,13.7047578109,9.538
1310565360.81,13.6624390244,4.1
1310565420.84,13.66,46.738
1310565540.96,13.66,3.1
1310565601.02,13.65,18.138
1310566261.59,13.99,1.067
1310566682.0,13.98,5
1310567162.45,13.655,19.66
1310576530.87,13.9,2
1310578032.16,13.5,10.45
1310580434.27,13.685,1.091533
1310580974.65,13.68,1.27
1310581395.06,13.68,1
1310582476.04,13.68,3
1310584818.24,13.9,2
1310584878.29,13.9828821941,16.64933
1310591183.83,13.74,0.1
1310591243.88,13.74,0.1
1310592144.7,13.75,23.66
1310592324.87,13.74,13.7435
1310592384.88,13.8289065256,1.701
1310594306.6,13.7247432457,15.3952804
1310598269.88,13.7,2
1310614184.22,13.7,3.36
1310624392.31,13.7165327979,1.494
1310624632.5,13.7,0.2
1310626732.99,13.7,1
1310631656.48,13.7,1.49
1310636879.93,13.7,2
1310638200.21,13.83,9.9
1310640841.29,13.68,1
1310646484.59,13.79,19.5
1310646604.63,13.6908263035,18.4876402
1310653749.87,13.66,1.59
1310655671.14,12.35,2.64
1310660054.77,13.66,5.64
1310661435.67,13.66,2.2
1310664797.69,13.79,1
1310673203.14,13.66,0.1
1310673263.2,13.66,0.3
1310674644.08,13.66,1.679
1310675724.83,13.66,13.65
1310678546.9,13.79,1
1310681548.34,13.66,13.03
1310687012.75,13.66,1
1310692417.8,13.79,0.09
1310706828.23,13.66,10.17
1310716678.86,13.72,1.17
1310717399.76,13.72,0.6
1310718000.87,13.82,0.1
1310719203.12,13.72,3.15
1310721305.21,13.72,0.92
1310721425.33,13.7,0.92
1310724008.52,13.7,10.92
1310728694.34,13.7,3.11
1310730135.83,13.7,1
1310731337.26,13.65,25
1310732778.7,13.7,16.65
1310736923.47,13.7,0.65
1310737524.06,13.7,1.27
1310737584.12,13.7,1
1310737884.42,13.7,0.92
1310737944.48,13.66,0.849
1310747495.73,13.69,1
1310751219.44,13.69,4.7376402
1310755604.23,13.7,8.7485
1310755724.35,13.69,3.4861402
1310755784.41,13.68,3.4861402
1310756264.89,13.68,0.6
1310760769.71,13.81,1.06
1310763713.04,13.69,1.9
1310763893.22,13.68,20
1310770620.45,13.69,10
1310770680.51,13.68,5.8
1310770740.57,13.68,6.8861402
1310777948.32,13.66,0.849
1310778008.38,13.65,3.182
1310778128.5,13.65,0.9
1310778308.68,13.5737441617,20.982
1310781251.76,13.4,0.01
1310803775.56,13.395,3.38756
1310807078.76,13.25,5
1310810321.82,13.58,1.51
1310810502.0,13.6,4.9
1310817408.19,13.4,2
1310817528.3,13.31,2
1310822152.54,13.3,3
1310823834.15,13.5,12
1310826236.43,13.35,5
1310829539.63,13.3271151358,4.638
1310830500.55,13.35,15.678
1310830620.65,13.28,11.356
1310831821.77,13.26,1
1310837106.51,13.26,14.17
1310837346.74,13.26,1
1310838187.42,13.2,1.18
1310839808.9,13.26,6
1310848276.85,13.61,1
1310849898.36,13.61,1
1310855723.99,13.6012363067,15.975
1310889956.85,13.27,1
1310892359.4,13.27,6.308
1310894041.06,13.27,3
1310894161.18,13.27,4.067
1310894281.29,13.27,7.375
1310894641.65,13.26,10
1310894701.71,13.26,0.735
1310896743.73,13.26,31
1310902089.13,13.26,10
1310902269.31,13.26,1
1310903830.94,13.26,19.417
1310903891.0,13.15,3.48
1310907615.0,12.6,6.66
1310914942.53,12.9,0.103
1310915723.35,12.75,0.103
1310915903.53,12.75,1
1310919747.92,12.8,32
1310920168.34,12.98,13
1310920288.46,13.0,30
1310920949.12,13.01,0.769
1310922751.17,13.15,0.25
1310923892.29,13.15,0.85
1310923952.35,13.12,0.6
1310924012.41,13.11,0.6
1310929478.08,13.1,10
1310930799.38,13.11,2.58
1310936866.02,13.35,0.2
1310937586.74,13.11,1.9685495
1310939388.54,13.11,195.3044495
1310939448.6,13.1,1
1310940289.44,13.1,2
1310940710.0,13.1,2.3
1310941550.83,13.1,5.3
1310942571.85,13.0,5.3
1310944434.35,12.85,9.44
1310951942.26,12.95,1.81354
1310974226.44,13.36,0.25
1310974286.5,13.36,0.93
1310977049.25,13.3,1.8672
1310981974.33,13.0,1
1310985938.63,13.11,79.75
1310986238.93,13.1,69.75
1310986359.05,12.8679447853,81.5
1310988040.73,12.95,3.53
1310988941.63,12.5,4.68
1310991404.08,12.9595238095,21
1310991824.5,12.75,2
1310993265.94,12.9,2
1310995428.73,12.9,3
1310995789.09,12.7,5.103
1310998732.07,13.31,0.25
1310998852.19,13.31,0.69
1311000954.55,12.8,5
1311001014.61,12.75,4.7121
1311009601.6,12.65,1
1311010682.57,12.65,3
1311011463.23,12.6,12
1311011823.56,12.535,3.8
1311011943.63,12.53,2.55
1311012183.76,12.8741354649,8.525825
1311013204.42,12.8,1
1311013744.83,12.7222222222,2.25
1311013804.89,12.7,1
1311013864.9,12.7,1
1311014645.26,12.7,1
1311014945.36,12.7,2
1311015065.42,12.68875,8
1311015125.43,12.66,3
1311015245.49,12.64,1
1311016145.92,12.66,3
1311016205.97,12.6433333333,3
1311016506.07,12.1,40
1311018607.46,12.0,10.68
1311021129.76,12.6,1
1311024011.61,12.61,0.5937871
1311024191.76,12.6,0.5
1311024371.9,12.82175,4.0
1311024492.03,12.9965909091,8.8
1311024672.24,13.1,10
1311024732.3,12.9,2.78
1311025272.67,13.0,58.49
1311028094.67,12.78,1
1311028154.68,12.0,39.4
1311028214.69,12.78,0.78
1311028274.7,11.5,32.44
1311028334.76,12.95,1
1311028634.95,12.78,0.78
1311029295.24,13.0,0.2
1311029535.42,13.0,0.256
1311031516.83,11.5,50
1311032237.37,13.1,0.35
1311032297.4,13.11,0.146
1311032417.48,13.3617759905,94.246
1311035599.4,12.3,19.8
1311037520.57,12.924291498,7.41
1311037700.66,13.35,9.1
1311038841.13,13.36,10
1311038961.19,12.6,50
1311039021.2,12.4394673123,16.52
1311039141.22,12.6744387908,33.41
1311039261.27,12.3,3
1311041183.01,13.3,60.72678
1311048914.84,12.42,3.44
1311049695.62,12.42,3.5
1311049755.68,12.42,56.5
1311049875.79,12.42,100
1311050055.91,12.42,100
1311050176.02,12.5086162716,156.1
1311050296.14,12.42,57.49689
1311051677.49,13.1,19.22
1311054320.17,12.43,1.69
1311056542.41,12.0,31.69
1311056602.47,12.6,1
1311058825.01,13.1899881235,126.3
1311059185.37,13.19,3
1311059906.1,13.25,0.315
1311059966.16,12.67,6
1311060206.4,12.67,2.35
1311060326.72,12.67,1
1311061167.6,13.0,2
1311061287.72,13.4,1.46951256
1311061407.84,13.4,0.25
1311061588.02,13.45,0.2
1311062188.62,13.5,3
1311063029.48,13.64,3.4715
1311063810.43,13.25,0.155
1311066933.86,13.63,1.9265596
1311066993.92,12.86,1.9886
1311067834.9,13.21,0.7643057
1311068135.2,13.4629282343,4.96926538
1311069816.89,13.21,1.15
1311072039.11,13.23,1.25
1311075042.15,13.26,1.22
1311075282.39,13.26,17.52
1311078165.33,13.26,1
1311078765.95,13.596663497,5.9943
1311078886.07,13.6,0.2
1311079606.91,13.5976644479,5.9943
1311079847.37,13.0105424322,57.15
1311079907.43,13.0099535316,53.8
1311082009.85,13.2,73.05
1311082190.03,12.91,9.45
1311084772.9,13.2,97.8
1311084893.02,13.02,1
1311085914.33,13.5,0.0222771
1311086154.57,13.3,1
1311086755.17,13.41,2.06
1311088436.91,13.63,0.196
1311088797.29,13.5,24.8672771
1311088917.41,13.0,24.6172771
1311089818.31,13.2566666667,0.9
1311095644.67,13.4998007968,12.55
1311099548.99,13.1982648402,21.9
1311100570.27,13.5,8
1311100750.45,13.57,1.1
1311101531.76,13.59,1.5
1311102372.95,13.17,1.6
1311102553.13,13.11,1.6
1311108379.26,13.18,0.858
1311109099.97,13.3,0.75
1311109580.54,13.1184818942,14.36
1311110061.02,12.9544357264,3.8235
1311110121.08,12.9387878788,3.3
1311111021.97,13.2,2.9265
1311112343.27,13.3,70.35
1311116547.79,13.4973495479,20.3738824
1311117929.6,12.96,29.13463
1311117989.66,12.7012892152,57.39926
1311121773.71,12.78,1
1311122074.37,13.38,1.594
1311132345.58,12.9,0.6594
1311132465.7,12.8,0.659
1311135048.36,13.2530087249,0.40947695
1311141535.15,13.3,1
1311142256.25,13.4073076923,1.56
1311144238.33,12.865,1.4
1311150364.55,13.49,0.3
1311150424.61,13.5,0.69601
1311157031.59,13.12,0.95
1311158833.44,13.0,28
1311159013.62,12.93,19.5
1311161776.51,13.39,1
1311161896.63,13.4,28.388
1311162857.59,13.01,1
1311166040.82,13.27,0.5
1311166221.0,13.27,0.5
1311166881.66,13.0691349481,14.45
1311172047.57,13.3,0.01718859
1311175230.91,13.32,0.5
1311179675.59,13.15,2.65
1311179975.89,13.47,2.55
1311183459.37,13.15,1
1311184240.18,13.18,2.0472637
1311188564.63,13.35,1
1311188985.05,13.25,1
1311189105.17,13.27,1
1311189885.95,13.28,0.3
1311189946.01,13.27,0.3
1311193069.76,13.1,2
1311195532.22,13.45,0.25
1311196253.06,13.45,0.745725
1311196373.18,13.45,1.995725
1311196673.49,13.4,1
1311198235.13,13.4,0.1
1311198535.43,13.4,0.9
1311198595.49,13.2101315789,0.608
1311198655.55,13.1233333333,15
1311198895.79,13.1,15
1311198955.85,13.1,15
1311199075.99,13.09,4.4
1311199136.05,13.0538095238,6.3
1311199316.23,13.05,55.7
1311199376.29,13.0004433498,101.5
1311199436.35,13.02,2.628
1311199556.47,13.1987676694,16.554
1311199616.53,13.222170859,110.758
1311199676.59,13.05,0.1
1311199796.71,13.39,0.4
1311199916.83,13.1,0.2
1311202559.49,13.01,1.2
1311205502.66,1.0,0.57
1311207364.52,13.04,0.98
1311228686.58,13.2,16.23
1311229407.3,12.5,0.2
1311230248.14,12.0,0.1
1311231088.98,13.1,0.1
1311231149.04,12.98,0.1
1311231329.22,12.97,0.1
1311232890.78,13.1735185185,2.43
1311233491.38,13.2852606635,4.22
1311234992.88,13.11,1.715
1311236494.59,13.2875757576,13.2
1311236734.83,13.3856689569,50.8254
1311240098.19,13.1,10
1311240518.61,13.12,3.3
1311241719.86,13.11,0.72
1311242260.4,13.11,1.56
1311243401.83,13.2,10
1311250188.93,13.11,1
1311251209.95,13.11,0.34
1311252771.64,13.12,1
1311253852.78,13.2933908715,3.0261176
1311253912.84,13.3055717245,8.9738824
1311253972.9,13.32,4.95871
1311256375.48,13.1029692971,83.966
1311261180.72,13.19,1.62871
1311262021.77,13.15,1.03
1311264004.13,13.16,2.15
1311265085.21,13.16,4
1311268509.17,13.16,1
1311268689.35,13.16,1
1311269410.07,13.16,0.15
1311270250.91,13.2,1.14
1311271212.37,13.2,29
1311271512.68,13.2,0.93719715
1311271572.74,13.15,0.93719715
1311274756.17,13.3277468279,1.6781062
1311274876.34,13.21,0.6
1311274936.41,13.21,10
1311277819.4,13.21,2
1311278119.7,13.38,2.2
1311284005.68,13.38,1
1311286348.23,13.31,6
1311290011.99,13.31,0.9943
1311295777.81,13.31,5.9043
1311314758.59,13.37,13.015
1311319803.76,13.4,79.6607
1311322746.96,13.21,1
1311330434.79,13.21,3
1311331515.87,13.21,1
1311332657.01,13.21,1
1311333798.15,13.21,7.6
1311334518.87,13.39,0.5
1311339684.03,13.39,0.98
1311343828.16,13.21,1
1311344608.94,13.4,44.9627
1311358183.27,13.2,44
1311358243.33,13.16,4.57440711
1311360646.19,13.2,1.32
1311362568.11,13.22,20
1311363469.01,13.39,14.82
1311364790.33,13.16,2.99
1311365390.97,13.1532666549,41.63280285
1311365511.09,13.1369843202,7.73160426
1311368753.89,13.11,5
1311368994.08,13.35,4
1311369474.25,13.14,1
1311370374.78,13.3,10
1311374277.27,13.16,11.35
1311378060.09,13.33,1
1311378240.25,13.34,0.5
1311382443.34,13.335,1.0
1311383764.02,13.245,1.0
1311383824.08,13.16,24.0
1311383884.14,13.16,1
1311386465.27,13.1542089985,6.89
1311391207.25,13.1457668712,4.564
1311391267.26,13.13,1.932
1311401172.27,13.39,8.72
1311402733.15,13.15,1.19
1311408737.16,13.39,0.5
1311409277.64,13.4,0.4773
1311409637.94,13.2,0.6727
1311416662.84,13.2,4.6727
1311420145.65,13.22,0.57
1311420205.71,13.2,0.57
1311421586.79,13.2,38.7573
1311423508.42,13.17,1.1
1311428972.17,13.17,20
1311434375.85,13.29,25
1311435276.32,13.22,4.65
1311435396.39,13.22,7.5
1311438999.72,13.22,24.084
1311439239.96,13.19,3.96
1311441041.82,13.1800042996,10.54453374
1311442243.23,13.18,16.2102
1311442723.71,13.18,7.9667
1311446087.16,13.19,14.97
1311446387.46,13.18,17.736
1311447408.48,13.16,20
1311447468.54,13.14,3.827
1311455216.46,13.14,6
1311458639.88,13.36,0.5
1311459841.12,13.37,0.2805845
1311463024.48,13.17,4
1311463084.54,13.16,4
1311472077.43,13.37,1.1108845
1311475380.1,13.18,1
1311493274.28,13.39,0.5
1311493334.34,13.4408090186,3.77
1311494415.42,13.19,13.95
1311501683.05,13.19,2.36
1311507569.12,13.23,2
1311536265.42,13.6123295741,2.74661475
1311537647.4,13.7173417722,2.37
1311539149.07,13.64,3.75011515
1311542031.97,13.72,3
1311542092.03,13.74,3.62
1311542932.87,13.72,2
1311547917.31,13.78,1.980164
1311547977.32,13.8,4.040164
1311549718.63,13.64,0.24988485
1311549778.7,13.6,0.24988485
1311551279.89,13.61,62
1311555542.38,13.66,9.58
1311556262.78,13.66,1
1311563947.47,13.79,3
1311567790.67,13.9506556378,1.070164
1311568871.75,13.9986816536,62.2647048
1311571214.09,13.75,4.75
1311574397.51,13.973880597,10.05
1311574577.69,14.0,3
1311574938.05,14.0,3
1311576319.5,13.75,3.87806
1311576379.56,14.0875766667,3.0
1311578541.74,14.1512372974,6.883915
1311582085.6,13.56,19.95
1311583887.4,13.9,12
1311585869.9,13.9,2.03
1311587251.28,14.05,4.9
1311591035.23,13.9,2.6
1311593677.91,13.9,4.29
1311594338.57,14.0753446382,6.44418224
1311595659.89,13.92,0.7
1311595719.95,13.91,0.29
1311598062.6,14.09,0.3
1311599384.22,14.09,1
1311599984.95,14.11,1.601
1311601726.69,14.09,2
1311602747.71,14.07,3
1311602867.83,14.0415517241,1.16
1311604489.66,14.0,1.06
1311605030.3,14.2363281912,0.817036
1311605090.36,14.25,20
1311606592.11,14.03,0.87
1311609715.23,14.06,3
1311610556.07,14.38,2.06
1311612057.63,14.38,0.01
1311613078.94,14.38,1.8645
1311613319.18,14.17,5
1311619686.18,14.19,4.734
1311619806.3,14.18,1.451
1311619866.36,14.18,3.75
1311620406.9,14.18,0.398
1311620827.32,14.05,2.58
1311620887.38,14.04,7.42
1311620947.44,14.0393143982,33.518
1311621067.56,14.02,1.114
1311622208.7,14.01,0.432
1311623770.28,14.3481854985,13.8049014
1311623890.4,14.4,0.00497799
1311624310.88,14.47,1
1311624611.18,14.4,0.255
1311625091.78,14.01,1.79
1311626232.96,14.02,0.5
1311626293.02,14.01,1.45
1311626413.14,14.01,0.048
1311626953.68,14.39,0.5
1311627013.74,14.0,4.49
1311630257.02,14.02,2.86
1311630677.59,14.02,4.5
1311630737.65,14.0014285714,3.5
1311632659.57,14.0,5
1311633980.79,14.05,1.17
1311648155.2,14.05,2
1311648936.08,14.05,3.6532
1311650677.92,14.02,0.0035
1311652960.19,14.08,2.023
1311653020.25,14.1333333333,0.75
1311653080.31,14.15,1.0
1311653140.37,14.15,0.5
1311655602.83,14.16,1.094
1311656563.79,13.95,10.0
1311659386.61,13.95,1
1311659867.09,13.95,5
1311659987.21,13.95,41
1311662389.65,13.9,2.28
1311663470.73,13.8778819119,10.67
1311663530.79,13.6813333333,15
1311663590.85,13.690078814,6.3948
1311664491.84,13.9,9.76615
1311666834.45,13.7514583333,1.92
1311667134.83,13.67,6.38921118
1311668997.09,13.67,2.346
1311670799.42,13.9944620954,10.83442276
1311672121.14,13.8,2
1311672301.38,13.8,1
1311674043.49,14.19,3
1311674103.55,14.2,2.6469
1311676926.81,14.17,0.014
1311677767.82,13.17,3.28
1311690381.04,13.88,1
1311690741.4,13.88,9
1311701225.77,13.90375,0.4
1311701345.89,13.8823664122,26.2
1311701405.95,13.8708921527,47.66
1311702066.61,13.87,1
1311706751.78,13.87,4
1311707172.2,13.87,1
1311710716.07,14.05,1.221
1311714800.15,13.8607295582,8.1145
1311714860.21,13.8381646007,62.8855
1311714980.33,14.0415167301,31.291
1311718582.99,13.74,0.25
1311728490.56,13.77,1.02295058
1311739598.46,13.8,1.8
1311739658.48,13.78,31.15
1311739778.59,13.7758823529,68
1311739838.65,13.7171428571,7
1311740258.93,14.0,0.9943
1311740379.02,14.04,2.32188936
1311740439.02,14.04,0.75
1311740619.11,14.04,0.25
1311745902.52,13.77,0.02295058
1311748664.81,13.72,0.9088
1311752147.07,13.71,1.835
1311754307.94,13.71,2
1311754608.01,13.71,1.1
1311755688.47,13.71,6.62
1311756768.89,13.71,1
1311773997.47,13.72,4.96869018
1311776459.55,13.5,1
1311789608.62,13.72,0.06583304
1311789968.88,13.71,1.61
1311792730.71,13.85,9.35183304
1311793031.0,13.7,1.9
1311793151.12,13.68,1.9
1311795012.5,13.68,0.777
1311795552.87,13.75,0.5
1311796693.75,13.68,1
1311799455.53,13.84,1.17
1311799695.76,13.9,10
1311800656.59,13.976,5.0
1311800776.71,14.0,1.12364276
1311801317.11,13.99,0.35
1311801797.52,14.0,9.19
1311802398.05,14.0494103956,119.2946272
1311804559.55,13.7333333333,1.5
1311804679.66,13.689985229,6.093
1311804739.71,13.68,15.998
1311804919.86,13.68,3.675
1311804979.91,13.66,3.05
1311805039.93,13.65,13.3
1311805099.98,13.65,34.3923
1311805700.49,13.7,2.02
1311806841.42,13.7,1.34
1311807201.67,14.0246753247,6.16
1311807441.79,14.03,0.5
1311831696.45,14.0,3.608936
1311831756.51,14.02,2.37120664
1311831816.53,14.02,0.0704
1311836139.71,13.8,1.03
1311837400.64,13.8,4.08
1311839141.7,13.8,0.84
1311840222.42,13.7333333333,7.8
1311840282.47,13.725,14
1311840342.52,13.7355959618,28.4087
1311840402.58,13.7,21.6087
1311848087.75,13.7,1.984501
1311849348.76,13.7,4.4
1311850549.66,13.7,1
1311852290.95,13.7,6.77115856
1311853011.54,13.7,20
1311856673.94,13.7,1
1311857394.45,13.7,1.44435956
1311858235.0,13.65,1.02
1311859795.99,13.65,4.5123
1311863278.36,13.6142857143,1.4
1311863338.42,13.5265246093,47.868
1311863398.46,13.5000414277,13.05408
1311879550.87,13.54,20
1311884114.28,13.51,17
1311884174.34,13.51,0.633465
1311888678.14,13.5,0.206
1311902488.48,13.4,17
1311913598.66,12.0,0.51
1311917562.05,13.4001769912,56.5
1311917622.12,13.37,3.5
1311923688.83,13.5,0.79
1311927352.77,13.64,0.01
1311929214.63,13.5,0.096
1311936362.45,13.3725,2.0
1311940807.0,13.38,2.25944619
1311942609.04,13.38,2
1311943389.82,13.38,15
1311946633.54,13.38,4.62980537
1311959487.2,13.380100548,9.9455
1311960027.78,13.37,9.8455
1311962790.54,13.39,1
1311968316.06,13.3,0.77293425
1311975403.14,13.38,25
1311982370.61,13.58,0.5
1311990717.08,13.58,0.0785
1311992698.6,13.41,0.65
1312022897.4,13.5,7
1312026739.32,13.39,2.12
1312031721.14,9.7,3.116
1312035383.11,13.39,5
1312039345.68,13.49,1.1
1312063663.67,13.59,1.97
1312074768.94,13.6,0.17877725
1312080891.41,13.3,0.72943425
1312089415.69,13.47,0.10710374
1312093739.15,13.4608697826,1.64289626
1312094219.63,13.4,30
1312094820.23,13.4,5
1312094940.35,13.4,5
1312095540.95,13.4,5
1312095781.19,13.4,0.99
1312098784.45,13.37,1
1312098964.63,13.37,2.13
1312100947.05,13.38,1.52
1312101007.11,13.37,79.70493425
1312101787.96,13.32,1
1312102448.77,13.2,0.77941
1312102929.25,13.3,2.193
1312103049.37,13.2529533373,3.386
1312103710.03,13.24,1.1625
1312103770.09,13.23,1.1625
1312103950.27,13.23,14
1312105571.94,13.23,2.52
1312107433.8,13.23,2.83
1312108034.4,13.22,28.4976
1312109055.49,13.23,1.12
1312111157.6,13.23,0.49
1312111698.28,13.23,10
1312111998.57,13.23,6.65944458
1312175888.24,13.35,2.1795
1312180332.0,13.3397024966,3.4487
1312185736.87,13.24,9
1312185856.99,13.23,3.1855
1312187178.28,13.2250320727,5.83744458
1312187658.69,13.22,52.5106
1312189580.42,13.2,1.98201
1312189640.47,13.0696135268,2.12201
1312192282.99,12.98,49.3426
1312198589.02,12.85,3.87
1312201651.9,12.86,1
1312205375.51,13.02,3
1312205796.0,13.39,19.84
1312220089.83,13.09,0.95
1312224534.32,13.09,5.97
1312224894.68,13.09,0.1574624
1312224954.74,13.36,7.45969443
1312225014.8,13.1,0.1
1312232702.71,13.08,5
1312232762.78,13.05,5
1312258167.77,13.1,0.2913
1312261831.06,13.04,3.44
1312262431.5,13.04,3.31271229
1312262491.56,13.04,1.62
1312265374.22,13.04,1.42
1312265734.57,13.0,1
1312266215.05,13.03,88.49
1312266275.11,13.02,88
1312266695.47,13.02,0.5
1312267175.93,13.03,12.46388145
1312267296.05,13.030162972,28.46388145
1312454382.42,10.0,63
1312455163.21,10.59,3
1312455283.33,10.6,3.7518
1312458226.26,10.7,7.78484334
1312458406.44,10.8,2.7
1312460508.54,10.55,1.17
1312463331.36,10.84,2
1312464712.74,10.9,45
1312471199.22,10.66,9.787
1312472160.18,10.63,1.574
1312473841.87,10.57,6.668
1312586732.29,9.99,0.15
1312587152.72,10.0,45
1312611414.16,9.5,1
1312952329.56,10.16,3
1313217043.94,9.41,2
1313223649.62,9.78882378769,20.498
1313226892.57,9.41,1.99
1313227252.83,9.41,4.11
1313229534.93,9.41,2.02
1313229594.99,9.41,9.43
1313229655.04,9.391,10
1313229775.16,9.38,0.5
1313229835.19,9.37,3.852
1313235660.56,9.86625887962,8.36466
1313333544.96,10.01,2.19
1313335286.7,10.25,1
1313335647.16,10.4991114288,20.25724
1313336247.65,10.5,7.13362
1313336547.94,10.31,0.100176
1313337088.46,10.55,5
1313340271.49,10.75,11
1313343935.14,10.7695238095,2.1
1313345616.8,10.1021052632,1.9
1313347478.62,10.22,1
1313347959.09,10.22,0.242579
1313348259.39,10.22,1.917
1313349340.47,10.5,2.38
1313351442.54,10.5,1.72
1313351802.9,10.55,0.5
1313354685.74,10.5,3
1313354865.92,10.5,2.7
1313354925.98,10.66,0.1
1313354986.04,10.85,0.1
1313359550.58,10.52,4.19886
1313361832.86,10.82,1.81293
1313363274.3,10.65,2.11
1313363334.36,10.9987865233,54.087308
1313366697.63,11.05,6.149881
1313373604.46,10.68,1.597973
1313373844.7,10.2692553707,70.787973
1313380030.91,11.19,0.695997
1314065752.26,10.75,1
1314066112.6,10.8,1
1314066292.76,10.9641235461,15.84320796
1314074761.29,10.7,2.2812
1314076382.91,10.65,2.2812
1314088215.1,10.65,2
1314089296.38,10.65,8.04000093
1314090017.19,10.65,5.1
1314093500.78,10.65,0.832
1314094642.25,10.61,1.29
1314098666.56,10.0,1
1314100348.25,10.98,1
1314101129.11,10.61,2.349
1314103771.75,10.9,2.86
1314104372.35,10.62,2
1314106835.32,10.62,2.86
1314107616.1,10.62,1
1314110859.57,10.89,0.92643448
1314114583.45,10.92,1
1314116085.02,10.93,1
1314116385.32,10.94,0.788
1314121310.25,10.93,1
1314121430.4,10.94,3
1314125394.66,10.7,1.09
1314126715.98,10.9,0.72391
1314127256.52,10.9,2.11
1314127376.64,10.9,0.11
1314127797.06,10.94,1
1314127857.12,10.9,25.81056621
1314128037.33,10.89,7.4322087
1314130740.18,7.79,0.22848524
1314130980.46,7.79,0.9
1314135305.56,10.71,0.262
1317021598.69,5.22,28.28
1317021958.93,5.21,27.38
1317024901.39,5.2,1.12
1317027063.16,5.2,1.12
1317030605.4,5.2,4.12
1317041892.93,5.11,5.4015
1317043514.01,5.11,34.8915
1317043574.01,5.1,32.89
1317044895.0,5.02,19.34
1317044955.04,5.0,0.7
1317045795.62,5.0,12.03
1317048258.08,4.98138528139,9.24
1317049219.06,5.0,5.3
1317049819.66,5.0,15
1317050240.08,5.0,8.99
1317050720.56,5.0,15.3
1317052162.05,5.1,0.5
1317052342.23,5.1,1
1317053243.16,5.1,10.5
1317055165.09,4.9,5
1317057627.55,4.9,19.73
1317058288.21,4.9,0.27
1317061651.57,4.95,0.7
1317061891.81,4.95,19.3
1317063873.79,4.93,0.7
1317064294.21,4.93,4.74
1317064654.57,4.93456521739,9.2
1317070240.15,4.85,1.4995
1317091441.33,4.8,1.4995
1317102792.71,4.9,1
1317104354.29,5.05,2.58024
1317106336.28,5.05,1.78024
1317109939.88,4.95,1.78024
1317111741.68,4.95,5
1317126216.18,4.8,0.6395
1317142071.99,4.79364078099,5.6595
1317147957.86,4.0,9
1317152702.6,4.78,6.275
1317157747.63,4.78,1.269
1317186396.26,4.78,0.4725
1317203153.02,5.07,15.35
1317220690.61,4.78,6.81
1317230120.03,4.78,1.02
1317230180.09,4.99,1
1317230300.21,5.0,16.35
1317230420.33,5.09961977209,9.84357
1317230540.45,5.2,1
1317230780.69,5.21,8
1317231861.77,5.21,8.26
1317233723.62,5.21,5.15
1317234504.4,5.21,2.89
1317236426.31,4.78,2.8
1317257987.82,5.18,0.146
